run_id,scenario_seed,strategy,defender_count,attacker_count,attacker_bucket,kills,breaches,success,completion_time_s,kill_ratio
0,383329927,optimized,4,11,11-15,2,1,0,28.00,0.1818
0,383329927,nearest,4,11,11-15,2,1,0,28.00,0.1818
0,383329927,earliest_deadline,4,11,11-15,0,1,0,28.00,0.0000
0,383329927,optimized_global,4,11,11-15,3,1,0,28.00,0.2727
0,383329927,nearest_global,4,11,11-15,3,1,0,28.00,0.2727
0,383329927,earliest_deadline_global,4,11,11-15,0,1,0,28.00,0.0000
1,3324115916,optimized,4,20,16-20,3,1,0,29.00,0.1500
1,3324115916,nearest,4,20,16-20,3,1,0,29.00,0.1500
1,3324115916,earliest_deadline,4,20,16-20,0,1,0,29.00,0.0000
1,3324115916,optimized_global,4,20,16-20,4,1,0,29.00,0.2000
1,3324115916,nearest_global,4,20,16-20,4,1,0,29.00,0.2000
1,3324115916,earliest_deadline_global,4,20,16-20,0,1,0,29.00,0.0000
2,2811363264,optimized,3,13,11-15,1,1,0,25.25,0.0769
2,2811363264,nearest,3,13,11-15,1,1,0,25.25,0.0769
2,2811363264,earliest_deadline,3,13,11-15,0,1,0,25.25,0.0000
2,2811363264,optimized_global,3,13,11-15,0,1,0,25.25,0.0000
2,2811363264,nearest_global,3,13,11-15,0,1,0,25.25,0.0000
2,2811363264,earliest_deadline_global,3,13,11-15,0,1,0,25.25,0.0000
3,1884968544,optimized,2,11,11-15,1,1,0,27.50,0.0909
3,1884968544,nearest,2,11,11-15,1,1,0,27.50,0.0909
3,1884968544,earliest_deadline,2,11,11-15,0,1,0,27.50,0.0000
3,1884968544,optimized_global,2,11,11-15,1,1,0,27.50,0.0909
3,1884968544,nearest_global,2,11,11-15,1,1,0,27.50,0.0909
3,1884968544,earliest_deadline_global,2,11,11-15,0,1,0,27.50,0.0000
4,1859786275,optimized,5,8,5-10,1,1,0,29.75,0.1250
4,1859786275,nearest,5,8,5-10,1,1,0,29.75,0.1250
4,1859786275,earliest_deadline,5,8,5-10,0,1,0,29.75,0.0000
4,1859786275,optimized_global,5,8,5-10,4,1,0,29.75,0.5000
4,1859786275,nearest_global,5,8,5-10,2,1,0,29.75,0.2500
4,1859786275,earliest_deadline_global,5,8,5-10,1,1,0,29.75,0.1250
5,3687649985,optimized,5,19,16-20,4,1,0,29.25,0.2105
5,3687649985,nearest,5,19,16-20,3,1,0,29.25,0.1579
5,3687649985,earliest_deadline,5,19,16-20,0,1,0,29.25,0.0000
5,3687649985,optimized_global,5,19,16-20,5,1,0,29.25,0.2632
5,3687649985,nearest_global,5,19,16-20,4,1,0,29.25,0.2105
5,3687649985,earliest_deadline_global,5,19,16-20,1,1,0,29.25,0.0526
6,369133708,optimized,5,8,5-10,0,1,0,31.75,0.0000
6,369133708,nearest,5,8,5-10,0,1,0,31.75,0.0000
6,369133708,earliest_deadline,5,8,5-10,0,1,0,31.75,0.0000
6,369133708,optimized_global,5,8,5-10,3,1,0,31.75,0.3750
6,369133708,nearest_global,5,8,5-10,2,1,0,31.75,0.2500
6,369133708,earliest_deadline_global,5,8,5-10,1,1,0,31.75,0.1250
7,2995172877,optimized,2,5,5-10,1,1,0,27.50,0.2000
7,2995172877,nearest,2,5,5-10,1,1,0,27.50,0.2000
7,2995172877,earliest_deadline,2,5,5-10,0,1,0,27.50,0.0000
7,2995172877,optimized_global,2,5,5-10,1,1,0,27.50,0.2000
7,2995172877,nearest_global,2,5,5-10,1,1,0,27.50,0.2000
7,2995172877,earliest_deadline_global,2,5,5-10,0,1,0,27.50,0.0000
8,865305066,optimized,3,7,5-10,0,1,0,25.75,0.0000
8,865305066,nearest,3,7,5-10,0,1,0,25.75,0.0000
8,865305066,earliest_deadline,3,7,5-10,0,1,0,25.75,0.0000
8,865305066,optimized_global,3,7,5-10,0,1,0,25.75,0.0000
8,865305066,nearest_global,3,7,5-10,0,1,0,25.75,0.0000
8,865305066,earliest_deadline_global,3,7,5-10,0,1,0,25.75,0.0000
9,404488628,optimized,5,14,11-15,5,1,0,33.50,0.3571
9,404488628,nearest,5,14,11-15,5,1,0,33.50,0.3571
9,404488628,earliest_deadline,5,14,11-15,2,1,0,33.50,0.1429
9,404488628,optimized_global,5,14,11-15,7,1,0,33.50,0.5000
9,404488628,nearest_global,5,14,11-15,5,1,0,33.50,0.3571
9,404488628,earliest_deadline_global,5,14,11-15,3,1,0,33.50,0.2143
10,2261209995,optimized,2,16,16-20,1,1,0,25.50,0.0625
10,2261209995,nearest,2,16,16-20,0,1,0,25.50,0.0000
10,2261209995,earliest_deadline,2,16,16-20,0,1,0,25.50,0.0000
10,2261209995,optimized_global,2,16,16-20,2,1,0,25.50,0.1250
10,2261209995,nearest_global,2,16,16-20,0,1,0,25.50,0.0000
10,2261209995,earliest_deadline_global,2,16,16-20,0,1,0,25.50,0.0000
11,4190266092,optimized,2,18,16-20,3,1,0,37.00,0.1667
11,4190266092,nearest,2,18,16-20,4,1,0,37.00,0.2222
11,4190266092,earliest_deadline,2,18,16-20,1,1,0,37.00,0.0556
11,4190266092,optimized_global,2,18,16-20,4,1,0,37.00,0.2222
11,4190266092,nearest_global,2,18,16-20,3,1,0,37.00,0.1667
11,4190266092,earliest_deadline_global,2,18,16-20,1,1,0,37.00,0.0556
12,3160032368,optimized,4,10,5-10,0,1,0,28.50,0.0000
12,3160032368,nearest,4,10,5-10,0,1,0,28.50,0.0000
12,3160032368,earliest_deadline,4,10,5-10,0,1,0,28.50,0.0000
12,3160032368,optimized_global,4,10,5-10,2,1,0,28.50,0.2000
12,3160032368,nearest_global,4,10,5-10,2,1,0,28.50,0.2000
12,3160032368,earliest_deadline_global,4,10,5-10,1,1,0,28.50,0.1000
13,3269070126,optimized,2,17,16-20,0,1,0,24.00,0.0000
13,3269070126,nearest,2,17,16-20,0,1,0,24.00,0.0000
13,3269070126,earliest_deadline,2,17,16-20,0,1,0,24.00,0.0000
13,3269070126,optimized_global,2,17,16-20,0,1,0,24.00,0.0000
13,3269070126,nearest_global,2,17,16-20,0,1,0,24.00,0.0000
13,3269070126,earliest_deadline_global,2,17,16-20,0,1,0,24.00,0.0000
14,3081541439,optimized,2,17,16-20,1,1,0,24.50,0.0588
14,3081541439,nearest,2,17,16-20,1,1,0,24.50,0.0588
14,3081541439,earliest_deadline,2,17,16-20,0,1,0,24.50,0.0000
14,3081541439,optimized_global,2,17,16-20,1,1,0,24.50,0.0588
14,3081541439,nearest_global,2,17,16-20,0,1,0,24.50,0.0000
14,3081541439,earliest_deadline_global,2,17,16-20,0,1,0,24.50,0.0000
15,3376120482,optimized,5,14,11-15,1,1,0,24.50,0.0714
15,3376120482,nearest,5,14,11-15,1,1,0,24.50,0.0714
15,3376120482,earliest_deadline,5,14,11-15,0,1,0,24.50,0.0000
15,3376120482,optimized_global,5,14,11-15,1,1,0,24.50,0.0714
15,3376120482,nearest_global,5,14,11-15,1,1,0,24.50,0.0714
15,3376120482,earliest_deadline_global,5,14,11-15,0,1,0,24.50,0.0000
16,2204291346,optimized,2,20,16-20,1,1,0,26.25,0.0500
16,2204291346,nearest,2,20,16-20,1,1,0,26.25,0.0500
16,2204291346,earliest_deadline,2,20,16-20,0,1,0,26.25,0.0000
16,2204291346,optimized_global,2,20,16-20,1,1,0,26.25,0.0500
16,2204291346,nearest_global,2,20,16-20,1,1,0,26.25,0.0500
16,2204291346,earliest_deadline_global,2,20,16-20,0,1,0,26.25,0.0000
17,550243861,optimized,2,11,11-15,1,1,0,28.75,0.0909
17,550243861,nearest,2,11,11-15,1,1,0,28.75,0.0909
17,550243861,earliest_deadline,2,11,11-15,0,1,0,28.75,0.0000
17,550243861,optimized_global,2,11,11-15,2,1,0,28.75,0.1818
17,550243861,nearest_global,2,11,11-15,1,1,0,28.75,0.0909
17,550243861,earliest_deadline_global,2,11,11-15,0,1,0,28.75,0.0000
18,3606691181,optimized,3,8,5-10,1,1,0,27.25,0.1250
18,3606691181,nearest,3,8,5-10,1,1,0,27.25,0.1250
18,3606691181,earliest_deadline,3,8,5-10,0,1,0,27.25,0.0000
18,3606691181,optimized_global,3,8,5-10,1,1,0,27.25,0.1250
18,3606691181,nearest_global,3,8,5-10,2,1,0,27.25,0.2500
18,3606691181,earliest_deadline_global,3,8,5-10,0,1,0,27.25,0.0000
19,1934392872,optimized,4,9,5-10,0,1,0,30.50,0.0000
19,1934392872,nearest,4,9,5-10,0,1,0,30.50,0.0000
19,1934392872,earliest_deadline,4,9,5-10,0,1,0,30.50,0.0000
19,1934392872,optimized_global,4,9,5-10,0,1,0,30.50,0.0000
19,1934392872,nearest_global,4,9,5-10,1,1,0,30.50,0.1111
19,1934392872,earliest_deadline_global,4,9,5-10,0,1,0,30.50,0.0000
20,2148995112,optimized,4,20,16-20,1,1,0,26.25,0.0500
20,2148995112,nearest,4,20,16-20,1,1,0,26.25,0.0500
20,2148995112,earliest_deadline,4,20,16-20,0,1,0,26.25,0.0000
20,2148995112,optimized_global,4,20,16-20,1,1,0,26.25,0.0500
20,2148995112,nearest_global,4,20,16-20,1,1,0,26.25,0.0500
20,2148995112,earliest_deadline_global,4,20,16-20,0,1,0,26.25,0.0000
21,1592565386,optimized,4,14,11-15,2,1,0,25.50,0.1429
21,1592565386,nearest,4,14,11-15,2,1,0,25.50,0.1429
21,1592565386,earliest_deadline,4,14,11-15,0,1,0,25.50,0.0000
21,1592565386,optimized_global,4,14,11-15,1,1,0,25.50,0.0714
21,1592565386,nearest_global,4,14,11-15,1,1,0,25.50,0.0714
21,1592565386,earliest_deadline_global,4,14,11-15,0,1,0,25.50,0.0000
22,784044718,optimized,2,13,11-15,2,1,0,27.25,0.1538
22,784044718,nearest,2,13,11-15,2,1,0,27.25,0.1538
22,784044718,earliest_deadline,2,13,11-15,0,1,0,27.25,0.0000
22,784044718,optimized_global,2,13,11-15,2,1,0,27.25,0.1538
22,784044718,nearest_global,2,13,11-15,2,1,0,27.25,0.1538
22,784044718,earliest_deadline_global,2,13,11-15,0,1,0,27.25,0.0000
23,3980425317,optimized,4,14,11-15,0,1,0,24.75,0.0000
23,3980425317,nearest,4,14,11-15,0,1,0,24.75,0.0000
23,3980425317,earliest_deadline,4,14,11-15,0,1,0,24.75,0.0000
23,3980425317,optimized_global,4,14,11-15,1,1,0,24.75,0.0714
23,3980425317,nearest_global,4,14,11-15,2,1,0,24.75,0.1429
23,3980425317,earliest_deadline_global,4,14,11-15,0,1,0,24.75,0.0000
24,3356806661,optimized,3,9,5-10,2,1,0,30.75,0.2222
24,3356806661,nearest,3,9,5-10,2,1,0,30.75,0.2222
24,3356806661,earliest_deadline,3,9,5-10,0,1,0,30.75,0.0000
24,3356806661,optimized_global,3,9,5-10,3,1,0,30.75,0.3333
24,3356806661,nearest_global,3,9,5-10,2,1,0,30.75,0.2222
24,3356806661,earliest_deadline_global,3,9,5-10,0,1,0,30.75,0.0000
25,2765379632,optimized,2,17,16-20,2,1,0,33.00,0.1176
25,2765379632,nearest,2,17,16-20,2,1,0,33.00,0.1176
25,2765379632,earliest_deadline,2,17,16-20,0,1,0,33.00,0.0000
25,2765379632,optimized_global,2,17,16-20,2,1,0,33.00,0.1176
25,2765379632,nearest_global,2,17,16-20,2,1,0,33.00,0.1176
25,2765379632,earliest_deadline_global,2,17,16-20,0,1,0,33.00,0.0000
26,1728356533,optimized,2,6,5-10,1,1,0,32.25,0.1667
26,1728356533,nearest,2,6,5-10,1,1,0,32.25,0.1667
26,1728356533,earliest_deadline,2,6,5-10,1,1,0,32.25,0.1667
26,1728356533,optimized_global,2,6,5-10,3,1,0,49.50,0.5000
26,1728356533,nearest_global,2,6,5-10,4,1,0,49.50,0.6667
26,1728356533,earliest_deadline_global,2,6,5-10,1,1,0,32.25,0.1667
27,3533734220,optimized,4,15,11-15,2,1,0,28.75,0.1333
27,3533734220,nearest,4,15,11-15,2,1,0,28.75,0.1333
27,3533734220,earliest_deadline,4,15,11-15,0,1,0,28.75,0.0000
27,3533734220,optimized_global,4,15,11-15,2,1,0,28.75,0.1333
27,3533734220,nearest_global,4,15,11-15,3,1,0,28.75,0.2000
27,3533734220,earliest_deadline_global,4,15,11-15,0,1,0,28.75,0.0000
28,2342600226,optimized,4,13,11-15,2,1,0,30.00,0.1538
28,2342600226,nearest,4,13,11-15,2,1,0,30.00,0.1538
28,2342600226,earliest_deadline,4,13,11-15,1,1,0,30.00,0.0769
28,2342600226,optimized_global,4,13,11-15,3,1,0,30.00,0.2308
28,2342600226,nearest_global,4,13,11-15,4,1,0,30.00,0.3077
28,2342600226,earliest_deadline_global,4,13,11-15,1,1,0,30.00,0.0769
29,1904449481,optimized,2,9,5-10,2,1,0,39.75,0.2222
29,1904449481,nearest,2,9,5-10,2,1,0,39.75,0.2222
29,1904449481,earliest_deadline,2,9,5-10,2,1,0,39.75,0.2222
29,1904449481,optimized_global,2,9,5-10,2,1,0,39.75,0.2222
29,1904449481,nearest_global,2,9,5-10,2,1,0,39.75,0.2222
29,1904449481,earliest_deadline_global,2,9,5-10,2,1,0,39.75,0.2222
30,1934709049,optimized,5,19,16-20,1,1,0,28.50,0.0526
30,1934709049,nearest,5,19,16-20,1,1,0,28.50,0.0526
30,1934709049,earliest_deadline,5,19,16-20,0,1,0,28.50,0.0000
30,1934709049,optimized_global,5,19,16-20,3,1,0,28.50,0.1579
30,1934709049,nearest_global,5,19,16-20,4,1,0,28.50,0.2105
30,1934709049,earliest_deadline_global,5,19,16-20,0,1,0,28.50,0.0000
31,975982877,optimized,3,13,11-15,1,1,0,24.25,0.0769
31,975982877,nearest,3,13,11-15,1,1,0,24.25,0.0769
31,975982877,earliest_deadline,3,13,11-15,0,1,0,24.25,0.0000
31,975982877,optimized_global,3,13,11-15,0,1,0,24.25,0.0000
31,975982877,nearest_global,3,13,11-15,0,1,0,24.25,0.0000
31,975982877,earliest_deadline_global,3,13,11-15,0,1,0,24.25,0.0000
32,395720737,optimized,3,15,11-15,1,1,0,23.75,0.0667
32,395720737,nearest,3,15,11-15,1,1,0,23.75,0.0667
32,395720737,earliest_deadline,3,15,11-15,0,1,0,23.75,0.0000
32,395720737,optimized_global,3,15,11-15,1,1,0,23.75,0.0667
32,395720737,nearest_global,3,15,11-15,1,1,0,23.75,0.0667
32,395720737,earliest_deadline_global,3,15,11-15,0,1,0,23.75,0.0000
33,2381923522,optimized,5,8,5-10,0,1,0,26.75,0.0000
33,2381923522,nearest,5,8,5-10,0,1,0,26.75,0.0000
33,2381923522,earliest_deadline,5,8,5-10,0,1,0,26.75,0.0000
33,2381923522,optimized_global,5,8,5-10,1,1,0,26.75,0.1250
33,2381923522,nearest_global,5,8,5-10,1,1,0,26.75,0.1250
33,2381923522,earliest_deadline_global,5,8,5-10,0,1,0,26.75,0.0000
34,3813457838,optimized,4,15,11-15,1,1,0,28.50,0.0667
34,3813457838,nearest,4,15,11-15,1,1,0,28.50,0.0667
34,3813457838,earliest_deadline,4,15,11-15,0,1,0,28.50,0.0000
34,3813457838,optimized_global,4,15,11-15,3,1,0,28.50,0.2000
34,3813457838,nearest_global,4,15,11-15,3,1,0,28.50,0.2000
34,3813457838,earliest_deadline_global,4,15,11-15,0,1,0,28.50,0.0000
35,274093026,optimized,5,13,11-15,1,1,0,27.00,0.0769
35,274093026,nearest,5,13,11-15,1,1,0,27.00,0.0769
35,274093026,earliest_deadline,5,13,11-15,0,1,0,27.00,0.0000
35,274093026,optimized_global,5,13,11-15,1,1,0,27.00,0.0769
35,274093026,nearest_global,5,13,11-15,0,1,0,27.00,0.0000
35,274093026,earliest_deadline_global,5,13,11-15,0,1,0,27.00,0.0000
36,3686333037,optimized,5,19,16-20,1,1,0,24.50,0.0526
36,3686333037,nearest,5,19,16-20,1,1,0,24.50,0.0526
36,3686333037,earliest_deadline,5,19,16-20,0,1,0,24.50,0.0000
36,3686333037,optimized_global,5,19,16-20,2,1,0,24.50,0.1053
36,3686333037,nearest_global,5,19,16-20,1,1,0,24.50,0.0526
36,3686333037,earliest_deadline_global,5,19,16-20,0,1,0,24.50,0.0000
37,3554648815,optimized,5,18,16-20,0,1,0,23.75,0.0000
37,3554648815,nearest,5,18,16-20,0,1,0,23.75,0.0000
37,3554648815,earliest_deadline,5,18,16-20,0,1,0,23.75,0.0000
37,3554648815,optimized_global,5,18,16-20,1,1,0,23.75,0.0556
37,3554648815,nearest_global,5,18,16-20,0,1,0,23.75,0.0000
37,3554648815,earliest_deadline_global,5,18,16-20,0,1,0,23.75,0.0000
38,1188673835,optimized,5,19,16-20,1,1,0,25.00,0.0526
38,1188673835,nearest,5,19,16-20,1,1,0,25.00,0.0526
38,1188673835,earliest_deadline,5,19,16-20,0,1,0,25.00,0.0000
38,1188673835,optimized_global,5,19,16-20,3,1,0,25.00,0.1579
38,1188673835,nearest_global,5,19,16-20,1,1,0,25.00,0.0526
38,1188673835,earliest_deadline_global,5,19,16-20,0,1,0,25.00,0.0000
39,2712977935,optimized,2,15,11-15,0,1,0,23.50,0.0000
39,2712977935,nearest,2,15,11-15,0,1,0,23.50,0.0000
39,2712977935,earliest_deadline,2,15,11-15,0,1,0,23.50,0.0000
39,2712977935,optimized_global,2,15,11-15,0,1,0,23.50,0.0000
39,2712977935,nearest_global,2,15,11-15,0,1,0,23.50,0.0000
39,2712977935,earliest_deadline_global,2,15,11-15,0,1,0,23.50,0.0000
40,709653492,optimized,5,14,11-15,0,1,0,25.75,0.0000
40,709653492,nearest,5,14,11-15,0,1,0,25.75,0.0000
40,709653492,earliest_deadline,5,14,11-15,0,1,0,25.75,0.0000
40,709653492,optimized_global,5,14,11-15,1,1,0,25.75,0.0714
40,709653492,nearest_global,5,14,11-15,2,1,0,25.75,0.1429
40,709653492,earliest_deadline_global,5,14,11-15,0,1,0,25.75,0.0000
41,3255962050,optimized,5,8,5-10,0,1,0,25.25,0.0000
41,3255962050,nearest,5,8,5-10,0,1,0,25.25,0.0000
41,3255962050,earliest_deadline,5,8,5-10,0,1,0,25.25,0.0000
41,3255962050,optimized_global,5,8,5-10,0,1,0,25.25,0.0000
41,3255962050,nearest_global,5,8,5-10,0,1,0,25.25,0.0000
41,3255962050,earliest_deadline_global,5,8,5-10,0,1,0,25.25,0.0000
42,3008723230,optimized,3,12,11-15,0,1,0,23.50,0.0000
42,3008723230,nearest,3,12,11-15,0,1,0,23.50,0.0000
42,3008723230,earliest_deadline,3,12,11-15,0,1,0,23.50,0.0000
42,3008723230,optimized_global,3,12,11-15,1,1,0,23.50,0.0833
42,3008723230,nearest_global,3,12,11-15,0,1,0,23.50,0.0000
42,3008723230,earliest_deadline_global,3,12,11-15,0,1,0,23.50,0.0000
43,1522677437,optimized,5,16,16-20,0,1,0,25.00,0.0000
43,1522677437,nearest,5,16,16-20,0,1,0,25.00,0.0000
43,1522677437,earliest_deadline,5,16,16-20,0,1,0,25.00,0.0000
43,1522677437,optimized_global,5,16,16-20,1,1,0,25.00,0.0625
43,1522677437,nearest_global,5,16,16-20,1,1,0,25.00,0.0625
43,1522677437,earliest_deadline_global,5,16,16-20,0,1,0,25.00,0.0000
44,291714184,optimized,3,8,5-10,2,1,0,31.25,0.2500
44,291714184,nearest,3,8,5-10,2,1,0,31.25,0.2500
44,291714184,earliest_deadline,3,8,5-10,2,1,0,32.50,0.2500
44,291714184,optimized_global,3,8,5-10,2,1,0,31.25,0.2500
44,291714184,nearest_global,3,8,5-10,1,1,0,31.25,0.1250
44,291714184,earliest_deadline_global,3,8,5-10,3,1,0,40.50,0.3750
45,4169116268,optimized,5,13,11-15,4,1,0,31.00,0.3077
45,4169116268,nearest,5,13,11-15,4,1,0,31.00,0.3077
45,4169116268,earliest_deadline,5,13,11-15,1,1,0,31.00,0.0769
45,4169116268,optimized_global,5,13,11-15,5,1,0,31.00,0.3846
45,4169116268,nearest_global,5,13,11-15,5,1,0,31.00,0.3846
45,4169116268,earliest_deadline_global,5,13,11-15,0,1,0,31.00,0.0000
46,1914213179,optimized,4,7,5-10,1,1,0,30.25,0.1429
46,1914213179,nearest,4,7,5-10,1,1,0,30.25,0.1429
46,1914213179,earliest_deadline,4,7,5-10,0,1,0,30.25,0.0000
46,1914213179,optimized_global,4,7,5-10,2,1,0,30.25,0.2857
46,1914213179,nearest_global,4,7,5-10,3,1,0,30.25,0.4286
46,1914213179,earliest_deadline_global,4,7,5-10,0,1,0,30.25,0.0000
47,3835926006,optimized,5,14,11-15,4,1,0,29.00,0.2857
47,3835926006,nearest,5,14,11-15,4,1,0,29.00,0.2857
47,3835926006,earliest_deadline,5,14,11-15,0,1,0,29.00,0.0000
47,3835926006,optimized_global,5,14,11-15,4,1,0,29.00,0.2857
47,3835926006,nearest_global,5,14,11-15,3,1,0,29.00,0.2143
47,3835926006,earliest_deadline_global,5,14,11-15,0,1,0,29.00,0.0000
48,2911639983,optimized,2,7,5-10,1,1,0,27.00,0.1429
48,2911639983,nearest,2,7,5-10,1,1,0,27.00,0.1429
48,2911639983,earliest_deadline,2,7,5-10,0,1,0,27.00,0.0000
48,2911639983,optimized_global,2,7,5-10,1,1,0,27.00,0.1429
48,2911639983,nearest_global,2,7,5-10,1,1,0,27.00,0.1429
48,2911639983,earliest_deadline_global,2,7,5-10,0,1,0,27.00,0.0000
49,3343131662,optimized,4,15,11-15,2,1,0,31.25,0.1333
49,3343131662,nearest,4,15,11-15,2,1,0,31.25,0.1333
49,3343131662,earliest_deadline,4,15,11-15,1,1,0,31.25,0.0667
49,3343131662,optimized_global,4,15,11-15,4,1,0,31.25,0.2667
49,3343131662,nearest_global,4,15,11-15,3,1,0,31.25,0.2000
49,3343131662,earliest_deadline_global,4,15,11-15,0,1,0,31.25,0.0000
50,3263743247,optimized,3,10,5-10,5,1,0,38.25,0.5000
50,3263743247,nearest,3,10,5-10,5,1,0,38.25,0.5000
50,3263743247,earliest_deadline,3,10,5-10,4,1,0,41.75,0.4000
50,3263743247,optimized_global,3,10,5-10,2,1,0,31.00,0.2000
50,3263743247,nearest_global,3,10,5-10,2,1,0,31.00,0.2000
50,3263743247,earliest_deadline_global,3,10,5-10,2,1,0,38.25,0.2000
51,835966883,optimized,2,15,11-15,0,1,0,24.75,0.0000
51,835966883,nearest,2,15,11-15,0,1,0,24.75,0.0000
51,835966883,earliest_deadline,2,15,11-15,0,1,0,24.75,0.0000
51,835966883,optimized_global,2,15,11-15,0,1,0,24.75,0.0000
51,835966883,nearest_global,2,15,11-15,1,1,0,24.75,0.0667
51,835966883,earliest_deadline_global,2,15,11-15,0,1,0,24.75,0.0000
52,1562964502,optimized,5,18,16-20,4,1,0,31.25,0.2222
52,1562964502,nearest,5,18,16-20,4,1,0,31.25,0.2222
52,1562964502,earliest_deadline,5,18,16-20,1,1,0,31.25,0.0556
52,1562964502,optimized_global,5,18,16-20,5,1,0,31.25,0.2778
52,1562964502,nearest_global,5,18,16-20,5,1,0,31.25,0.2778
52,1562964502,earliest_deadline_global,5,18,16-20,2,1,0,31.25,0.1111
53,2004551446,optimized,5,19,16-20,3,1,0,29.50,0.1579
53,2004551446,nearest,5,19,16-20,3,1,0,29.50,0.1579
53,2004551446,earliest_deadline,5,19,16-20,1,1,0,29.50,0.0526
53,2004551446,optimized_global,5,19,16-20,4,1,0,29.50,0.2105
53,2004551446,nearest_global,5,19,16-20,5,1,0,29.50,0.2632
53,2004551446,earliest_deadline_global,5,19,16-20,2,1,0,29.50,0.1053
54,2137998392,optimized,4,10,5-10,1,1,0,27.50,0.1000
54,2137998392,nearest,4,10,5-10,1,1,0,27.50,0.1000
54,2137998392,earliest_deadline,4,10,5-10,0,1,0,27.50,0.0000
54,2137998392,optimized_global,4,10,5-10,1,1,0,27.50,0.1000
54,2137998392,nearest_global,4,10,5-10,1,1,0,27.50,0.1000
54,2137998392,earliest_deadline_global,4,10,5-10,0,1,0,27.50,0.0000
55,188135740,optimized,4,12,11-15,0,1,0,25.50,0.0000
55,188135740,nearest,4,12,11-15,0,1,0,25.50,0.0000
55,188135740,earliest_deadline,4,12,11-15,0,1,0,25.50,0.0000
55,188135740,optimized_global,4,12,11-15,1,1,0,25.50,0.0833
55,188135740,nearest_global,4,12,11-15,0,1,0,25.50,0.0000
55,188135740,earliest_deadline_global,4,12,11-15,0,1,0,25.50,0.0000
56,2347498143,optimized,3,6,5-10,0,1,0,34.50,0.0000
56,2347498143,nearest,3,6,5-10,0,1,0,34.50,0.0000
56,2347498143,earliest_deadline,3,6,5-10,1,1,0,34.50,0.1667
56,2347498143,optimized_global,3,6,5-10,4,1,0,40.75,0.6667
56,2347498143,nearest_global,3,6,5-10,3,1,0,34.50,0.5000
56,2347498143,earliest_deadline_global,3,6,5-10,1,1,0,34.50,0.1667
57,662668321,optimized,2,13,11-15,1,2,0,30.25,0.0769
57,662668321,nearest,2,13,11-15,1,2,0,30.25,0.0769
57,662668321,earliest_deadline,2,13,11-15,1,2,0,30.25,0.0769
57,662668321,optimized_global,2,13,11-15,2,2,0,30.25,0.1538
57,662668321,nearest_global,2,13,11-15,1,2,0,30.25,0.0769
57,662668321,earliest_deadline_global,2,13,11-15,1,1,0,30.25,0.0769
58,3192775210,optimized,4,7,5-10,0,1,0,23.50,0.0000
58,3192775210,nearest,4,7,5-10,0,1,0,23.50,0.0000
58,3192775210,earliest_deadline,4,7,5-10,0,1,0,23.50,0.0000
58,3192775210,optimized_global,4,7,5-10,1,1,0,23.50,0.1429
58,3192775210,nearest_global,4,7,5-10,0,1,0,23.50,0.0000
58,3192775210,earliest_deadline_global,4,7,5-10,0,1,0,23.50,0.0000
59,2933672914,optimized,2,9,5-10,2,1,0,29.00,0.2222
59,2933672914,nearest,2,9,5-10,2,1,0,29.00,0.2222
59,2933672914,earliest_deadline,2,9,5-10,1,1,0,29.00,0.1111
59,2933672914,optimized_global,2,9,5-10,2,1,0,29.00,0.2222
59,2933672914,nearest_global,2,9,5-10,2,1,0,29.00,0.2222
59,2933672914,earliest_deadline_global,2,9,5-10,0,1,0,29.00,0.0000
60,3962226899,optimized,5,18,16-20,4,1,0,31.50,0.2222
60,3962226899,nearest,5,18,16-20,4,1,0,31.50,0.2222
60,3962226899,earliest_deadline,5,18,16-20,2,1,0,31.75,0.1111
60,3962226899,optimized_global,5,18,16-20,4,1,0,31.50,0.2222
60,3962226899,nearest_global,5,18,16-20,3,1,0,31.50,0.1667
60,3962226899,earliest_deadline_global,5,18,16-20,1,1,0,31.75,0.0556
61,3198729101,optimized,5,5,5-10,3,1,0,40.75,0.6000
61,3198729101,nearest,5,5,5-10,3,1,0,40.75,0.6000
61,3198729101,earliest_deadline,5,5,5-10,4,1,0,45.75,0.8000
61,3198729101,optimized_global,5,5,5-10,5,0,1,42.25,1.0000
61,3198729101,nearest_global,5,5,5-10,2,1,0,40.75,0.4000
61,3198729101,earliest_deadline_global,5,5,5-10,3,1,0,45.00,0.6000
62,1574718218,optimized,2,14,11-15,3,1,0,39.00,0.2143
62,1574718218,nearest,2,14,11-15,4,1,0,39.00,0.2857
62,1574718218,earliest_deadline,2,14,11-15,2,1,0,39.00,0.1429
62,1574718218,optimized_global,2,14,11-15,3,1,0,39.00,0.2143
62,1574718218,nearest_global,2,14,11-15,3,1,0,38.00,0.2143
62,1574718218,earliest_deadline_global,2,14,11-15,1,1,0,39.00,0.0714
63,4155422658,optimized,5,12,11-15,3,1,0,30.00,0.2500
63,4155422658,nearest,5,12,11-15,3,1,0,30.00,0.2500
63,4155422658,earliest_deadline,5,12,11-15,1,1,0,30.00,0.0833
63,4155422658,optimized_global,5,12,11-15,3,1,0,30.00,0.2500
63,4155422658,nearest_global,5,12,11-15,4,1,0,30.00,0.3333
63,4155422658,earliest_deadline_global,5,12,11-15,1,1,0,30.00,0.0833
64,1764588833,optimized,3,6,5-10,3,1,0,34.75,0.5000
64,1764588833,nearest,3,6,5-10,3,1,0,34.75,0.5000
64,1764588833,earliest_deadline,3,6,5-10,3,1,0,39.00,0.5000
64,1764588833,optimized_global,3,6,5-10,3,1,0,34.75,0.5000
64,1764588833,nearest_global,3,6,5-10,3,1,0,34.75,0.5000
64,1764588833,earliest_deadline_global,3,6,5-10,2,1,0,35.50,0.3333
65,1399409256,optimized,2,12,11-15,1,1,0,26.50,0.0833
65,1399409256,nearest,2,12,11-15,1,1,0,26.50,0.0833
65,1399409256,earliest_deadline,2,12,11-15,0,1,0,26.50,0.0000
65,1399409256,optimized_global,2,12,11-15,2,1,0,26.50,0.1667
65,1399409256,nearest_global,2,12,11-15,1,1,0,26.50,0.0833
65,1399409256,earliest_deadline_global,2,12,11-15,0,1,0,26.50,0.0000
66,3889246497,optimized,2,17,16-20,1,1,0,28.50,0.0588
66,3889246497,nearest,2,17,16-20,1,1,0,28.50,0.0588
66,3889246497,earliest_deadline,2,17,16-20,0,1,0,28.50,0.0000
66,3889246497,optimized_global,2,17,16-20,2,1,0,28.50,0.1176
66,3889246497,nearest_global,2,17,16-20,2,1,0,28.50,0.1176
66,3889246497,earliest_deadline_global,2,17,16-20,0,1,0,28.50,0.0000
67,1591112320,optimized,4,16,16-20,2,1,0,28.25,0.1250
67,1591112320,nearest,4,16,16-20,1,1,0,28.25,0.0625
67,1591112320,earliest_deadline,4,16,16-20,0,1,0,28.25,0.0000
67,1591112320,optimized_global,4,16,16-20,3,1,0,28.25,0.1875
67,1591112320,nearest_global,4,16,16-20,2,1,0,28.25,0.1250
67,1591112320,earliest_deadline_global,4,16,16-20,0,1,0,28.25,0.0000
68,327891486,optimized,3,17,16-20,2,1,0,31.50,0.1176
68,327891486,nearest,3,17,16-20,2,1,0,31.50,0.1176
68,327891486,earliest_deadline,3,17,16-20,0,1,0,31.50,0.0000
68,327891486,optimized_global,3,17,16-20,3,1,0,31.50,0.1765
68,327891486,nearest_global,3,17,16-20,4,1,0,31.50,0.2353
68,327891486,earliest_deadline_global,3,17,16-20,1,1,0,31.50,0.0588
69,2016726852,optimized,4,17,16-20,3,1,0,28.00,0.1765
69,2016726852,nearest,4,17,16-20,3,1,0,28.00,0.1765
69,2016726852,earliest_deadline,4,17,16-20,0,1,0,28.00,0.0000
69,2016726852,optimized_global,4,17,16-20,3,1,0,28.00,0.1765
69,2016726852,nearest_global,4,17,16-20,4,1,0,28.00,0.2353
69,2016726852,earliest_deadline_global,4,17,16-20,0,1,0,28.00,0.0000
70,3417419471,optimized,4,12,11-15,2,1,0,30.75,0.1667
70,3417419471,nearest,4,12,11-15,2,1,0,30.75,0.1667
70,3417419471,earliest_deadline,4,12,11-15,0,1,0,30.75,0.0000
70,3417419471,optimized_global,4,12,11-15,2,1,0,30.75,0.1667
70,3417419471,nearest_global,4,12,11-15,2,1,0,30.75,0.1667
70,3417419471,earliest_deadline_global,4,12,11-15,0,1,0,30.75,0.0000
71,813773289,optimized,2,6,5-10,1,1,0,27.00,0.1667
71,813773289,nearest,2,6,5-10,1,1,0,27.00,0.1667
71,813773289,earliest_deadline,2,6,5-10,0,1,0,27.00,0.0000
71,813773289,optimized_global,2,6,5-10,1,1,0,27.00,0.1667
71,813773289,nearest_global,2,6,5-10,1,1,0,27.00,0.1667
71,813773289,earliest_deadline_global,2,6,5-10,0,1,0,27.00,0.0000
72,1988314613,optimized,2,8,5-10,0,1,0,24.50,0.0000
72,1988314613,nearest,2,8,5-10,0,1,0,24.50,0.0000
72,1988314613,earliest_deadline,2,8,5-10,0,1,0,24.50,0.0000
72,1988314613,optimized_global,2,8,5-10,0,1,0,24.50,0.0000
72,1988314613,nearest_global,2,8,5-10,0,1,0,24.50,0.0000
72,1988314613,earliest_deadline_global,2,8,5-10,0,1,0,24.50,0.0000
73,558008615,optimized,4,12,11-15,0,1,0,27.25,0.0000
73,558008615,nearest,4,12,11-15,0,1,0,27.25,0.0000
73,558008615,earliest_deadline,4,12,11-15,0,1,0,27.25,0.0000
73,558008615,optimized_global,4,12,11-15,2,1,0,27.25,0.1667
73,558008615,nearest_global,4,12,11-15,2,1,0,27.25,0.1667
73,558008615,earliest_deadline_global,4,12,11-15,0,1,0,27.25,0.0000
74,2948401464,optimized,2,5,5-10,1,1,0,34.50,0.2000
74,2948401464,nearest,2,5,5-10,1,1,0,34.50,0.2000
74,2948401464,earliest_deadline,2,5,5-10,1,1,0,34.50,0.2000
74,2948401464,optimized_global,2,5,5-10,1,1,0,34.50,0.2000
74,2948401464,nearest_global,2,5,5-10,1,1,0,34.50,0.2000
74,2948401464,earliest_deadline_global,2,5,5-10,1,1,0,34.50,0.2000
75,2043137099,optimized,3,8,5-10,1,1,0,27.75,0.1250
75,2043137099,nearest,3,8,5-10,1,1,0,27.75,0.1250
75,2043137099,earliest_deadline,3,8,5-10,0,1,0,27.75,0.0000
75,2043137099,optimized_global,3,8,5-10,2,1,0,27.75,0.2500
75,2043137099,nearest_global,3,8,5-10,1,1,0,27.75,0.1250
75,2043137099,earliest_deadline_global,3,8,5-10,0,1,0,27.75,0.0000
76,1418182452,optimized,4,8,5-10,4,1,0,36.25,0.5000
76,1418182452,nearest,4,8,5-10,4,1,0,36.25,0.5000
76,1418182452,earliest_deadline,4,8,5-10,4,1,0,37.75,0.5000
76,1418182452,optimized_global,4,8,5-10,4,1,0,36.25,0.5000
76,1418182452,nearest_global,4,8,5-10,4,1,0,36.25,0.5000
76,1418182452,earliest_deadline_global,4,8,5-10,2,1,0,37.75,0.2500
77,974568232,optimized,2,8,5-10,3,1,0,44.00,0.3750
77,974568232,nearest,2,8,5-10,3,1,0,44.00,0.3750
77,974568232,earliest_deadline,2,8,5-10,3,1,0,44.00,0.3750
77,974568232,optimized_global,2,8,5-10,2,1,0,32.75,0.2500
77,974568232,nearest_global,2,8,5-10,2,1,0,32.75,0.2500
77,974568232,earliest_deadline_global,2,8,5-10,3,1,0,44.00,0.3750
78,2424508582,optimized,3,19,16-20,1,2,0,25.50,0.0526
78,2424508582,nearest,3,19,16-20,1,2,0,25.50,0.0526
78,2424508582,earliest_deadline,3,19,16-20,0,2,0,25.50,0.0000
78,2424508582,optimized_global,3,19,16-20,2,2,0,25.50,0.1053
78,2424508582,nearest_global,3,19,16-20,2,2,0,25.50,0.1053
78,2424508582,earliest_deadline_global,3,19,16-20,0,2,0,25.50,0.0000
79,2876829200,optimized,5,9,5-10,1,1,0,26.75,0.1111
79,2876829200,nearest,5,9,5-10,1,1,0,26.75,0.1111
79,2876829200,earliest_deadline,5,9,5-10,0,1,0,26.75,0.0000
79,2876829200,optimized_global,5,9,5-10,1,1,0,26.75,0.1111
79,2876829200,nearest_global,5,9,5-10,1,1,0,26.75,0.1111
79,2876829200,earliest_deadline_global,5,9,5-10,0,1,0,26.75,0.0000
80,4038583929,optimized,4,16,16-20,3,1,0,27.75,0.1875
80,4038583929,nearest,4,16,16-20,3,1,0,27.75,0.1875
80,4038583929,earliest_deadline,4,16,16-20,1,1,0,27.75,0.0625
80,4038583929,optimized_global,4,16,16-20,3,1,0,27.75,0.1875
80,4038583929,nearest_global,4,16,16-20,3,1,0,27.75,0.1875
80,4038583929,earliest_deadline_global,4,16,16-20,0,1,0,27.75,0.0000
81,1877553193,optimized,4,9,5-10,1,1,0,30.00,0.1111
81,1877553193,nearest,4,9,5-10,1,1,0,30.00,0.1111
81,1877553193,earliest_deadline,4,9,5-10,0,1,0,30.00,0.0000
81,1877553193,optimized_global,4,9,5-10,1,1,0,30.00,0.1111
81,1877553193,nearest_global,4,9,5-10,1,1,0,30.00,0.1111
81,1877553193,earliest_deadline_global,4,9,5-10,0,1,0,30.00,0.0000
82,690150400,optimized,5,7,5-10,0,1,0,26.50,0.0000
82,690150400,nearest,5,7,5-10,0,1,0,26.50,0.0000
82,690150400,earliest_deadline,5,7,5-10,0,1,0,26.50,0.0000
82,690150400,optimized_global,5,7,5-10,0,1,0,26.50,0.0000
82,690150400,nearest_global,5,7,5-10,1,1,0,26.50,0.1429
82,690150400,earliest_deadline_global,5,7,5-10,0,1,0,26.50,0.0000
83,3576325619,optimized,4,16,16-20,1,1,0,25.25,0.0625
83,3576325619,nearest,4,16,16-20,1,1,0,25.25,0.0625
83,3576325619,earliest_deadline,4,16,16-20,0,1,0,25.25,0.0000
83,3576325619,optimized_global,4,16,16-20,2,1,0,25.25,0.1250
83,3576325619,nearest_global,4,16,16-20,1,1,0,25.25,0.0625
83,3576325619,earliest_deadline_global,4,16,16-20,0,1,0,25.25,0.0000
84,2704817078,optimized,2,6,5-10,2,1,0,35.25,0.3333
84,2704817078,nearest,2,6,5-10,2,1,0,35.25,0.3333
84,2704817078,earliest_deadline,2,6,5-10,2,1,0,39.00,0.3333
84,2704817078,optimized_global,2,6,5-10,3,1,0,35.25,0.5000
84,2704817078,nearest_global,2,6,5-10,3,1,0,35.25,0.5000
84,2704817078,earliest_deadline_global,2,6,5-10,2,1,0,42.25,0.3333
85,3007615710,optimized,4,20,16-20,3,1,0,31.50,0.1500
85,3007615710,nearest,4,20,16-20,3,1,0,31.50,0.1500
85,3007615710,earliest_deadline,4,20,16-20,5,1,0,37.00,0.2500
85,3007615710,optimized_global,4,20,16-20,5,1,0,31.50,0.2500
85,3007615710,nearest_global,4,20,16-20,3,1,0,31.50,0.1500
85,3007615710,earliest_deadline_global,4,20,16-20,4,1,0,37.00,0.2000
86,417585214,optimized,5,14,11-15,2,1,0,29.00,0.1429
86,417585214,nearest,5,14,11-15,2,1,0,29.00,0.1429
86,417585214,earliest_deadline,5,14,11-15,1,1,0,29.00,0.0714
86,417585214,optimized_global,5,14,11-15,2,1,0,29.00,0.1429
86,417585214,nearest_global,5,14,11-15,1,1,0,29.00,0.0714
86,417585214,earliest_deadline_global,5,14,11-15,1,1,0,29.00,0.0714
87,1341604508,optimized,4,10,5-10,1,1,0,29.75,0.1000
87,1341604508,nearest,4,10,5-10,1,1,0,29.75,0.1000
87,1341604508,earliest_deadline,4,10,5-10,1,1,0,29.75,0.1000
87,1341604508,optimized_global,4,10,5-10,4,1,0,29.75,0.4000
87,1341604508,nearest_global,4,10,5-10,3,1,0,29.75,0.3000
87,1341604508,earliest_deadline_global,4,10,5-10,1,1,0,29.75,0.1000
88,3297864500,optimized,2,11,11-15,0,1,0,27.50,0.0000
88,3297864500,nearest,2,11,11-15,0,1,0,27.50,0.0000
88,3297864500,earliest_deadline,2,11,11-15,0,1,0,27.50,0.0000
88,3297864500,optimized_global,2,11,11-15,0,1,0,27.50,0.0000
88,3297864500,nearest_global,2,11,11-15,0,1,0,27.50,0.0000
88,3297864500,earliest_deadline_global,2,11,11-15,0,1,0,27.50,0.0000
89,3574528627,optimized,3,18,16-20,0,1,0,25.25,0.0000
89,3574528627,nearest,3,18,16-20,0,1,0,25.25,0.0000
89,3574528627,earliest_deadline,3,18,16-20,0,1,0,25.25,0.0000
89,3574528627,optimized_global,3,18,16-20,0,1,0,25.25,0.0000
89,3574528627,nearest_global,3,18,16-20,0,1,0,25.25,0.0000
89,3574528627,earliest_deadline_global,3,18,16-20,0,1,0,25.25,0.0000
90,1869241353,optimized,3,14,11-15,4,1,0,36.25,0.2857
90,1869241353,nearest,3,14,11-15,4,1,0,36.25,0.2857
90,1869241353,earliest_deadline,3,14,11-15,4,1,0,36.75,0.2857
90,1869241353,optimized_global,3,14,11-15,3,1,0,36.25,0.2143
90,1869241353,nearest_global,3,14,11-15,5,1,0,36.25,0.3571
90,1869241353,earliest_deadline_global,3,14,11-15,4,1,0,39.75,0.2857
91,3456436595,optimized,2,9,5-10,1,1,0,29.25,0.1111
91,3456436595,nearest,2,9,5-10,1,1,0,29.25,0.1111
91,3456436595,earliest_deadline,2,9,5-10,0,1,0,29.25,0.0000
91,3456436595,optimized_global,2,9,5-10,1,1,0,29.25,0.1111
91,3456436595,nearest_global,2,9,5-10,0,1,0,29.25,0.0000
91,3456436595,earliest_deadline_global,2,9,5-10,0,1,0,29.25,0.0000
92,3615039049,optimized,4,19,16-20,1,1,0,28.50,0.0526
92,3615039049,nearest,4,19,16-20,0,1,0,28.50,0.0000
92,3615039049,earliest_deadline,4,19,16-20,1,1,0,28.50,0.0526
92,3615039049,optimized_global,4,19,16-20,3,1,0,28.50,0.1579
92,3615039049,nearest_global,4,19,16-20,2,1,0,28.50,0.1053
92,3615039049,earliest_deadline_global,4,19,16-20,1,1,0,28.50,0.0526
93,1664206964,optimized,3,8,5-10,0,1,0,26.00,0.0000
93,1664206964,nearest,3,8,5-10,0,1,0,26.00,0.0000
93,1664206964,earliest_deadline,3,8,5-10,0,1,0,26.00,0.0000
93,1664206964,optimized_global,3,8,5-10,0,1,0,26.00,0.0000
93,1664206964,nearest_global,3,8,5-10,0,1,0,26.00,0.0000
93,1664206964,earliest_deadline_global,3,8,5-10,0,1,0,26.00,0.0000
94,3857256981,optimized,4,17,16-20,0,1,0,25.25,0.0000
94,3857256981,nearest,4,17,16-20,0,1,0,25.25,0.0000
94,3857256981,earliest_deadline,4,17,16-20,0,1,0,25.25,0.0000
94,3857256981,optimized_global,4,17,16-20,1,1,0,25.25,0.0588
94,3857256981,nearest_global,4,17,16-20,1,1,0,25.25,0.0588
94,3857256981,earliest_deadline_global,4,17,16-20,0,1,0,25.25,0.0000
95,1238359775,optimized,4,12,11-15,1,1,0,26.75,0.0833
95,1238359775,nearest,4,12,11-15,1,1,0,26.75,0.0833
95,1238359775,earliest_deadline,4,12,11-15,0,1,0,26.75,0.0000
95,1238359775,optimized_global,4,12,11-15,1,1,0,26.75,0.0833
95,1238359775,nearest_global,4,12,11-15,1,1,0,26.75,0.0833
95,1238359775,earliest_deadline_global,4,12,11-15,0,1,0,26.75,0.0000
96,1028892848,optimized,5,7,5-10,1,1,0,30.75,0.1429
96,1028892848,nearest,5,7,5-10,1,1,0,30.75,0.1429
96,1028892848,earliest_deadline,5,7,5-10,1,1,0,30.75,0.1429
96,1028892848,optimized_global,5,7,5-10,1,1,0,30.75,0.1429
96,1028892848,nearest_global,5,7,5-10,2,1,0,30.75,0.2857
96,1028892848,earliest_deadline_global,5,7,5-10,1,1,0,30.75,0.1429
97,2931295868,optimized,5,14,11-15,1,1,0,28.50,0.0714
97,2931295868,nearest,5,14,11-15,1,1,0,28.50,0.0714
97,2931295868,earliest_deadline,5,14,11-15,0,1,0,28.50,0.0000
97,2931295868,optimized_global,5,14,11-15,2,1,0,28.50,0.1429
97,2931295868,nearest_global,5,14,11-15,1,1,0,28.50,0.0714
97,2931295868,earliest_deadline_global,5,14,11-15,0,1,0,28.50,0.0000
98,2734871216,optimized,5,15,11-15,2,1,0,27.50,0.1333
98,2734871216,nearest,5,15,11-15,2,1,0,27.50,0.1333
98,2734871216,earliest_deadline,5,15,11-15,0,1,0,27.50,0.0000
98,2734871216,optimized_global,5,15,11-15,3,1,0,27.50,0.2000
98,2734871216,nearest_global,5,15,11-15,4,1,0,27.50,0.2667
98,2734871216,earliest_deadline_global,5,15,11-15,0,1,0,27.50,0.0000
99,600232345,optimized,2,7,5-10,3,1,0,38.75,0.4286
99,600232345,nearest,2,7,5-10,3,1,0,38.75,0.4286
99,600232345,earliest_deadline,2,7,5-10,1,1,0,38.75,0.1429
99,600232345,optimized_global,2,7,5-10,3,1,0,38.75,0.4286
99,600232345,nearest_global,2,7,5-10,3,1,0,38.75,0.4286
99,600232345,earliest_deadline_global,2,7,5-10,3,1,0,41.75,0.4286
100,3576577092,optimized,3,6,5-10,3,1,0,27.50,0.5000
100,3576577092,nearest,3,6,5-10,3,1,0,27.50,0.5000
100,3576577092,earliest_deadline,3,6,5-10,1,1,0,27.50,0.1667
100,3576577092,optimized_global,3,6,5-10,2,1,0,27.50,0.3333
100,3576577092,nearest_global,3,6,5-10,3,1,0,27.50,0.5000
100,3576577092,earliest_deadline_global,3,6,5-10,0,1,0,27.50,0.0000
101,858599190,optimized,4,11,11-15,2,1,0,34.75,0.1818
101,858599190,nearest,4,11,11-15,2,1,0,34.75,0.1818
101,858599190,earliest_deadline,4,11,11-15,3,2,0,39.50,0.2727
101,858599190,optimized_global,4,11,11-15,7,1,0,40.75,0.6364
101,858599190,nearest_global,4,11,11-15,5,1,0,39.50,0.4545
101,858599190,earliest_deadline_global,4,11,11-15,4,2,0,39.50,0.3636
102,3457015366,optimized,3,18,16-20,0,1,0,25.00,0.0000
102,3457015366,nearest,3,18,16-20,0,1,0,25.00,0.0000
102,3457015366,earliest_deadline,3,18,16-20,0,1,0,25.00,0.0000
102,3457015366,optimized_global,3,18,16-20,0,1,0,25.00,0.0000
102,3457015366,nearest_global,3,18,16-20,0,1,0,25.00,0.0000
102,3457015366,earliest_deadline_global,3,18,16-20,0,1,0,25.00,0.0000
103,31620706,optimized,2,8,5-10,0,1,0,26.50,0.0000
103,31620706,nearest,2,8,5-10,0,1,0,26.50,0.0000
103,31620706,earliest_deadline,2,8,5-10,0,1,0,26.50,0.0000
103,31620706,optimized_global,2,8,5-10,0,1,0,26.50,0.0000
103,31620706,nearest_global,2,8,5-10,1,1,0,26.50,0.1250
103,31620706,earliest_deadline_global,2,8,5-10,0,1,0,26.50,0.0000
104,3422412848,optimized,5,10,5-10,2,1,0,30.50,0.2000
104,3422412848,nearest,5,10,5-10,1,1,0,30.50,0.1000
104,3422412848,earliest_deadline,5,10,5-10,1,1,0,30.50,0.1000
104,3422412848,optimized_global,5,10,5-10,4,1,0,30.50,0.4000
104,3422412848,nearest_global,5,10,5-10,3,1,0,30.50,0.3000
104,3422412848,earliest_deadline_global,5,10,5-10,1,1,0,30.50,0.1000
105,3379814464,optimized,3,17,16-20,3,1,0,28.25,0.1765
105,3379814464,nearest,3,17,16-20,3,1,0,28.25,0.1765
105,3379814464,earliest_deadline,3,17,16-20,0,1,0,28.25,0.0000
105,3379814464,optimized_global,3,17,16-20,1,1,0,28.25,0.0588
105,3379814464,nearest_global,3,17,16-20,1,1,0,28.25,0.0588
105,3379814464,earliest_deadline_global,3,17,16-20,0,1,0,28.25,0.0000
106,3351639226,optimized,4,19,16-20,3,1,0,28.00,0.1579
106,3351639226,nearest,4,19,16-20,3,1,0,28.00,0.1579
106,3351639226,earliest_deadline,4,19,16-20,1,1,0,28.00,0.0526
106,3351639226,optimized_global,4,19,16-20,2,1,0,28.00,0.1053
106,3351639226,nearest_global,4,19,16-20,3,1,0,28.00,0.1579
106,3351639226,earliest_deadline_global,4,19,16-20,0,1,0,28.00,0.0000
107,2855512684,optimized,3,6,5-10,5,1,0,49.50,0.8333
107,2855512684,nearest,3,6,5-10,5,1,0,49.50,0.8333
107,2855512684,earliest_deadline,3,6,5-10,6,0,1,53.50,1.0000
107,2855512684,optimized_global,3,6,5-10,6,0,1,46.25,1.0000
107,2855512684,nearest_global,3,6,5-10,5,1,0,56.00,0.8333
107,2855512684,earliest_deadline_global,3,6,5-10,5,1,0,56.25,0.8333
108,2025365462,optimized,4,13,11-15,3,1,0,29.50,0.2308
108,2025365462,nearest,4,13,11-15,3,1,0,29.50,0.2308
108,2025365462,earliest_deadline,4,13,11-15,0,1,0,29.50,0.0000
108,2025365462,optimized_global,4,13,11-15,4,1,0,29.50,0.3077
108,2025365462,nearest_global,4,13,11-15,4,1,0,29.50,0.3077
108,2025365462,earliest_deadline_global,4,13,11-15,0,1,0,29.50,0.0000
109,3028662238,optimized,3,19,16-20,4,2,0,34.50,0.2105
109,3028662238,nearest,3,19,16-20,4,2,0,34.50,0.2105
109,3028662238,earliest_deadline,3,19,16-20,2,1,0,34.50,0.1053
109,3028662238,optimized_global,3,19,16-20,5,1,0,34.50,0.2632
109,3028662238,nearest_global,3,19,16-20,5,2,0,34.50,0.2632
109,3028662238,earliest_deadline_global,3,19,16-20,3,1,0,36.50,0.1579
110,1190228316,optimized,5,14,11-15,3,1,0,27.75,0.2143
110,1190228316,nearest,5,14,11-15,3,1,0,27.75,0.2143
110,1190228316,earliest_deadline,5,14,11-15,0,1,0,27.75,0.0000
110,1190228316,optimized_global,5,14,11-15,3,1,0,27.75,0.2143
110,1190228316,nearest_global,5,14,11-15,4,1,0,27.75,0.2857
110,1190228316,earliest_deadline_global,5,14,11-15,0,1,0,27.75,0.0000
111,3353205654,optimized,5,13,11-15,0,1,0,25.75,0.0000
111,3353205654,nearest,5,13,11-15,0,1,0,25.75,0.0000
111,3353205654,earliest_deadline,5,13,11-15,0,1,0,25.75,0.0000
111,3353205654,optimized_global,5,13,11-15,2,1,0,25.75,0.1538
111,3353205654,nearest_global,5,13,11-15,2,1,0,25.75,0.1538
111,3353205654,earliest_deadline_global,5,13,11-15,0,1,0,25.75,0.0000
112,2386485524,optimized,3,11,11-15,3,1,0,34.25,0.2727
112,2386485524,nearest,3,11,11-15,3,1,0,34.25,0.2727
112,2386485524,earliest_deadline,3,11,11-15,1,1,0,35.25,0.0909
112,2386485524,optimized_global,3,11,11-15,3,1,0,34.25,0.2727
112,2386485524,nearest_global,3,11,11-15,3,1,0,34.25,0.2727
112,2386485524,earliest_deadline_global,3,11,11-15,2,1,0,35.25,0.1818
113,1971028246,optimized,3,12,11-15,1,1,0,26.75,0.0833
113,1971028246,nearest,3,12,11-15,1,1,0,26.75,0.0833
113,1971028246,earliest_deadline,3,12,11-15,0,1,0,26.75,0.0000
113,1971028246,optimized_global,3,12,11-15,3,1,0,26.75,0.2500
113,1971028246,nearest_global,3,12,11-15,3,1,0,26.75,0.2500
113,1971028246,earliest_deadline_global,3,12,11-15,0,1,0,26.75,0.0000
114,2171562312,optimized,4,5,5-10,1,1,0,29.00,0.2000
114,2171562312,nearest,4,5,5-10,1,1,0,29.00,0.2000
114,2171562312,earliest_deadline,4,5,5-10,1,1,0,29.00,0.2000
114,2171562312,optimized_global,4,5,5-10,1,1,0,29.00,0.2000
114,2171562312,nearest_global,4,5,5-10,0,1,0,29.00,0.0000
114,2171562312,earliest_deadline_global,4,5,5-10,0,1,0,29.00,0.0000
115,2442724835,optimized,4,19,16-20,1,1,0,26.50,0.0526
115,2442724835,nearest,4,19,16-20,1,1,0,26.50,0.0526
115,2442724835,earliest_deadline,4,19,16-20,0,1,0,26.50,0.0000
115,2442724835,optimized_global,4,19,16-20,2,1,0,26.50,0.1053
115,2442724835,nearest_global,4,19,16-20,3,1,0,26.50,0.1579
115,2442724835,earliest_deadline_global,4,19,16-20,0,1,0,26.50,0.0000
116,160040410,optimized,4,6,5-10,2,1,0,30.25,0.3333
116,160040410,nearest,4,6,5-10,2,1,0,30.25,0.3333
116,160040410,earliest_deadline,4,6,5-10,0,1,0,30.25,0.0000
116,160040410,optimized_global,4,6,5-10,2,1,0,30.25,0.3333
116,160040410,nearest_global,4,6,5-10,3,1,0,30.25,0.5000
116,160040410,earliest_deadline_global,4,6,5-10,0,1,0,30.25,0.0000
117,600423534,optimized,4,12,11-15,0,1,0,28.25,0.0000
117,600423534,nearest,4,12,11-15,0,1,0,28.25,0.0000
117,600423534,earliest_deadline,4,12,11-15,0,1,0,28.25,0.0000
117,600423534,optimized_global,4,12,11-15,3,1,0,28.25,0.2500
117,600423534,nearest_global,4,12,11-15,2,1,0,28.25,0.1667
117,600423534,earliest_deadline_global,4,12,11-15,0,1,0,28.25,0.0000
118,1054333581,optimized,2,11,11-15,1,1,0,24.75,0.0909
118,1054333581,nearest,2,11,11-15,1,1,0,24.75,0.0909
118,1054333581,earliest_deadline,2,11,11-15,0,1,0,24.75,0.0000
118,1054333581,optimized_global,2,11,11-15,1,1,0,24.75,0.0909
118,1054333581,nearest_global,2,11,11-15,1,1,0,24.75,0.0909
118,1054333581,earliest_deadline_global,2,11,11-15,0,1,0,24.75,0.0000
119,491902919,optimized,2,15,11-15,2,1,0,26.50,0.1333
119,491902919,nearest,2,15,11-15,2,1,0,26.50,0.1333
119,491902919,earliest_deadline,2,15,11-15,0,1,0,26.50,0.0000
119,491902919,optimized_global,2,15,11-15,2,1,0,26.50,0.1333
119,491902919,nearest_global,2,15,11-15,1,1,0,26.50,0.0667
119,491902919,earliest_deadline_global,2,15,11-15,0,1,0,26.50,0.0000
120,1888125925,optimized,5,11,11-15,0,1,0,27.25,0.0000
120,1888125925,nearest,5,11,11-15,0,1,0,27.25,0.0000
120,1888125925,earliest_deadline,5,11,11-15,0,1,0,27.25,0.0000
120,1888125925,optimized_global,5,11,11-15,0,1,0,27.25,0.0000
120,1888125925,nearest_global,5,11,11-15,1,1,0,27.25,0.0909
120,1888125925,earliest_deadline_global,5,11,11-15,0,1,0,27.25,0.0000
121,2870768860,optimized,4,10,5-10,2,1,0,32.75,0.2000
121,2870768860,nearest,4,10,5-10,2,1,0,32.75,0.2000
121,2870768860,earliest_deadline,4,10,5-10,3,1,0,37.00,0.3000
121,2870768860,optimized_global,4,10,5-10,3,1,0,32.75,0.3000
121,2870768860,nearest_global,4,10,5-10,3,1,0,32.75,0.3000
121,2870768860,earliest_deadline_global,4,10,5-10,2,1,0,37.00,0.2000
122,2810750550,optimized,5,6,5-10,3,1,0,32.00,0.5000
122,2810750550,nearest,5,6,5-10,3,1,0,32.00,0.5000
122,2810750550,earliest_deadline,5,6,5-10,2,1,0,34.25,0.3333
122,2810750550,optimized_global,5,6,5-10,3,1,0,32.00,0.5000
122,2810750550,nearest_global,5,6,5-10,4,1,0,32.00,0.6667
122,2810750550,earliest_deadline_global,5,6,5-10,4,1,0,34.25,0.6667
123,2023342797,optimized,5,11,11-15,3,1,0,29.25,0.2727
123,2023342797,nearest,5,11,11-15,3,1,0,29.25,0.2727
123,2023342797,earliest_deadline,5,11,11-15,1,1,0,29.25,0.0909
123,2023342797,optimized_global,5,11,11-15,5,1,0,29.25,0.4545
123,2023342797,nearest_global,5,11,11-15,4,1,0,29.25,0.3636
123,2023342797,earliest_deadline_global,5,11,11-15,1,1,0,29.25,0.0909
124,3672540667,optimized,4,19,16-20,0,1,0,24.50,0.0000
124,3672540667,nearest,4,19,16-20,0,1,0,24.50,0.0000
124,3672540667,earliest_deadline,4,19,16-20,0,1,0,24.50,0.0000
124,3672540667,optimized_global,4,19,16-20,2,1,0,24.50,0.1053
124,3672540667,nearest_global,4,19,16-20,0,1,0,24.50,0.0000
124,3672540667,earliest_deadline_global,4,19,16-20,0,1,0,24.50,0.0000
125,2427670590,optimized,2,10,5-10,0,1,0,27.00,0.0000
125,2427670590,nearest,2,10,5-10,0,1,0,27.00,0.0000
125,2427670590,earliest_deadline,2,10,5-10,0,1,0,27.00,0.0000
125,2427670590,optimized_global,2,10,5-10,0,1,0,27.00,0.0000
125,2427670590,nearest_global,2,10,5-10,0,1,0,27.00,0.0000
125,2427670590,earliest_deadline_global,2,10,5-10,0,1,0,27.00,0.0000
126,340150258,optimized,2,10,5-10,2,1,0,33.75,0.2000
126,340150258,nearest,2,10,5-10,2,1,0,33.75,0.2000
126,340150258,earliest_deadline,2,10,5-10,1,1,0,33.75,0.1000
126,340150258,optimized_global,2,10,5-10,3,1,0,33.75,0.3000
126,340150258,nearest_global,2,10,5-10,3,1,0,33.75,0.3000
126,340150258,earliest_deadline_global,2,10,5-10,1,1,0,33.75,0.1000
127,3285645073,optimized,2,5,5-10,2,1,0,32.25,0.4000
127,3285645073,nearest,2,5,5-10,2,1,0,32.25,0.4000
127,3285645073,earliest_deadline,2,5,5-10,0,1,0,32.25,0.0000
127,3285645073,optimized_global,2,5,5-10,1,1,0,32.25,0.2000
127,3285645073,nearest_global,2,5,5-10,1,1,0,32.25,0.2000
127,3285645073,earliest_deadline_global,2,5,5-10,1,1,0,32.25,0.2000
128,2467890886,optimized,2,14,11-15,1,1,0,27.50,0.0714
128,2467890886,nearest,2,14,11-15,1,1,0,27.50,0.0714
128,2467890886,earliest_deadline,2,14,11-15,0,1,0,27.50,0.0000
128,2467890886,optimized_global,2,14,11-15,1,1,0,27.50,0.0714
128,2467890886,nearest_global,2,14,11-15,1,1,0,27.50,0.0714
128,2467890886,earliest_deadline_global,2,14,11-15,0,1,0,27.50,0.0000
129,2726094425,optimized,4,15,11-15,2,1,0,27.00,0.1333
129,2726094425,nearest,4,15,11-15,2,1,0,27.00,0.1333
129,2726094425,earliest_deadline,4,15,11-15,0,1,0,27.00,0.0000
129,2726094425,optimized_global,4,15,11-15,3,1,0,27.00,0.2000
129,2726094425,nearest_global,4,15,11-15,2,1,0,27.00,0.1333
129,2726094425,earliest_deadline_global,4,15,11-15,0,1,0,27.00,0.0000
130,2428259942,optimized,5,6,5-10,2,1,0,28.25,0.3333
130,2428259942,nearest,5,6,5-10,2,1,0,28.25,0.3333
130,2428259942,earliest_deadline,5,6,5-10,0,1,0,28.25,0.0000
130,2428259942,optimized_global,5,6,5-10,3,1,0,28.25,0.5000
130,2428259942,nearest_global,5,6,5-10,1,1,0,28.25,0.1667
130,2428259942,earliest_deadline_global,5,6,5-10,0,1,0,28.25,0.0000
131,2377605420,optimized,3,9,5-10,1,1,0,28.50,0.1111
131,2377605420,nearest,3,9,5-10,1,1,0,28.50,0.1111
131,2377605420,earliest_deadline,3,9,5-10,0,1,0,28.50,0.0000
131,2377605420,optimized_global,3,9,5-10,1,1,0,28.50,0.1111
131,2377605420,nearest_global,3,9,5-10,2,1,0,28.50,0.2222
131,2377605420,earliest_deadline_global,3,9,5-10,0,1,0,28.50,0.0000
132,388979834,optimized,2,14,11-15,2,1,0,33.50,0.1429
132,388979834,nearest,2,14,11-15,3,1,0,33.50,0.2143
132,388979834,earliest_deadline,2,14,11-15,0,1,0,33.50,0.0000
132,388979834,optimized_global,2,14,11-15,2,1,0,33.50,0.1429
132,388979834,nearest_global,2,14,11-15,3,1,0,33.50,0.2143
132,388979834,earliest_deadline_global,2,14,11-15,0,1,0,33.50,0.0000
133,2401776466,optimized,3,15,11-15,6,1,0,35.50,0.4000
133,2401776466,nearest,3,15,11-15,6,1,0,35.50,0.4000
133,2401776466,earliest_deadline,3,15,11-15,4,1,0,38.75,0.2667
133,2401776466,optimized_global,3,15,11-15,6,1,0,35.50,0.4000
133,2401776466,nearest_global,3,15,11-15,4,1,0,35.50,0.2667
133,2401776466,earliest_deadline_global,3,15,11-15,4,1,0,39.00,0.2667
134,3414123689,optimized,5,7,5-10,0,1,0,25.75,0.0000
134,3414123689,nearest,5,7,5-10,0,1,0,25.75,0.0000
134,3414123689,earliest_deadline,5,7,5-10,0,1,0,25.75,0.0000
134,3414123689,optimized_global,5,7,5-10,0,1,0,25.75,0.0000
134,3414123689,nearest_global,5,7,5-10,0,1,0,25.75,0.0000
134,3414123689,earliest_deadline_global,5,7,5-10,0,1,0,25.75,0.0000
135,1305455729,optimized,4,16,16-20,4,1,0,34.00,0.2500
135,1305455729,nearest,4,16,16-20,5,1,0,34.00,0.3125
135,1305455729,earliest_deadline,4,16,16-20,5,1,0,39.50,0.3125
135,1305455729,optimized_global,4,16,16-20,5,1,0,34.00,0.3125
135,1305455729,nearest_global,4,16,16-20,5,1,0,34.00,0.3125
135,1305455729,earliest_deadline_global,4,16,16-20,4,1,0,39.50,0.2500
136,2589170541,optimized,5,7,5-10,0,1,0,26.25,0.0000
136,2589170541,nearest,5,7,5-10,0,1,0,26.25,0.0000
136,2589170541,earliest_deadline,5,7,5-10,0,1,0,26.25,0.0000
136,2589170541,optimized_global,5,7,5-10,0,1,0,26.25,0.0000
136,2589170541,nearest_global,5,7,5-10,0,1,0,26.25,0.0000
136,2589170541,earliest_deadline_global,5,7,5-10,0,1,0,26.25,0.0000
137,132361590,optimized,4,8,5-10,2,1,0,29.75,0.2500
137,132361590,nearest,4,8,5-10,2,1,0,29.75,0.2500
137,132361590,earliest_deadline,4,8,5-10,1,1,0,29.75,0.1250
137,132361590,optimized_global,4,8,5-10,2,1,0,29.75,0.2500
137,132361590,nearest_global,4,8,5-10,2,1,0,29.75,0.2500
137,132361590,earliest_deadline_global,4,8,5-10,2,1,0,29.75,0.2500
138,1492497707,optimized,3,8,5-10,1,1,0,25.50,0.1250
138,1492497707,nearest,3,8,5-10,1,1,0,25.50,0.1250
138,1492497707,earliest_deadline,3,8,5-10,0,1,0,25.50,0.0000
138,1492497707,optimized_global,3,8,5-10,2,1,0,25.50,0.2500
138,1492497707,nearest_global,3,8,5-10,2,1,0,25.50,0.2500
138,1492497707,earliest_deadline_global,3,8,5-10,0,1,0,25.50,0.0000
139,1875686903,optimized,4,19,16-20,0,1,0,24.50,0.0000
139,1875686903,nearest,4,19,16-20,0,1,0,24.50,0.0000
139,1875686903,earliest_deadline,4,19,16-20,0,1,0,24.50,0.0000
139,1875686903,optimized_global,4,19,16-20,1,1,0,24.50,0.0526
139,1875686903,nearest_global,4,19,16-20,1,1,0,24.50,0.0526
139,1875686903,earliest_deadline_global,4,19,16-20,0,1,0,24.50,0.0000
140,4220829261,optimized,2,12,11-15,2,1,0,34.25,0.1667
140,4220829261,nearest,2,12,11-15,2,1,0,34.25,0.1667
140,4220829261,earliest_deadline,2,12,11-15,0,1,0,34.25,0.0000
140,4220829261,optimized_global,2,12,11-15,2,1,0,34.25,0.1667
140,4220829261,nearest_global,2,12,11-15,2,1,0,34.25,0.1667
140,4220829261,earliest_deadline_global,2,12,11-15,0,1,0,34.25,0.0000
141,921634150,optimized,4,19,16-20,1,1,0,26.25,0.0526
141,921634150,nearest,4,19,16-20,1,1,0,26.25,0.0526
141,921634150,earliest_deadline,4,19,16-20,0,1,0,26.25,0.0000
141,921634150,optimized_global,4,19,16-20,0,1,0,26.25,0.0000
141,921634150,nearest_global,4,19,16-20,3,1,0,26.25,0.1579
141,921634150,earliest_deadline_global,4,19,16-20,0,1,0,26.25,0.0000
142,1187766037,optimized,4,5,5-10,5,0,1,46.25,1.0000
142,1187766037,nearest,4,5,5-10,5,0,1,46.25,1.0000
142,1187766037,earliest_deadline,4,5,5-10,5,0,1,58.50,1.0000
142,1187766037,optimized_global,4,5,5-10,5,0,1,48.25,1.0000
142,1187766037,nearest_global,4,5,5-10,4,1,0,49.75,0.8000
142,1187766037,earliest_deadline_global,4,5,5-10,5,0,1,56.50,1.0000
143,1754617163,optimized,5,18,16-20,2,1,0,30.00,0.1111
143,1754617163,nearest,5,18,16-20,2,1,0,30.00,0.1111
143,1754617163,earliest_deadline,5,18,16-20,1,1,0,30.00,0.0556
143,1754617163,optimized_global,5,18,16-20,5,1,0,30.00,0.2778
143,1754617163,nearest_global,5,18,16-20,4,1,0,30.00,0.2222
143,1754617163,earliest_deadline_global,5,18,16-20,0,1,0,30.00,0.0000
144,4263466368,optimized,2,11,11-15,1,1,0,28.25,0.0909
144,4263466368,nearest,2,11,11-15,1,1,0,28.25,0.0909
144,4263466368,earliest_deadline,2,11,11-15,0,1,0,28.25,0.0000
144,4263466368,optimized_global,2,11,11-15,1,1,0,28.25,0.0909
144,4263466368,nearest_global,2,11,11-15,1,1,0,28.25,0.0909
144,4263466368,earliest_deadline_global,2,11,11-15,1,1,0,28.25,0.0909
145,3665338288,optimized,2,20,16-20,1,1,0,28.50,0.0500
145,3665338288,nearest,2,20,16-20,1,1,0,28.50,0.0500
145,3665338288,earliest_deadline,2,20,16-20,1,1,0,28.50,0.0500
145,3665338288,optimized_global,2,20,16-20,1,1,0,28.50,0.0500
145,3665338288,nearest_global,2,20,16-20,1,1,0,28.50,0.0500
145,3665338288,earliest_deadline_global,2,20,16-20,0,1,0,28.50,0.0000
146,149005148,optimized,5,8,5-10,0,1,0,25.75,0.0000
146,149005148,nearest,5,8,5-10,1,1,0,25.75,0.1250
146,149005148,earliest_deadline,5,8,5-10,0,1,0,25.75,0.0000
146,149005148,optimized_global,5,8,5-10,2,1,0,25.75,0.2500
146,149005148,nearest_global,5,8,5-10,0,1,0,25.75,0.0000
146,149005148,earliest_deadline_global,5,8,5-10,0,1,0,25.75,0.0000
147,1004762440,optimized,3,11,11-15,5,1,0,41.50,0.4545
147,1004762440,nearest,3,11,11-15,5,1,0,41.50,0.4545
147,1004762440,earliest_deadline,3,11,11-15,4,1,0,41.50,0.3636
147,1004762440,optimized_global,3,11,11-15,6,1,0,41.50,0.5455
147,1004762440,nearest_global,3,11,11-15,4,1,0,41.50,0.3636
147,1004762440,earliest_deadline_global,3,11,11-15,3,1,0,41.50,0.2727
148,3529064889,optimized,2,16,16-20,1,1,0,23.50,0.0625
148,3529064889,nearest,2,16,16-20,0,1,0,23.50,0.0000
148,3529064889,earliest_deadline,2,16,16-20,0,1,0,23.50,0.0000
148,3529064889,optimized_global,2,16,16-20,0,1,0,23.50,0.0000
148,3529064889,nearest_global,2,16,16-20,1,1,0,23.50,0.0625
148,3529064889,earliest_deadline_global,2,16,16-20,0,1,0,23.50,0.0000
149,250408367,optimized,4,9,5-10,1,1,0,32.00,0.1111
149,250408367,nearest,4,9,5-10,1,1,0,32.00,0.1111
149,250408367,earliest_deadline,4,9,5-10,0,1,0,32.00,0.0000
149,250408367,optimized_global,4,9,5-10,3,1,0,32.00,0.3333
149,250408367,nearest_global,4,9,5-10,2,1,0,32.00,0.2222
149,250408367,earliest_deadline_global,4,9,5-10,0,1,0,32.00,0.0000
150,3675078330,optimized,5,8,5-10,1,1,0,26.00,0.1250
150,3675078330,nearest,5,8,5-10,1,1,0,26.00,0.1250
150,3675078330,earliest_deadline,5,8,5-10,0,1,0,26.00,0.0000
150,3675078330,optimized_global,5,8,5-10,2,1,0,26.00,0.2500
150,3675078330,nearest_global,5,8,5-10,1,1,0,26.00,0.1250
150,3675078330,earliest_deadline_global,5,8,5-10,0,1,0,26.00,0.0000
151,1208534612,optimized,2,14,11-15,1,1,0,27.75,0.0714
151,1208534612,nearest,2,14,11-15,1,1,0,27.75,0.0714
151,1208534612,earliest_deadline,2,14,11-15,0,1,0,27.75,0.0000
151,1208534612,optimized_global,2,14,11-15,2,1,0,27.75,0.1429
151,1208534612,nearest_global,2,14,11-15,2,1,0,27.75,0.1429
151,1208534612,earliest_deadline_global,2,14,11-15,0,1,0,27.75,0.0000
152,3941285892,optimized,3,20,16-20,1,1,0,25.50,0.0500
152,3941285892,nearest,3,20,16-20,1,1,0,25.50,0.0500
152,3941285892,earliest_deadline,3,20,16-20,0,1,0,25.50,0.0000
152,3941285892,optimized_global,3,20,16-20,0,1,0,25.50,0.0000
152,3941285892,nearest_global,3,20,16-20,0,1,0,25.50,0.0000
152,3941285892,earliest_deadline_global,3,20,16-20,0,1,0,25.50,0.0000
153,1260975586,optimized,2,9,5-10,2,1,0,32.50,0.2222
153,1260975586,nearest,2,9,5-10,2,1,0,32.50,0.2222
153,1260975586,earliest_deadline,2,9,5-10,0,1,0,32.50,0.0000
153,1260975586,optimized_global,2,9,5-10,2,1,0,32.50,0.2222
153,1260975586,nearest_global,2,9,5-10,2,1,0,32.50,0.2222
153,1260975586,earliest_deadline_global,2,9,5-10,0,1,0,32.50,0.0000
154,1865376475,optimized,4,8,5-10,1,1,0,26.75,0.1250
154,1865376475,nearest,4,8,5-10,1,1,0,26.75,0.1250
154,1865376475,earliest_deadline,4,8,5-10,0,1,0,26.75,0.0000
154,1865376475,optimized_global,4,8,5-10,1,1,0,26.75,0.1250
154,1865376475,nearest_global,4,8,5-10,2,1,0,26.75,0.2500
154,1865376475,earliest_deadline_global,4,8,5-10,0,1,0,26.75,0.0000
155,2842909782,optimized,3,5,5-10,5,0,1,42.75,1.0000
155,2842909782,nearest,3,5,5-10,5,0,1,42.75,1.0000
155,2842909782,earliest_deadline,3,5,5-10,3,1,0,41.00,0.6000
155,2842909782,optimized_global,3,5,5-10,5,0,1,36.75,1.0000
155,2842909782,nearest_global,3,5,5-10,5,0,1,42.00,1.0000
155,2842909782,earliest_deadline_global,3,5,5-10,2,1,0,41.00,0.4000
156,542371627,optimized,2,5,5-10,1,1,0,30.75,0.2000
156,542371627,nearest,2,5,5-10,1,1,0,30.75,0.2000
156,542371627,earliest_deadline,2,5,5-10,0,1,0,30.75,0.0000
156,542371627,optimized_global,2,5,5-10,2,1,0,30.75,0.4000
156,542371627,nearest_global,2,5,5-10,1,1,0,30.75,0.2000
156,542371627,earliest_deadline_global,2,5,5-10,0,1,0,30.75,0.0000
157,2392434876,optimized,4,19,16-20,3,1,0,27.00,0.1579
157,2392434876,nearest,4,19,16-20,3,1,0,27.00,0.1579
157,2392434876,earliest_deadline,4,19,16-20,0,1,0,27.00,0.0000
157,2392434876,optimized_global,4,19,16-20,3,1,0,27.00,0.1579
157,2392434876,nearest_global,4,19,16-20,4,1,0,27.00,0.2105
157,2392434876,earliest_deadline_global,4,19,16-20,0,1,0,27.00,0.0000
158,2169025036,optimized,5,14,11-15,2,1,0,27.75,0.1429
158,2169025036,nearest,5,14,11-15,2,1,0,27.75,0.1429
158,2169025036,earliest_deadline,5,14,11-15,0,1,0,27.75,0.0000
158,2169025036,optimized_global,5,14,11-15,1,1,0,27.75,0.0714
158,2169025036,nearest_global,5,14,11-15,3,1,0,27.75,0.2143
158,2169025036,earliest_deadline_global,5,14,11-15,0,1,0,27.75,0.0000
159,3366817170,optimized,2,18,16-20,2,1,0,31.25,0.1111
159,3366817170,nearest,2,18,16-20,2,1,0,31.25,0.1111
159,3366817170,earliest_deadline,2,18,16-20,2,1,0,33.75,0.1111
159,3366817170,optimized_global,2,18,16-20,2,1,0,31.25,0.1111
159,3366817170,nearest_global,2,18,16-20,2,1,0,31.25,0.1111
159,3366817170,earliest_deadline_global,2,18,16-20,2,1,0,33.75,0.1111
160,4278246587,optimized,2,14,11-15,1,1,0,29.00,0.0714
160,4278246587,nearest,2,14,11-15,1,1,0,29.00,0.0714
160,4278246587,earliest_deadline,2,14,11-15,0,1,0,29.00,0.0000
160,4278246587,optimized_global,2,14,11-15,2,1,0,29.00,0.1429
160,4278246587,nearest_global,2,14,11-15,2,1,0,29.00,0.1429
160,4278246587,earliest_deadline_global,2,14,11-15,0,1,0,29.00,0.0000
161,2853204928,optimized,4,14,11-15,1,1,0,27.00,0.0714
161,2853204928,nearest,4,14,11-15,1,1,0,27.00,0.0714
161,2853204928,earliest_deadline,4,14,11-15,1,1,0,27.00,0.0714
161,2853204928,optimized_global,4,14,11-15,2,1,0,27.00,0.1429
161,2853204928,nearest_global,4,14,11-15,2,1,0,27.00,0.1429
161,2853204928,earliest_deadline_global,4,14,11-15,1,1,0,27.00,0.0714
162,1757442386,optimized,3,15,11-15,1,1,0,24.00,0.0667
162,1757442386,nearest,3,15,11-15,1,1,0,24.00,0.0667
162,1757442386,earliest_deadline,3,15,11-15,0,1,0,24.00,0.0000
162,1757442386,optimized_global,3,15,11-15,1,1,0,24.00,0.0667
162,1757442386,nearest_global,3,15,11-15,1,1,0,24.00,0.0667
162,1757442386,earliest_deadline_global,3,15,11-15,0,1,0,24.00,0.0000
163,1745418278,optimized,2,11,11-15,1,1,0,31.00,0.0909
163,1745418278,nearest,2,11,11-15,1,1,0,31.00,0.0909
163,1745418278,earliest_deadline,2,11,11-15,0,1,0,31.00,0.0000
163,1745418278,optimized_global,2,11,11-15,1,1,0,31.00,0.0909
163,1745418278,nearest_global,2,11,11-15,1,1,0,31.00,0.0909
163,1745418278,earliest_deadline_global,2,11,11-15,0,1,0,31.00,0.0000
164,1795119142,optimized,4,18,16-20,4,1,0,29.00,0.2222
164,1795119142,nearest,4,18,16-20,4,1,0,29.00,0.2222
164,1795119142,earliest_deadline,4,18,16-20,2,1,0,29.00,0.1111
164,1795119142,optimized_global,4,18,16-20,4,1,0,29.00,0.2222
164,1795119142,nearest_global,4,18,16-20,3,1,0,29.00,0.1667
164,1795119142,earliest_deadline_global,4,18,16-20,0,1,0,29.00,0.0000
165,3496190929,optimized,4,10,5-10,1,1,0,27.25,0.1000
165,3496190929,nearest,4,10,5-10,1,1,0,27.25,0.1000
165,3496190929,earliest_deadline,4,10,5-10,1,1,0,27.25,0.1000
165,3496190929,optimized_global,4,10,5-10,1,1,0,27.25,0.1000
165,3496190929,nearest_global,4,10,5-10,3,1,0,27.25,0.3000
165,3496190929,earliest_deadline_global,4,10,5-10,0,1,0,27.25,0.0000
166,1379611065,optimized,3,15,11-15,1,1,0,27.25,0.0667
166,1379611065,nearest,3,15,11-15,1,1,0,27.25,0.0667
166,1379611065,earliest_deadline,3,15,11-15,0,1,0,27.25,0.0000
166,1379611065,optimized_global,3,15,11-15,1,1,0,27.25,0.0667
166,1379611065,nearest_global,3,15,11-15,1,1,0,27.25,0.0667
166,1379611065,earliest_deadline_global,3,15,11-15,0,1,0,27.25,0.0000
167,717143229,optimized,5,18,16-20,2,1,0,28.00,0.1111
167,717143229,nearest,5,18,16-20,2,1,0,28.00,0.1111
167,717143229,earliest_deadline,5,18,16-20,1,1,0,28.00,0.0556
167,717143229,optimized_global,5,18,16-20,4,1,0,28.00,0.2222
167,717143229,nearest_global,5,18,16-20,4,1,0,28.00,0.2222
167,717143229,earliest_deadline_global,5,18,16-20,2,1,0,28.00,0.1111
168,1435770812,optimized,3,10,5-10,1,1,0,28.00,0.1000
168,1435770812,nearest,3,10,5-10,1,1,0,28.00,0.1000
168,1435770812,earliest_deadline,3,10,5-10,1,1,0,28.00,0.1000
168,1435770812,optimized_global,3,10,5-10,1,1,0,28.00,0.1000
168,1435770812,nearest_global,3,10,5-10,1,1,0,28.00,0.1000
168,1435770812,earliest_deadline_global,3,10,5-10,1,1,0,28.00,0.1000
169,97547610,optimized,3,11,11-15,1,1,0,30.25,0.0909
169,97547610,nearest,3,11,11-15,1,1,0,30.25,0.0909
169,97547610,earliest_deadline,3,11,11-15,2,1,0,30.25,0.1818
169,97547610,optimized_global,3,11,11-15,3,1,0,30.25,0.2727
169,97547610,nearest_global,3,11,11-15,2,1,0,30.25,0.1818
169,97547610,earliest_deadline_global,3,11,11-15,1,1,0,30.50,0.0909
170,455878921,optimized,4,18,16-20,1,1,0,25.50,0.0556
170,455878921,nearest,4,18,16-20,1,1,0,25.50,0.0556
170,455878921,earliest_deadline,4,18,16-20,0,1,0,25.50,0.0000
170,455878921,optimized_global,4,18,16-20,1,1,0,25.50,0.0556
170,455878921,nearest_global,4,18,16-20,1,1,0,25.50,0.0556
170,455878921,earliest_deadline_global,4,18,16-20,0,1,0,25.50,0.0000
171,386752616,optimized,2,13,11-15,1,1,0,29.25,0.0769
171,386752616,nearest,2,13,11-15,1,1,0,29.25,0.0769
171,386752616,earliest_deadline,2,13,11-15,0,1,0,29.25,0.0000
171,386752616,optimized_global,2,13,11-15,2,1,0,29.25,0.1538
171,386752616,nearest_global,2,13,11-15,1,1,0,29.25,0.0769
171,386752616,earliest_deadline_global,2,13,11-15,0,1,0,29.25,0.0000
172,3313792383,optimized,4,11,11-15,3,1,0,29.00,0.2727
172,3313792383,nearest,4,11,11-15,3,1,0,29.00,0.2727
172,3313792383,earliest_deadline,4,11,11-15,0,1,0,29.00,0.0000
172,3313792383,optimized_global,4,11,11-15,4,1,0,29.00,0.3636
172,3313792383,nearest_global,4,11,11-15,3,1,0,29.00,0.2727
172,3313792383,earliest_deadline_global,4,11,11-15,0,1,0,29.00,0.0000
173,3102509785,optimized,2,5,5-10,0,1,0,33.50,0.0000
173,3102509785,nearest,2,5,5-10,0,1,0,33.50,0.0000
173,3102509785,earliest_deadline,2,5,5-10,2,1,0,41.50,0.4000
173,3102509785,optimized_global,2,5,5-10,1,1,0,33.50,0.2000
173,3102509785,nearest_global,2,5,5-10,1,1,0,33.50,0.2000
173,3102509785,earliest_deadline_global,2,5,5-10,1,1,0,41.50,0.2000
174,2992607764,optimized,3,20,16-20,3,1,0,32.00,0.1500
174,2992607764,nearest,3,20,16-20,3,1,0,32.00,0.1500
174,2992607764,earliest_deadline,3,20,16-20,0,1,0,32.00,0.0000
174,2992607764,optimized_global,3,20,16-20,4,1,0,32.00,0.2000
174,2992607764,nearest_global,3,20,16-20,3,1,0,32.00,0.1500
174,2992607764,earliest_deadline_global,3,20,16-20,0,1,0,32.00,0.0000
175,1983747597,optimized,3,18,16-20,0,1,0,24.25,0.0000
175,1983747597,nearest,3,18,16-20,0,1,0,24.25,0.0000
175,1983747597,earliest_deadline,3,18,16-20,0,1,0,24.25,0.0000
175,1983747597,optimized_global,3,18,16-20,0,1,0,24.25,0.0000
175,1983747597,nearest_global,3,18,16-20,0,1,0,24.25,0.0000
175,1983747597,earliest_deadline_global,3,18,16-20,0,1,0,24.25,0.0000
176,3079742859,optimized,4,15,11-15,2,1,0,30.50,0.1333
176,3079742859,nearest,4,15,11-15,2,1,0,30.50,0.1333
176,3079742859,earliest_deadline,4,15,11-15,1,1,0,30.50,0.0667
176,3079742859,optimized_global,4,15,11-15,4,1,0,30.50,0.2667
176,3079742859,nearest_global,4,15,11-15,3,1,0,30.50,0.2000
176,3079742859,earliest_deadline_global,4,15,11-15,1,1,0,30.50,0.0667
177,692657015,optimized,3,10,5-10,0,1,0,27.75,0.0000
177,692657015,nearest,3,10,5-10,0,1,0,27.75,0.0000
177,692657015,earliest_deadline,3,10,5-10,0,1,0,27.75,0.0000
177,692657015,optimized_global,3,10,5-10,0,1,0,27.75,0.0000
177,692657015,nearest_global,3,10,5-10,0,1,0,27.75,0.0000
177,692657015,earliest_deadline_global,3,10,5-10,0,1,0,27.75,0.0000
178,3868140665,optimized,3,17,16-20,0,1,0,25.50,0.0000
178,3868140665,nearest,3,17,16-20,0,1,0,25.50,0.0000
178,3868140665,earliest_deadline,3,17,16-20,0,1,0,25.50,0.0000
178,3868140665,optimized_global,3,17,16-20,2,1,0,25.50,0.1176
178,3868140665,nearest_global,3,17,16-20,2,1,0,25.50,0.1176
178,3868140665,earliest_deadline_global,3,17,16-20,0,1,0,25.50,0.0000
179,2151970921,optimized,5,5,5-10,0,1,0,29.50,0.0000
179,2151970921,nearest,5,5,5-10,1,1,0,29.50,0.2000
179,2151970921,earliest_deadline,5,5,5-10,0,1,0,29.50,0.0000
179,2151970921,optimized_global,5,5,5-10,1,1,0,29.50,0.2000
179,2151970921,nearest_global,5,5,5-10,1,1,0,29.50,0.2000
179,2151970921,earliest_deadline_global,5,5,5-10,1,1,0,29.50,0.2000
180,4028900048,optimized,4,10,5-10,1,1,0,28.25,0.1000
180,4028900048,nearest,4,10,5-10,1,1,0,28.25,0.1000
180,4028900048,earliest_deadline,4,10,5-10,0,1,0,28.25,0.0000
180,4028900048,optimized_global,4,10,5-10,2,1,0,28.25,0.2000
180,4028900048,nearest_global,4,10,5-10,2,1,0,28.25,0.2000
180,4028900048,earliest_deadline_global,4,10,5-10,0,1,0,28.25,0.0000
181,654175498,optimized,2,19,16-20,1,1,0,28.00,0.0526
181,654175498,nearest,2,19,16-20,1,1,0,28.00,0.0526
181,654175498,earliest_deadline,2,19,16-20,0,1,0,28.00,0.0000
181,654175498,optimized_global,2,19,16-20,1,1,0,28.00,0.0526
181,654175498,nearest_global,2,19,16-20,0,1,0,28.00,0.0000
181,654175498,earliest_deadline_global,2,19,16-20,0,1,0,28.00,0.0000
182,2136016411,optimized,3,15,11-15,1,1,0,24.75,0.0667
182,2136016411,nearest,3,15,11-15,1,1,0,24.75,0.0667
182,2136016411,earliest_deadline,3,15,11-15,0,1,0,24.75,0.0000
182,2136016411,optimized_global,3,15,11-15,2,1,0,24.75,0.1333
182,2136016411,nearest_global,3,15,11-15,2,1,0,24.75,0.1333
182,2136016411,earliest_deadline_global,3,15,11-15,0,1,0,24.75,0.0000
183,2990673237,optimized,5,19,16-20,2,1,0,25.75,0.1053
183,2990673237,nearest,5,19,16-20,2,1,0,25.75,0.1053
183,2990673237,earliest_deadline,5,19,16-20,0,1,0,25.75,0.0000
183,2990673237,optimized_global,5,19,16-20,1,1,0,25.75,0.0526
183,2990673237,nearest_global,5,19,16-20,2,1,0,25.75,0.1053
183,2990673237,earliest_deadline_global,5,19,16-20,0,1,0,25.75,0.0000
184,2128696905,optimized,4,12,11-15,2,1,0,30.50,0.1667
184,2128696905,nearest,4,12,11-15,2,1,0,30.50,0.1667
184,2128696905,earliest_deadline,4,12,11-15,1,1,0,31.50,0.0833
184,2128696905,optimized_global,4,12,11-15,4,1,0,30.50,0.3333
184,2128696905,nearest_global,4,12,11-15,3,1,0,30.50,0.2500
184,2128696905,earliest_deadline_global,4,12,11-15,2,1,0,33.75,0.1667
185,1916226611,optimized,5,15,11-15,2,1,0,31.00,0.1333
185,1916226611,nearest,5,15,11-15,2,1,0,31.00,0.1333
185,1916226611,earliest_deadline,5,15,11-15,0,1,0,31.00,0.0000
185,1916226611,optimized_global,5,15,11-15,4,1,0,31.00,0.2667
185,1916226611,nearest_global,5,15,11-15,4,1,0,31.00,0.2667
185,1916226611,earliest_deadline_global,5,15,11-15,0,1,0,31.00,0.0000
186,713884097,optimized,2,13,11-15,2,1,0,28.75,0.1538
186,713884097,nearest,2,13,11-15,2,1,0,28.75,0.1538
186,713884097,earliest_deadline,2,13,11-15,0,1,0,28.75,0.0000
186,713884097,optimized_global,2,13,11-15,2,1,0,28.75,0.1538
186,713884097,nearest_global,2,13,11-15,2,1,0,28.75,0.1538
186,713884097,earliest_deadline_global,2,13,11-15,0,1,0,28.75,0.0000
187,1636473704,optimized,4,10,5-10,2,1,0,32.25,0.2000
187,1636473704,nearest,4,10,5-10,2,1,0,32.25,0.2000
187,1636473704,earliest_deadline,4,10,5-10,1,1,0,32.25,0.1000
187,1636473704,optimized_global,4,10,5-10,4,1,0,32.25,0.4000
187,1636473704,nearest_global,4,10,5-10,3,1,0,32.25,0.3000
187,1636473704,earliest_deadline_global,4,10,5-10,1,1,0,32.25,0.1000
188,1025493302,optimized,4,12,11-15,2,1,0,27.75,0.1667
188,1025493302,nearest,4,12,11-15,2,1,0,27.75,0.1667
188,1025493302,earliest_deadline,4,12,11-15,0,1,0,27.75,0.0000
188,1025493302,optimized_global,4,12,11-15,3,1,0,27.75,0.2500
188,1025493302,nearest_global,4,12,11-15,2,1,0,27.75,0.1667
188,1025493302,earliest_deadline_global,4,12,11-15,0,1,0,27.75,0.0000
189,1294984561,optimized,3,7,5-10,0,1,0,28.50,0.0000
189,1294984561,nearest,3,7,5-10,0,1,0,28.50,0.0000
189,1294984561,earliest_deadline,3,7,5-10,0,1,0,28.50,0.0000
189,1294984561,optimized_global,3,7,5-10,0,1,0,28.50,0.0000
189,1294984561,nearest_global,3,7,5-10,1,1,0,28.50,0.1429
189,1294984561,earliest_deadline_global,3,7,5-10,0,1,0,28.50,0.0000
190,2936471983,optimized,3,16,16-20,1,1,0,30.00,0.0625
190,2936471983,nearest,3,16,16-20,1,1,0,30.00,0.0625
190,2936471983,earliest_deadline,3,16,16-20,0,1,0,30.00,0.0000
190,2936471983,optimized_global,3,16,16-20,3,1,0,30.00,0.1875
190,2936471983,nearest_global,3,16,16-20,3,1,0,30.00,0.1875
190,2936471983,earliest_deadline_global,3,16,16-20,1,1,0,30.00,0.0625
191,2707043123,optimized,2,11,11-15,0,1,0,24.25,0.0000
191,2707043123,nearest,2,11,11-15,0,1,0,24.25,0.0000
191,2707043123,earliest_deadline,2,11,11-15,0,1,0,24.25,0.0000
191,2707043123,optimized_global,2,11,11-15,0,1,0,24.25,0.0000
191,2707043123,nearest_global,2,11,11-15,0,1,0,24.25,0.0000
191,2707043123,earliest_deadline_global,2,11,11-15,0,1,0,24.25,0.0000
192,2607888815,optimized,4,5,5-10,1,1,0,32.00,0.2000
192,2607888815,nearest,4,5,5-10,1,1,0,32.00,0.2000
192,2607888815,earliest_deadline,4,5,5-10,0,1,0,32.00,0.0000
192,2607888815,optimized_global,4,5,5-10,0,1,0,32.00,0.0000
192,2607888815,nearest_global,4,5,5-10,2,1,0,32.00,0.4000
192,2607888815,earliest_deadline_global,4,5,5-10,0,1,0,32.00,0.0000
193,1553973328,optimized,3,6,5-10,1,1,0,28.75,0.1667
193,1553973328,nearest,3,6,5-10,1,1,0,28.75,0.1667
193,1553973328,earliest_deadline,3,6,5-10,0,1,0,28.75,0.0000
193,1553973328,optimized_global,3,6,5-10,2,1,0,28.75,0.3333
193,1553973328,nearest_global,3,6,5-10,2,1,0,28.75,0.3333
193,1553973328,earliest_deadline_global,3,6,5-10,0,1,0,28.75,0.0000
194,4121848259,optimized,3,18,16-20,1,1,0,26.00,0.0556
194,4121848259,nearest,3,18,16-20,1,1,0,26.00,0.0556
194,4121848259,earliest_deadline,3,18,16-20,0,1,0,26.00,0.0000
194,4121848259,optimized_global,3,18,16-20,1,1,0,26.00,0.0556
194,4121848259,nearest_global,3,18,16-20,2,1,0,26.00,0.1111
194,4121848259,earliest_deadline_global,3,18,16-20,0,1,0,26.00,0.0000
195,376453535,optimized,5,11,11-15,0,1,0,24.25,0.0000
195,376453535,nearest,5,11,11-15,0,1,0,24.25,0.0000
195,376453535,earliest_deadline,5,11,11-15,0,1,0,24.25,0.0000
195,376453535,optimized_global,5,11,11-15,0,1,0,24.25,0.0000
195,376453535,nearest_global,5,11,11-15,0,1,0,24.25,0.0000
195,376453535,earliest_deadline_global,5,11,11-15,0,1,0,24.25,0.0000
196,1471416171,optimized,5,13,11-15,0,1,0,24.50,0.0000
196,1471416171,nearest,5,13,11-15,0,1,0,24.50,0.0000
196,1471416171,earliest_deadline,5,13,11-15,0,1,0,24.50,0.0000
196,1471416171,optimized_global,5,13,11-15,2,1,0,24.50,0.1538
196,1471416171,nearest_global,5,13,11-15,1,1,0,24.50,0.0769
196,1471416171,earliest_deadline_global,5,13,11-15,0,1,0,24.50,0.0000
197,506831489,optimized,4,13,11-15,2,1,0,26.50,0.1538
197,506831489,nearest,4,13,11-15,2,1,0,26.50,0.1538
197,506831489,earliest_deadline,4,13,11-15,0,1,0,26.50,0.0000
197,506831489,optimized_global,4,13,11-15,2,1,0,26.50,0.1538
197,506831489,nearest_global,4,13,11-15,2,1,0,26.50,0.1538
197,506831489,earliest_deadline_global,4,13,11-15,0,1,0,26.50,0.0000
198,1455752560,optimized,5,9,5-10,0,1,0,27.25,0.0000
198,1455752560,nearest,5,9,5-10,0,1,0,27.25,0.0000
198,1455752560,earliest_deadline,5,9,5-10,0,1,0,27.25,0.0000
198,1455752560,optimized_global,5,9,5-10,0,1,0,27.25,0.0000
198,1455752560,nearest_global,5,9,5-10,0,1,0,27.25,0.0000
198,1455752560,earliest_deadline_global,5,9,5-10,0,1,0,27.25,0.0000
199,4131319010,optimized,3,16,16-20,3,1,0,35.00,0.1875
199,4131319010,nearest,3,16,16-20,3,1,0,35.00,0.1875
199,4131319010,earliest_deadline,3,16,16-20,2,1,0,35.00,0.1250
199,4131319010,optimized_global,3,16,16-20,3,1,0,32.25,0.1875
199,4131319010,nearest_global,3,16,16-20,3,1,0,32.25,0.1875
199,4131319010,earliest_deadline_global,3,16,16-20,2,1,0,35.00,0.1250
200,1573089912,optimized,5,7,5-10,0,2,0,28.75,0.0000
200,1573089912,nearest,5,7,5-10,0,2,0,28.75,0.0000
200,1573089912,earliest_deadline,5,7,5-10,0,2,0,28.75,0.0000
200,1573089912,optimized_global,5,7,5-10,1,2,0,28.75,0.1429
200,1573089912,nearest_global,5,7,5-10,0,2,0,28.75,0.0000
200,1573089912,earliest_deadline_global,5,7,5-10,0,2,0,28.75,0.0000
201,3902324351,optimized,4,8,5-10,2,1,0,29.25,0.2500
201,3902324351,nearest,4,8,5-10,2,1,0,29.25,0.2500
201,3902324351,earliest_deadline,4,8,5-10,0,1,0,29.25,0.0000
201,3902324351,optimized_global,4,8,5-10,2,1,0,29.25,0.2500
201,3902324351,nearest_global,4,8,5-10,2,1,0,29.25,0.2500
201,3902324351,earliest_deadline_global,4,8,5-10,0,1,0,29.25,0.0000
202,2126290812,optimized,2,14,11-15,2,1,0,30.25,0.1429
202,2126290812,nearest,2,14,11-15,2,1,0,30.25,0.1429
202,2126290812,earliest_deadline,2,14,11-15,1,1,0,30.25,0.0714
202,2126290812,optimized_global,2,14,11-15,2,1,0,30.25,0.1429
202,2126290812,nearest_global,2,14,11-15,2,1,0,30.25,0.1429
202,2126290812,earliest_deadline_global,2,14,11-15,0,1,0,30.25,0.0000
203,3005219255,optimized,5,6,5-10,2,1,0,33.25,0.3333
203,3005219255,nearest,5,6,5-10,2,1,0,33.25,0.3333
203,3005219255,earliest_deadline,5,6,5-10,0,1,0,33.25,0.0000
203,3005219255,optimized_global,5,6,5-10,3,1,0,33.25,0.5000
203,3005219255,nearest_global,5,6,5-10,3,1,0,33.25,0.5000
203,3005219255,earliest_deadline_global,5,6,5-10,1,1,0,33.25,0.1667
204,1964593143,optimized,3,5,5-10,3,1,0,40.25,0.6000
204,1964593143,nearest,3,5,5-10,3,1,0,40.25,0.6000
204,1964593143,earliest_deadline,3,5,5-10,3,1,0,40.25,0.6000
204,1964593143,optimized_global,3,5,5-10,5,0,1,47.00,1.0000
204,1964593143,nearest_global,3,5,5-10,1,1,0,34.50,0.2000
204,1964593143,earliest_deadline_global,3,5,5-10,2,1,0,40.25,0.4000
205,1141902788,optimized,4,17,16-20,1,1,0,27.50,0.0588
205,1141902788,nearest,4,17,16-20,1,1,0,27.50,0.0588
205,1141902788,earliest_deadline,4,17,16-20,0,1,0,27.50,0.0000
205,1141902788,optimized_global,4,17,16-20,2,1,0,27.50,0.1176
205,1141902788,nearest_global,4,17,16-20,1,1,0,27.50,0.0588
205,1141902788,earliest_deadline_global,4,17,16-20,0,1,0,27.50,0.0000
206,3282340506,optimized,4,6,5-10,2,1,0,31.75,0.3333
206,3282340506,nearest,4,6,5-10,2,1,0,31.75,0.3333
206,3282340506,earliest_deadline,4,6,5-10,1,1,0,31.75,0.1667
206,3282340506,optimized_global,4,6,5-10,3,1,0,31.75,0.5000
206,3282340506,nearest_global,4,6,5-10,2,1,0,31.75,0.3333
206,3282340506,earliest_deadline_global,4,6,5-10,2,1,0,31.75,0.3333
207,4162580843,optimized,2,14,11-15,2,1,0,32.50,0.1429
207,4162580843,nearest,2,14,11-15,2,1,0,32.50,0.1429
207,4162580843,earliest_deadline,2,14,11-15,0,1,0,32.50,0.0000
207,4162580843,optimized_global,2,14,11-15,2,1,0,32.50,0.1429
207,4162580843,nearest_global,2,14,11-15,2,1,0,32.50,0.1429
207,4162580843,earliest_deadline_global,2,14,11-15,0,1,0,32.50,0.0000
208,1131830657,optimized,2,18,16-20,2,1,0,25.25,0.1111
208,1131830657,nearest,2,18,16-20,2,1,0,25.25,0.1111
208,1131830657,earliest_deadline,2,18,16-20,0,1,0,25.25,0.0000
208,1131830657,optimized_global,2,18,16-20,2,1,0,25.25,0.1111
208,1131830657,nearest_global,2,18,16-20,2,1,0,25.25,0.1111
208,1131830657,earliest_deadline_global,2,18,16-20,0,1,0,25.25,0.0000
209,3344709663,optimized,4,9,5-10,1,1,0,28.50,0.1111
209,3344709663,nearest,4,9,5-10,1,1,0,28.50,0.1111
209,3344709663,earliest_deadline,4,9,5-10,0,1,0,28.50,0.0000
209,3344709663,optimized_global,4,9,5-10,3,1,0,28.50,0.3333
209,3344709663,nearest_global,4,9,5-10,2,1,0,28.50,0.2222
209,3344709663,earliest_deadline_global,4,9,5-10,0,1,0,28.50,0.0000
210,1121587763,optimized,5,20,16-20,2,1,0,26.75,0.1000
210,1121587763,nearest,5,20,16-20,2,1,0,26.75,0.1000
210,1121587763,earliest_deadline,5,20,16-20,0,1,0,26.75,0.0000
210,1121587763,optimized_global,5,20,16-20,3,1,0,26.75,0.1500
210,1121587763,nearest_global,5,20,16-20,4,1,0,26.75,0.2000
210,1121587763,earliest_deadline_global,5,20,16-20,0,1,0,26.75,0.0000
211,3079019916,optimized,5,12,11-15,1,1,0,25.00,0.0833
211,3079019916,nearest,5,12,11-15,0,1,0,25.00,0.0000
211,3079019916,earliest_deadline,5,12,11-15,0,1,0,25.00,0.0000
211,3079019916,optimized_global,5,12,11-15,1,1,0,25.00,0.0833
211,3079019916,nearest_global,5,12,11-15,0,1,0,25.00,0.0000
211,3079019916,earliest_deadline_global,5,12,11-15,0,1,0,25.00,0.0000
212,3388757380,optimized,2,17,16-20,2,1,0,25.75,0.1176
212,3388757380,nearest,2,17,16-20,1,1,0,25.75,0.0588
212,3388757380,earliest_deadline,2,17,16-20,0,1,0,25.75,0.0000
212,3388757380,optimized_global,2,17,16-20,2,1,0,25.75,0.1176
212,3388757380,nearest_global,2,17,16-20,1,1,0,25.75,0.0588
212,3388757380,earliest_deadline_global,2,17,16-20,0,1,0,25.75,0.0000
213,1929992954,optimized,3,14,11-15,2,1,0,26.50,0.1429
213,1929992954,nearest,3,14,11-15,2,1,0,26.50,0.1429
213,1929992954,earliest_deadline,3,14,11-15,1,1,0,26.50,0.0714
213,1929992954,optimized_global,3,14,11-15,2,1,0,26.50,0.1429
213,1929992954,nearest_global,3,14,11-15,2,1,0,26.50,0.1429
213,1929992954,earliest_deadline_global,3,14,11-15,0,1,0,26.50,0.0000
214,3165045575,optimized,3,19,16-20,1,1,0,26.25,0.0526
214,3165045575,nearest,3,19,16-20,1,1,0,26.25,0.0526
214,3165045575,earliest_deadline,3,19,16-20,0,1,0,26.25,0.0000
214,3165045575,optimized_global,3,19,16-20,3,1,0,26.25,0.1579
214,3165045575,nearest_global,3,19,16-20,2,1,0,26.25,0.1053
214,3165045575,earliest_deadline_global,3,19,16-20,0,1,0,26.25,0.0000
215,1169268603,optimized,4,12,11-15,0,1,0,26.25,0.0000
215,1169268603,nearest,4,12,11-15,0,1,0,26.25,0.0000
215,1169268603,earliest_deadline,4,12,11-15,0,1,0,26.25,0.0000
215,1169268603,optimized_global,4,12,11-15,0,1,0,26.25,0.0000
215,1169268603,nearest_global,4,12,11-15,0,1,0,26.25,0.0000
215,1169268603,earliest_deadline_global,4,12,11-15,0,1,0,26.25,0.0000
216,340391250,optimized,5,15,11-15,1,1,0,26.25,0.0667
216,340391250,nearest,5,15,11-15,1,1,0,26.25,0.0667
216,340391250,earliest_deadline,5,15,11-15,0,1,0,26.25,0.0000
216,340391250,optimized_global,5,15,11-15,2,1,0,26.25,0.1333
216,340391250,nearest_global,5,15,11-15,3,1,0,26.25,0.2000
216,340391250,earliest_deadline_global,5,15,11-15,0,1,0,26.25,0.0000
217,413996029,optimized,5,13,11-15,2,1,0,31.25,0.1538
217,413996029,nearest,5,13,11-15,2,1,0,31.25,0.1538
217,413996029,earliest_deadline,5,13,11-15,2,1,0,31.25,0.1538
217,413996029,optimized_global,5,13,11-15,6,1,0,31.25,0.4615
217,413996029,nearest_global,5,13,11-15,5,1,0,31.25,0.3846
217,413996029,earliest_deadline_global,5,13,11-15,2,1,0,31.25,0.1538
218,1919952255,optimized,3,15,11-15,2,1,0,30.25,0.1333
218,1919952255,nearest,3,15,11-15,2,1,0,30.25,0.1333
218,1919952255,earliest_deadline,3,15,11-15,0,1,0,30.25,0.0000
218,1919952255,optimized_global,3,15,11-15,2,1,0,30.25,0.1333
218,1919952255,nearest_global,3,15,11-15,3,1,0,30.25,0.2000
218,1919952255,earliest_deadline_global,3,15,11-15,0,1,0,30.25,0.0000
219,3876647773,optimized,4,16,16-20,1,1,0,25.00,0.0625
219,3876647773,nearest,4,16,16-20,1,1,0,25.00,0.0625
219,3876647773,earliest_deadline,4,16,16-20,0,1,0,25.00,0.0000
219,3876647773,optimized_global,4,16,16-20,0,1,0,25.00,0.0000
219,3876647773,nearest_global,4,16,16-20,1,1,0,25.00,0.0625
219,3876647773,earliest_deadline_global,4,16,16-20,0,1,0,25.00,0.0000
220,547938396,optimized,2,7,5-10,3,1,0,41.25,0.4286
220,547938396,nearest,2,7,5-10,3,1,0,41.25,0.4286
220,547938396,earliest_deadline,2,7,5-10,3,1,0,43.00,0.4286
220,547938396,optimized_global,2,7,5-10,3,1,0,41.25,0.4286
220,547938396,nearest_global,2,7,5-10,4,1,0,41.25,0.5714
220,547938396,earliest_deadline_global,2,7,5-10,3,1,0,43.00,0.4286
221,1957544258,optimized,2,5,5-10,2,1,0,41.25,0.4000
221,1957544258,nearest,2,5,5-10,2,1,0,41.25,0.4000
221,1957544258,earliest_deadline,2,5,5-10,3,1,0,46.25,0.6000
221,1957544258,optimized_global,2,5,5-10,4,1,0,46.75,0.8000
221,1957544258,nearest_global,2,5,5-10,4,1,0,46.75,0.8000
221,1957544258,earliest_deadline_global,2,5,5-10,3,1,0,46.75,0.6000
222,3023794674,optimized,5,6,5-10,1,1,0,27.50,0.1667
222,3023794674,nearest,5,6,5-10,1,1,0,27.50,0.1667
222,3023794674,earliest_deadline,5,6,5-10,0,1,0,27.50,0.0000
222,3023794674,optimized_global,5,6,5-10,1,1,0,27.50,0.1667
222,3023794674,nearest_global,5,6,5-10,0,1,0,27.50,0.0000
222,3023794674,earliest_deadline_global,5,6,5-10,0,1,0,27.50,0.0000
223,869144032,optimized,5,20,16-20,3,1,0,29.25,0.1500
223,869144032,nearest,5,20,16-20,3,1,0,29.25,0.1500
223,869144032,earliest_deadline,5,20,16-20,0,1,0,29.25,0.0000
223,869144032,optimized_global,5,20,16-20,4,1,0,29.25,0.2000
223,869144032,nearest_global,5,20,16-20,3,1,0,29.25,0.1500
223,869144032,earliest_deadline_global,5,20,16-20,2,1,0,29.25,0.1000
224,3099318831,optimized,4,11,11-15,2,1,0,29.50,0.1818
224,3099318831,nearest,4,11,11-15,2,1,0,29.50,0.1818
224,3099318831,earliest_deadline,4,11,11-15,2,1,0,29.50,0.1818
224,3099318831,optimized_global,4,11,11-15,2,1,0,29.50,0.1818
224,3099318831,nearest_global,4,11,11-15,3,1,0,29.50,0.2727
224,3099318831,earliest_deadline_global,4,11,11-15,1,1,0,29.50,0.0909
225,1314073693,optimized,4,6,5-10,4,1,0,45.75,0.6667
225,1314073693,nearest,4,6,5-10,4,1,0,45.75,0.6667
225,1314073693,earliest_deadline,4,6,5-10,4,1,0,45.75,0.6667
225,1314073693,optimized_global,4,6,5-10,2,1,0,39.25,0.3333
225,1314073693,nearest_global,4,6,5-10,4,1,0,37.25,0.6667
225,1314073693,earliest_deadline_global,4,6,5-10,2,1,0,39.25,0.3333
226,3473171459,optimized,4,8,5-10,4,1,0,35.50,0.5000
226,3473171459,nearest,4,8,5-10,4,1,0,35.50,0.5000
226,3473171459,earliest_deadline,4,8,5-10,2,1,0,32.50,0.2500
226,3473171459,optimized_global,4,8,5-10,3,1,0,31.75,0.3750
226,3473171459,nearest_global,4,8,5-10,3,1,0,31.75,0.3750
226,3473171459,earliest_deadline_global,4,8,5-10,3,1,0,32.50,0.3750
227,2487729104,optimized,5,10,5-10,2,1,0,29.25,0.2000
227,2487729104,nearest,5,10,5-10,2,1,0,29.25,0.2000
227,2487729104,earliest_deadline,5,10,5-10,0,1,0,29.25,0.0000
227,2487729104,optimized_global,5,10,5-10,2,1,0,29.25,0.2000
227,2487729104,nearest_global,5,10,5-10,3,1,0,29.25,0.3000
227,2487729104,earliest_deadline_global,5,10,5-10,1,1,0,29.25,0.1000
228,2348948848,optimized,2,10,5-10,1,1,0,24.75,0.1000
228,2348948848,nearest,2,10,5-10,1,1,0,24.75,0.1000
228,2348948848,earliest_deadline,2,10,5-10,0,1,0,24.75,0.0000
228,2348948848,optimized_global,2,10,5-10,1,1,0,24.75,0.1000
228,2348948848,nearest_global,2,10,5-10,1,1,0,24.75,0.1000
228,2348948848,earliest_deadline_global,2,10,5-10,0,1,0,24.75,0.0000
229,759233320,optimized,2,12,11-15,2,1,0,31.00,0.1667
229,759233320,nearest,2,12,11-15,2,1,0,31.00,0.1667
229,759233320,earliest_deadline,2,12,11-15,0,1,0,31.00,0.0000
229,759233320,optimized_global,2,12,11-15,2,1,0,31.00,0.1667
229,759233320,nearest_global,2,12,11-15,1,1,0,31.00,0.0833
229,759233320,earliest_deadline_global,2,12,11-15,0,1,0,31.00,0.0000
230,1989454230,optimized,5,6,5-10,2,1,0,33.00,0.3333
230,1989454230,nearest,5,6,5-10,2,1,0,33.00,0.3333
230,1989454230,earliest_deadline,5,6,5-10,2,1,0,33.00,0.3333
230,1989454230,optimized_global,5,6,5-10,3,1,0,33.00,0.5000
230,1989454230,nearest_global,5,6,5-10,2,1,0,31.25,0.3333
230,1989454230,earliest_deadline_global,5,6,5-10,3,1,0,33.00,0.5000
231,3679130334,optimized,5,11,11-15,3,1,0,30.25,0.2727
231,3679130334,nearest,5,11,11-15,3,1,0,30.25,0.2727
231,3679130334,earliest_deadline,5,11,11-15,2,1,0,30.25,0.1818
231,3679130334,optimized_global,5,11,11-15,3,1,0,30.25,0.2727
231,3679130334,nearest_global,5,11,11-15,4,1,0,30.25,0.3636
231,3679130334,earliest_deadline_global,5,11,11-15,0,1,0,30.25,0.0000
232,83854906,optimized,3,7,5-10,0,1,0,27.00,0.0000
232,83854906,nearest,3,7,5-10,0,1,0,27.00,0.0000
232,83854906,earliest_deadline,3,7,5-10,0,1,0,27.00,0.0000
232,83854906,optimized_global,3,7,5-10,0,1,0,27.00,0.0000
232,83854906,nearest_global,3,7,5-10,1,1,0,27.00,0.1429
232,83854906,earliest_deadline_global,3,7,5-10,0,1,0,27.00,0.0000
233,3257816573,optimized,3,14,11-15,0,1,0,28.50,0.0000
233,3257816573,nearest,3,14,11-15,0,1,0,28.50,0.0000
233,3257816573,earliest_deadline,3,14,11-15,0,1,0,28.50,0.0000
233,3257816573,optimized_global,3,14,11-15,1,1,0,28.50,0.0714
233,3257816573,nearest_global,3,14,11-15,1,1,0,28.50,0.0714
233,3257816573,earliest_deadline_global,3,14,11-15,0,1,0,28.50,0.0000
234,2116398356,optimized,5,7,5-10,1,1,0,28.75,0.1429
234,2116398356,nearest,5,7,5-10,1,1,0,28.75,0.1429
234,2116398356,earliest_deadline,5,7,5-10,1,1,0,28.75,0.1429
234,2116398356,optimized_global,5,7,5-10,1,1,0,28.75,0.1429
234,2116398356,nearest_global,5,7,5-10,0,1,0,28.75,0.0000
234,2116398356,earliest_deadline_global,5,7,5-10,1,1,0,28.75,0.1429
235,3090069865,optimized,5,5,5-10,2,1,0,39.75,0.4000
235,3090069865,nearest,5,5,5-10,2,1,0,39.75,0.4000
235,3090069865,earliest_deadline,5,5,5-10,2,1,0,41.00,0.4000
235,3090069865,optimized_global,5,5,5-10,4,1,0,41.00,0.8000
235,3090069865,nearest_global,5,5,5-10,4,1,0,41.00,0.8000
235,3090069865,earliest_deadline_global,5,5,5-10,2,1,0,41.00,0.4000
236,2848843272,optimized,2,20,16-20,1,1,0,26.50,0.0500
236,2848843272,nearest,2,20,16-20,0,1,0,26.50,0.0000
236,2848843272,earliest_deadline,2,20,16-20,0,1,0,26.50,0.0000
236,2848843272,optimized_global,2,20,16-20,1,1,0,26.50,0.0500
236,2848843272,nearest_global,2,20,16-20,1,1,0,26.50,0.0500
236,2848843272,earliest_deadline_global,2,20,16-20,0,1,0,26.50,0.0000
237,1855825473,optimized,5,11,11-15,6,1,0,39.00,0.5455
237,1855825473,nearest,5,11,11-15,6,1,0,39.00,0.5455
237,1855825473,earliest_deadline,5,11,11-15,3,1,0,39.00,0.2727
237,1855825473,optimized_global,5,11,11-15,3,1,0,31.00,0.2727
237,1855825473,nearest_global,5,11,11-15,3,1,0,31.00,0.2727
237,1855825473,earliest_deadline_global,5,11,11-15,3,1,0,39.00,0.2727
238,1325715531,optimized,3,6,5-10,2,1,0,36.50,0.3333
238,1325715531,nearest,3,6,5-10,2,1,0,36.50,0.3333
238,1325715531,earliest_deadline,3,6,5-10,1,2,0,38.75,0.1667
238,1325715531,optimized_global,3,6,5-10,3,1,0,36.50,0.5000
238,1325715531,nearest_global,3,6,5-10,3,1,0,36.50,0.5000
238,1325715531,earliest_deadline_global,3,6,5-10,2,1,0,36.50,0.3333
239,2694270954,optimized,5,10,5-10,2,1,0,30.75,0.2000
239,2694270954,nearest,5,10,5-10,2,1,0,30.75,0.2000
239,2694270954,earliest_deadline,5,10,5-10,0,1,0,30.75,0.0000
239,2694270954,optimized_global,5,10,5-10,2,1,0,30.75,0.2000
239,2694270954,nearest_global,5,10,5-10,1,1,0,30.75,0.1000
239,2694270954,earliest_deadline_global,5,10,5-10,1,1,0,30.75,0.1000
240,602258654,optimized,5,10,5-10,0,1,0,24.00,0.0000
240,602258654,nearest,5,10,5-10,0,1,0,24.00,0.0000
240,602258654,earliest_deadline,5,10,5-10,0,1,0,24.00,0.0000
240,602258654,optimized_global,5,10,5-10,1,1,0,24.00,0.1000
240,602258654,nearest_global,5,10,5-10,0,1,0,24.00,0.0000
240,602258654,earliest_deadline_global,5,10,5-10,0,1,0,24.00,0.0000
241,2508681673,optimized,5,20,16-20,4,1,0,28.50,0.2000
241,2508681673,nearest,5,20,16-20,4,1,0,28.50,0.2000
241,2508681673,earliest_deadline,5,20,16-20,0,1,0,28.50,0.0000
241,2508681673,optimized_global,5,20,16-20,5,1,0,28.50,0.2500
241,2508681673,nearest_global,5,20,16-20,4,1,0,28.50,0.2000
241,2508681673,earliest_deadline_global,5,20,16-20,0,1,0,28.50,0.0000
242,406710606,optimized,4,5,5-10,1,1,0,33.25,0.2000
242,406710606,nearest,4,5,5-10,1,1,0,33.25,0.2000
242,406710606,earliest_deadline,4,5,5-10,1,1,0,33.25,0.2000
242,406710606,optimized_global,4,5,5-10,1,1,0,30.75,0.2000
242,406710606,nearest_global,4,5,5-10,2,1,0,30.75,0.4000
242,406710606,earliest_deadline_global,4,5,5-10,1,1,0,33.25,0.2000
243,2791069900,optimized,4,17,16-20,4,1,0,35.50,0.2353
243,2791069900,nearest,4,17,16-20,4,1,0,35.50,0.2353
243,2791069900,earliest_deadline,4,17,16-20,4,1,0,38.50,0.2353
243,2791069900,optimized_global,4,17,16-20,4,1,0,35.50,0.2353
243,2791069900,nearest_global,4,17,16-20,3,1,0,35.50,0.1765
243,2791069900,earliest_deadline_global,4,17,16-20,4,1,0,41.25,0.2353
244,2700440444,optimized,3,14,11-15,2,1,0,26.00,0.1429
244,2700440444,nearest,3,14,11-15,2,1,0,26.00,0.1429
244,2700440444,earliest_deadline,3,14,11-15,0,1,0,26.00,0.0000
244,2700440444,optimized_global,3,14,11-15,2,1,0,26.00,0.1429
244,2700440444,nearest_global,3,14,11-15,1,1,0,26.00,0.0714
244,2700440444,earliest_deadline_global,3,14,11-15,0,1,0,26.00,0.0000
245,362685596,optimized,5,13,11-15,1,1,0,25.50,0.0769
245,362685596,nearest,5,13,11-15,1,1,0,25.50,0.0769
245,362685596,earliest_deadline,5,13,11-15,0,1,0,25.50,0.0000
245,362685596,optimized_global,5,13,11-15,1,1,0,25.50,0.0769
245,362685596,nearest_global,5,13,11-15,0,1,0,25.50,0.0000
245,362685596,earliest_deadline_global,5,13,11-15,0,1,0,25.50,0.0000
246,3253385738,optimized,2,11,11-15,0,1,0,26.25,0.0000
246,3253385738,nearest,2,11,11-15,0,1,0,26.25,0.0000
246,3253385738,earliest_deadline,2,11,11-15,0,1,0,26.25,0.0000
246,3253385738,optimized_global,2,11,11-15,2,1,0,26.25,0.1818
246,3253385738,nearest_global,2,11,11-15,1,1,0,26.25,0.0909
246,3253385738,earliest_deadline_global,2,11,11-15,0,1,0,26.25,0.0000
247,1785879192,optimized,3,9,5-10,3,1,0,31.75,0.3333
247,1785879192,nearest,3,9,5-10,3,1,0,31.75,0.3333
247,1785879192,earliest_deadline,3,9,5-10,1,1,0,31.75,0.1111
247,1785879192,optimized_global,3,9,5-10,3,1,0,31.75,0.3333
247,1785879192,nearest_global,3,9,5-10,2,1,0,31.75,0.2222
247,1785879192,earliest_deadline_global,3,9,5-10,1,1,0,31.75,0.1111
248,3379651601,optimized,5,14,11-15,0,1,0,26.25,0.0000
248,3379651601,nearest,5,14,11-15,0,1,0,26.25,0.0000
248,3379651601,earliest_deadline,5,14,11-15,0,1,0,26.25,0.0000
248,3379651601,optimized_global,5,14,11-15,0,1,0,26.25,0.0000
248,3379651601,nearest_global,5,14,11-15,0,1,0,26.25,0.0000
248,3379651601,earliest_deadline_global,5,14,11-15,0,1,0,26.25,0.0000
249,178731514,optimized,5,20,16-20,2,1,0,26.75,0.1000
249,178731514,nearest,5,20,16-20,2,1,0,26.75,0.1000
249,178731514,earliest_deadline,5,20,16-20,0,1,0,26.75,0.0000
249,178731514,optimized_global,5,20,16-20,3,1,0,26.75,0.1500
249,178731514,nearest_global,5,20,16-20,3,1,0,26.75,0.1500
249,178731514,earliest_deadline_global,5,20,16-20,1,1,0,26.75,0.0500
250,770759791,optimized,4,20,16-20,4,1,0,30.25,0.2000
250,770759791,nearest,4,20,16-20,4,1,0,30.25,0.2000
250,770759791,earliest_deadline,4,20,16-20,3,1,0,31.00,0.1500
250,770759791,optimized_global,4,20,16-20,4,1,0,30.25,0.2000
250,770759791,nearest_global,4,20,16-20,4,1,0,30.25,0.2000
250,770759791,earliest_deadline_global,4,20,16-20,2,1,0,31.00,0.1000
251,2121674412,optimized,2,8,5-10,2,1,0,29.25,0.2500
251,2121674412,nearest,2,8,5-10,2,1,0,29.25,0.2500
251,2121674412,earliest_deadline,2,8,5-10,0,1,0,29.25,0.0000
251,2121674412,optimized_global,2,8,5-10,2,1,0,29.25,0.2500
251,2121674412,nearest_global,2,8,5-10,2,1,0,29.25,0.2500
251,2121674412,earliest_deadline_global,2,8,5-10,0,1,0,29.25,0.0000
252,808420957,optimized,2,9,5-10,2,1,0,33.25,0.2222
252,808420957,nearest,2,9,5-10,2,1,0,33.25,0.2222
252,808420957,earliest_deadline,2,9,5-10,1,1,0,34.50,0.1111
252,808420957,optimized_global,2,9,5-10,2,1,0,33.25,0.2222
252,808420957,nearest_global,2,9,5-10,2,1,0,33.25,0.2222
252,808420957,earliest_deadline_global,2,9,5-10,1,1,0,34.50,0.1111
253,1416743118,optimized,5,11,11-15,4,1,0,31.25,0.3636
253,1416743118,nearest,5,11,11-15,4,1,0,31.25,0.3636
253,1416743118,earliest_deadline,5,11,11-15,3,1,0,31.25,0.2727
253,1416743118,optimized_global,5,11,11-15,3,1,0,30.75,0.2727
253,1416743118,nearest_global,5,11,11-15,3,1,0,30.75,0.2727
253,1416743118,earliest_deadline_global,5,11,11-15,2,1,0,31.25,0.1818
254,2837251287,optimized,3,13,11-15,2,1,0,27.50,0.1538
254,2837251287,nearest,3,13,11-15,1,1,0,27.50,0.0769
254,2837251287,earliest_deadline,3,13,11-15,0,1,0,27.50,0.0000
254,2837251287,optimized_global,3,13,11-15,2,1,0,27.50,0.1538
254,2837251287,nearest_global,3,13,11-15,1,1,0,27.50,0.0769
254,2837251287,earliest_deadline_global,3,13,11-15,0,1,0,27.50,0.0000
255,620726663,optimized,5,17,16-20,0,1,0,27.25,0.0000
255,620726663,nearest,5,17,16-20,0,1,0,27.25,0.0000
255,620726663,earliest_deadline,5,17,16-20,0,1,0,27.25,0.0000
255,620726663,optimized_global,5,17,16-20,0,1,0,27.25,0.0000
255,620726663,nearest_global,5,17,16-20,0,1,0,27.25,0.0000
255,620726663,earliest_deadline_global,5,17,16-20,0,1,0,27.25,0.0000
256,2910711968,optimized,5,15,11-15,1,1,0,26.00,0.0667
256,2910711968,nearest,5,15,11-15,1,1,0,26.00,0.0667
256,2910711968,earliest_deadline,5,15,11-15,0,1,0,26.00,0.0000
256,2910711968,optimized_global,5,15,11-15,2,1,0,26.00,0.1333
256,2910711968,nearest_global,5,15,11-15,1,1,0,26.00,0.0667
256,2910711968,earliest_deadline_global,5,15,11-15,0,1,0,26.00,0.0000
257,444112363,optimized,2,14,11-15,1,1,0,31.25,0.0714
257,444112363,nearest,2,14,11-15,1,1,0,31.25,0.0714
257,444112363,earliest_deadline,2,14,11-15,0,1,0,31.25,0.0000
257,444112363,optimized_global,2,14,11-15,2,1,0,31.25,0.1429
257,444112363,nearest_global,2,14,11-15,2,1,0,31.25,0.1429
257,444112363,earliest_deadline_global,2,14,11-15,0,1,0,31.25,0.0000
258,752414614,optimized,2,13,11-15,2,1,0,28.50,0.1538
258,752414614,nearest,2,13,11-15,2,1,0,28.50,0.1538
258,752414614,earliest_deadline,2,13,11-15,0,1,0,28.50,0.0000
258,752414614,optimized_global,2,13,11-15,2,1,0,28.50,0.1538
258,752414614,nearest_global,2,13,11-15,1,1,0,28.50,0.0769
258,752414614,earliest_deadline_global,2,13,11-15,0,1,0,28.50,0.0000
259,2523914218,optimized,5,15,11-15,4,1,0,34.75,0.2667
259,2523914218,nearest,5,15,11-15,4,1,0,34.75,0.2667
259,2523914218,earliest_deadline,5,15,11-15,3,1,0,35.50,0.2000
259,2523914218,optimized_global,5,15,11-15,5,1,0,33.00,0.3333
259,2523914218,nearest_global,5,15,11-15,5,1,0,33.00,0.3333
259,2523914218,earliest_deadline_global,5,15,11-15,3,1,0,34.75,0.2000
260,3407984542,optimized,4,20,16-20,0,1,0,26.25,0.0000
260,3407984542,nearest,4,20,16-20,0,1,0,26.25,0.0000
260,3407984542,earliest_deadline,4,20,16-20,0,1,0,26.25,0.0000
260,3407984542,optimized_global,4,20,16-20,0,1,0,26.25,0.0000
260,3407984542,nearest_global,4,20,16-20,0,1,0,26.25,0.0000
260,3407984542,earliest_deadline_global,4,20,16-20,0,1,0,26.25,0.0000
261,732691219,optimized,2,10,5-10,1,1,0,30.50,0.1000
261,732691219,nearest,2,10,5-10,1,1,0,30.50,0.1000
261,732691219,earliest_deadline,2,10,5-10,0,1,0,30.50,0.0000
261,732691219,optimized_global,2,10,5-10,2,1,0,30.50,0.2000
261,732691219,nearest_global,2,10,5-10,2,1,0,30.50,0.2000
261,732691219,earliest_deadline_global,2,10,5-10,0,1,0,30.50,0.0000
262,1288459225,optimized,5,16,16-20,0,1,0,24.00,0.0000
262,1288459225,nearest,5,16,16-20,0,1,0,24.00,0.0000
262,1288459225,earliest_deadline,5,16,16-20,0,1,0,24.00,0.0000
262,1288459225,optimized_global,5,16,16-20,1,1,0,24.00,0.0625
262,1288459225,nearest_global,5,16,16-20,1,1,0,24.00,0.0625
262,1288459225,earliest_deadline_global,5,16,16-20,0,1,0,24.00,0.0000
263,3973360652,optimized,5,10,5-10,3,1,0,31.50,0.3000
263,3973360652,nearest,5,10,5-10,3,1,0,31.50,0.3000
263,3973360652,earliest_deadline,5,10,5-10,0,1,0,31.50,0.0000
263,3973360652,optimized_global,5,10,5-10,3,1,0,31.50,0.3000
263,3973360652,nearest_global,5,10,5-10,2,1,0,31.50,0.2000
263,3973360652,earliest_deadline_global,5,10,5-10,1,1,0,31.50,0.1000
264,4250659085,optimized,3,5,5-10,5,0,1,62.75,1.0000
264,4250659085,nearest,3,5,5-10,5,0,1,62.00,1.0000
264,4250659085,earliest_deadline,3,5,5-10,4,1,0,75.25,0.8000
264,4250659085,optimized_global,3,5,5-10,5,0,1,50.25,1.0000
264,4250659085,nearest_global,3,5,5-10,1,1,0,33.00,0.2000
264,4250659085,earliest_deadline_global,3,5,5-10,5,0,1,58.75,1.0000
265,2495638590,optimized,5,12,11-15,3,1,0,29.75,0.2500
265,2495638590,nearest,5,12,11-15,3,1,0,29.75,0.2500
265,2495638590,earliest_deadline,5,12,11-15,1,1,0,29.75,0.0833
265,2495638590,optimized_global,5,12,11-15,4,1,0,29.75,0.3333
265,2495638590,nearest_global,5,12,11-15,3,1,0,29.75,0.2500
265,2495638590,earliest_deadline_global,5,12,11-15,0,1,0,29.75,0.0000
266,1920014241,optimized,5,18,16-20,1,1,0,25.75,0.0556
266,1920014241,nearest,5,18,16-20,1,1,0,25.75,0.0556
266,1920014241,earliest_deadline,5,18,16-20,0,1,0,25.75,0.0000
266,1920014241,optimized_global,5,18,16-20,1,1,0,25.75,0.0556
266,1920014241,nearest_global,5,18,16-20,0,1,0,25.75,0.0000
266,1920014241,earliest_deadline_global,5,18,16-20,0,1,0,25.75,0.0000
267,1489794465,optimized,3,18,16-20,0,1,0,24.50,0.0000
267,1489794465,nearest,3,18,16-20,0,1,0,24.50,0.0000
267,1489794465,earliest_deadline,3,18,16-20,0,1,0,24.50,0.0000
267,1489794465,optimized_global,3,18,16-20,0,1,0,24.50,0.0000
267,1489794465,nearest_global,3,18,16-20,0,1,0,24.50,0.0000
267,1489794465,earliest_deadline_global,3,18,16-20,0,1,0,24.50,0.0000
268,2630460964,optimized,4,12,11-15,5,1,0,34.00,0.4167
268,2630460964,nearest,4,12,11-15,5,1,0,34.00,0.4167
268,2630460964,earliest_deadline,4,12,11-15,3,1,0,34.00,0.2500
268,2630460964,optimized_global,4,12,11-15,5,1,0,34.00,0.4167
268,2630460964,nearest_global,4,12,11-15,5,1,0,34.00,0.4167
268,2630460964,earliest_deadline_global,4,12,11-15,3,1,0,34.00,0.2500
269,2537962709,optimized,4,17,16-20,3,1,0,28.75,0.1765
269,2537962709,nearest,4,17,16-20,3,1,0,28.75,0.1765
269,2537962709,earliest_deadline,4,17,16-20,1,1,0,28.75,0.0588
269,2537962709,optimized_global,4,17,16-20,4,1,0,28.75,0.2353
269,2537962709,nearest_global,4,17,16-20,4,1,0,28.75,0.2353
269,2537962709,earliest_deadline_global,4,17,16-20,0,1,0,28.75,0.0000
270,1265954640,optimized,2,19,16-20,0,1,0,27.50,0.0000
270,1265954640,nearest,2,19,16-20,0,1,0,27.50,0.0000
270,1265954640,earliest_deadline,2,19,16-20,0,1,0,27.50,0.0000
270,1265954640,optimized_global,2,19,16-20,1,1,0,27.50,0.0526
270,1265954640,nearest_global,2,19,16-20,0,1,0,27.50,0.0000
270,1265954640,earliest_deadline_global,2,19,16-20,0,1,0,27.50,0.0000
271,97941879,optimized,4,16,16-20,3,1,0,28.75,0.1875
271,97941879,nearest,4,16,16-20,3,1,0,28.75,0.1875
271,97941879,earliest_deadline,4,16,16-20,1,1,0,28.75,0.0625
271,97941879,optimized_global,4,16,16-20,5,1,0,28.75,0.3125
271,97941879,nearest_global,4,16,16-20,4,1,0,28.75,0.2500
271,97941879,earliest_deadline_global,4,16,16-20,1,1,0,28.75,0.0625
272,650680272,optimized,4,7,5-10,3,1,0,30.75,0.4286
272,650680272,nearest,4,7,5-10,3,1,0,30.75,0.4286
272,650680272,earliest_deadline,4,7,5-10,1,1,0,30.75,0.1429
272,650680272,optimized_global,4,7,5-10,3,1,0,30.75,0.4286
272,650680272,nearest_global,4,7,5-10,4,1,0,30.75,0.5714
272,650680272,earliest_deadline_global,4,7,5-10,0,1,0,30.75,0.0000
273,4116980471,optimized,3,7,5-10,3,1,0,34.25,0.4286
273,4116980471,nearest,3,7,5-10,3,1,0,34.25,0.4286
273,4116980471,earliest_deadline,3,7,5-10,2,1,0,34.25,0.2857
273,4116980471,optimized_global,3,7,5-10,4,1,0,51.50,0.5714
273,4116980471,nearest_global,3,7,5-10,4,1,0,51.50,0.5714
273,4116980471,earliest_deadline_global,3,7,5-10,1,1,0,34.25,0.1429
274,1795961675,optimized,2,19,16-20,0,1,0,24.75,0.0000
274,1795961675,nearest,2,19,16-20,0,1,0,24.75,0.0000
274,1795961675,earliest_deadline,2,19,16-20,0,1,0,24.75,0.0000
274,1795961675,optimized_global,2,19,16-20,1,1,0,24.75,0.0526
274,1795961675,nearest_global,2,19,16-20,1,1,0,24.75,0.0526
274,1795961675,earliest_deadline_global,2,19,16-20,0,1,0,24.75,0.0000
275,2071477487,optimized,2,6,5-10,1,1,0,26.00,0.1667
275,2071477487,nearest,2,6,5-10,1,1,0,26.00,0.1667
275,2071477487,earliest_deadline,2,6,5-10,0,1,0,26.00,0.0000
275,2071477487,optimized_global,2,6,5-10,0,1,0,26.00,0.0000
275,2071477487,nearest_global,2,6,5-10,1,1,0,26.00,0.1667
275,2071477487,earliest_deadline_global,2,6,5-10,0,1,0,26.00,0.0000
276,2006211661,optimized,2,11,11-15,2,1,0,29.75,0.1818
276,2006211661,nearest,2,11,11-15,2,1,0,29.75,0.1818
276,2006211661,earliest_deadline,2,11,11-15,0,1,0,29.75,0.0000
276,2006211661,optimized_global,2,11,11-15,2,1,0,29.75,0.1818
276,2006211661,nearest_global,2,11,11-15,2,1,0,29.75,0.1818
276,2006211661,earliest_deadline_global,2,11,11-15,0,1,0,29.75,0.0000
277,3361822201,optimized,5,10,5-10,0,1,0,26.75,0.0000
277,3361822201,nearest,5,10,5-10,0,1,0,26.75,0.0000
277,3361822201,earliest_deadline,5,10,5-10,0,1,0,26.75,0.0000
277,3361822201,optimized_global,5,10,5-10,0,1,0,26.75,0.0000
277,3361822201,nearest_global,5,10,5-10,0,1,0,26.75,0.0000
277,3361822201,earliest_deadline_global,5,10,5-10,0,1,0,26.75,0.0000
278,278986327,optimized,5,18,16-20,5,1,0,32.50,0.2778
278,278986327,nearest,5,18,16-20,5,1,0,32.50,0.2778
278,278986327,earliest_deadline,5,18,16-20,4,1,0,34.00,0.2222
278,278986327,optimized_global,5,18,16-20,5,1,0,32.50,0.2778
278,278986327,nearest_global,5,18,16-20,5,1,0,32.50,0.2778
278,278986327,earliest_deadline_global,5,18,16-20,5,1,0,37.00,0.2778
279,355322643,optimized,4,5,5-10,1,1,0,33.25,0.2000
279,355322643,nearest,4,5,5-10,1,1,0,33.25,0.2000
279,355322643,earliest_deadline,4,5,5-10,0,1,0,33.25,0.0000
279,355322643,optimized_global,4,5,5-10,2,1,0,33.25,0.4000
279,355322643,nearest_global,4,5,5-10,1,1,0,33.25,0.2000
279,355322643,earliest_deadline_global,4,5,5-10,1,1,0,33.25,0.2000
280,1184754899,optimized,3,16,16-20,5,1,0,36.50,0.3125
280,1184754899,nearest,3,16,16-20,6,1,0,36.50,0.3750
280,1184754899,earliest_deadline,3,16,16-20,3,1,0,35.25,0.1875
280,1184754899,optimized_global,3,16,16-20,6,1,0,38.50,0.3750
280,1184754899,nearest_global,3,16,16-20,5,1,0,38.50,0.3125
280,1184754899,earliest_deadline_global,3,16,16-20,2,1,0,35.25,0.1250
281,2090181614,optimized,5,14,11-15,6,1,0,36.25,0.4286
281,2090181614,nearest,5,14,11-15,5,1,0,36.25,0.3571
281,2090181614,earliest_deadline,5,14,11-15,5,1,0,38.75,0.3571
281,2090181614,optimized_global,5,14,11-15,8,1,0,36.25,0.5714
281,2090181614,nearest_global,5,14,11-15,10,1,0,40.50,0.7143
281,2090181614,earliest_deadline_global,5,14,11-15,7,1,0,40.50,0.5000
282,2882455802,optimized,3,11,11-15,2,1,0,26.25,0.1818
282,2882455802,nearest,3,11,11-15,2,1,0,26.25,0.1818
282,2882455802,earliest_deadline,3,11,11-15,1,1,0,26.25,0.0909
282,2882455802,optimized_global,3,11,11-15,2,1,0,26.25,0.1818
282,2882455802,nearest_global,3,11,11-15,1,1,0,26.25,0.0909
282,2882455802,earliest_deadline_global,3,11,11-15,0,1,0,26.25,0.0000
283,2107570491,optimized,4,17,16-20,4,1,0,33.75,0.2353
283,2107570491,nearest,4,17,16-20,4,1,0,33.75,0.2353
283,2107570491,earliest_deadline,4,17,16-20,2,1,0,33.75,0.1176
283,2107570491,optimized_global,4,17,16-20,5,1,0,33.75,0.2941
283,2107570491,nearest_global,4,17,16-20,5,1,0,33.75,0.2941
283,2107570491,earliest_deadline_global,4,17,16-20,3,1,0,33.75,0.1765
284,1894802463,optimized,5,11,11-15,1,1,0,28.25,0.0909
284,1894802463,nearest,5,11,11-15,1,1,0,28.25,0.0909
284,1894802463,earliest_deadline,5,11,11-15,0,1,0,28.25,0.0000
284,1894802463,optimized_global,5,11,11-15,3,1,0,28.25,0.2727
284,1894802463,nearest_global,5,11,11-15,3,1,0,28.25,0.2727
284,1894802463,earliest_deadline_global,5,11,11-15,0,1,0,28.25,0.0000
285,4027933952,optimized,3,11,11-15,0,1,0,26.25,0.0000
285,4027933952,nearest,3,11,11-15,0,1,0,26.25,0.0000
285,4027933952,earliest_deadline,3,11,11-15,0,1,0,26.25,0.0000
285,4027933952,optimized_global,3,11,11-15,0,1,0,26.25,0.0000
285,4027933952,nearest_global,3,11,11-15,0,1,0,26.25,0.0000
285,4027933952,earliest_deadline_global,3,11,11-15,0,1,0,26.25,0.0000
286,691571098,optimized,4,8,5-10,1,1,0,29.25,0.1250
286,691571098,nearest,4,8,5-10,1,1,0,29.25,0.1250
286,691571098,earliest_deadline,4,8,5-10,1,1,0,29.25,0.1250
286,691571098,optimized_global,4,8,5-10,4,1,0,29.25,0.5000
286,691571098,nearest_global,4,8,5-10,2,1,0,29.25,0.2500
286,691571098,earliest_deadline_global,4,8,5-10,1,1,0,29.25,0.1250
287,2455553286,optimized,2,11,11-15,3,1,0,35.00,0.2727
287,2455553286,nearest,2,11,11-15,3,1,0,35.00,0.2727
287,2455553286,earliest_deadline,2,11,11-15,2,1,0,36.00,0.1818
287,2455553286,optimized_global,2,11,11-15,3,1,0,35.00,0.2727
287,2455553286,nearest_global,2,11,11-15,3,1,0,35.00,0.2727
287,2455553286,earliest_deadline_global,2,11,11-15,2,1,0,37.00,0.1818
288,2328923119,optimized,3,15,11-15,0,1,0,28.75,0.0000
288,2328923119,nearest,3,15,11-15,0,1,0,28.75,0.0000
288,2328923119,earliest_deadline,3,15,11-15,0,1,0,28.75,0.0000
288,2328923119,optimized_global,3,15,11-15,2,1,0,28.75,0.1333
288,2328923119,nearest_global,3,15,11-15,2,1,0,28.75,0.1333
288,2328923119,earliest_deadline_global,3,15,11-15,0,1,0,28.75,0.0000
289,2033621491,optimized,2,10,5-10,0,1,0,25.25,0.0000
289,2033621491,nearest,2,10,5-10,0,1,0,25.25,0.0000
289,2033621491,earliest_deadline,2,10,5-10,0,1,0,25.25,0.0000
289,2033621491,optimized_global,2,10,5-10,0,1,0,25.25,0.0000
289,2033621491,nearest_global,2,10,5-10,0,1,0,25.25,0.0000
289,2033621491,earliest_deadline_global,2,10,5-10,0,1,0,25.25,0.0000
290,3468604601,optimized,3,18,16-20,2,1,0,28.50,0.1111
290,3468604601,nearest,3,18,16-20,2,1,0,28.50,0.1111
290,3468604601,earliest_deadline,3,18,16-20,0,1,0,28.50,0.0000
290,3468604601,optimized_global,3,18,16-20,2,1,0,28.50,0.1111
290,3468604601,nearest_global,3,18,16-20,2,1,0,28.50,0.1111
290,3468604601,earliest_deadline_global,3,18,16-20,0,1,0,28.50,0.0000
291,1146651740,optimized,2,8,5-10,2,1,0,37.50,0.2500
291,1146651740,nearest,2,8,5-10,2,1,0,37.50,0.2500
291,1146651740,earliest_deadline,2,8,5-10,2,1,0,40.25,0.2500
291,1146651740,optimized_global,2,8,5-10,1,1,0,30.75,0.1250
291,1146651740,nearest_global,2,8,5-10,0,1,0,30.75,0.0000
291,1146651740,earliest_deadline_global,2,8,5-10,1,1,0,37.50,0.1250
292,4096423252,optimized,4,14,11-15,3,1,0,30.75,0.2143
292,4096423252,nearest,4,14,11-15,3,1,0,30.75,0.2143
292,4096423252,earliest_deadline,4,14,11-15,2,1,0,30.75,0.1429
292,4096423252,optimized_global,4,14,11-15,4,1,0,30.75,0.2857
292,4096423252,nearest_global,4,14,11-15,4,1,0,30.75,0.2857
292,4096423252,earliest_deadline_global,4,14,11-15,1,1,0,30.75,0.0714
293,1424077998,optimized,3,5,5-10,3,1,0,44.00,0.6000
293,1424077998,nearest,3,5,5-10,3,1,0,44.00,0.6000
293,1424077998,earliest_deadline,3,5,5-10,2,1,0,54.00,0.4000
293,1424077998,optimized_global,3,5,5-10,3,1,0,44.00,0.6000
293,1424077998,nearest_global,3,5,5-10,3,1,0,44.00,0.6000
293,1424077998,earliest_deadline_global,3,5,5-10,4,1,0,54.00,0.8000
294,2340776422,optimized,4,9,5-10,1,1,0,29.50,0.1111
294,2340776422,nearest,4,9,5-10,1,1,0,29.50,0.1111
294,2340776422,earliest_deadline,4,9,5-10,1,1,0,29.50,0.1111
294,2340776422,optimized_global,4,9,5-10,2,1,0,29.50,0.2222
294,2340776422,nearest_global,4,9,5-10,2,1,0,29.50,0.2222
294,2340776422,earliest_deadline_global,4,9,5-10,1,1,0,29.50,0.1111
295,2236270939,optimized,4,10,5-10,2,1,0,32.00,0.2000
295,2236270939,nearest,4,10,5-10,2,1,0,32.00,0.2000
295,2236270939,earliest_deadline,4,10,5-10,1,1,0,32.00,0.1000
295,2236270939,optimized_global,4,10,5-10,3,1,0,32.00,0.3000
295,2236270939,nearest_global,4,10,5-10,3,1,0,32.00,0.3000
295,2236270939,earliest_deadline_global,4,10,5-10,1,1,0,32.00,0.1000
296,3649768269,optimized,5,5,5-10,0,1,0,29.25,0.0000
296,3649768269,nearest,5,5,5-10,0,1,0,29.25,0.0000
296,3649768269,earliest_deadline,5,5,5-10,0,1,0,29.25,0.0000
296,3649768269,optimized_global,5,5,5-10,0,1,0,29.25,0.0000
296,3649768269,nearest_global,5,5,5-10,2,1,0,29.25,0.4000
296,3649768269,earliest_deadline_global,5,5,5-10,0,1,0,29.25,0.0000
297,1885110366,optimized,5,14,11-15,1,1,0,25.75,0.0714
297,1885110366,nearest,5,14,11-15,0,1,0,25.75,0.0000
297,1885110366,earliest_deadline,5,14,11-15,0,1,0,25.75,0.0000
297,1885110366,optimized_global,5,14,11-15,2,1,0,25.75,0.1429
297,1885110366,nearest_global,5,14,11-15,1,1,0,25.75,0.0714
297,1885110366,earliest_deadline_global,5,14,11-15,0,1,0,25.75,0.0000
298,1222171422,optimized,4,13,11-15,3,1,0,30.00,0.2308
298,1222171422,nearest,4,13,11-15,3,1,0,30.00,0.2308
298,1222171422,earliest_deadline,4,13,11-15,3,1,0,34.75,0.2308
298,1222171422,optimized_global,4,13,11-15,4,1,0,30.00,0.3077
298,1222171422,nearest_global,4,13,11-15,2,1,0,30.00,0.1538
298,1222171422,earliest_deadline_global,4,13,11-15,4,1,0,43.25,0.3077
299,92823175,optimized,2,19,16-20,0,1,0,23.50,0.0000
299,92823175,nearest,2,19,16-20,0,1,0,23.50,0.0000
299,92823175,earliest_deadline,2,19,16-20,0,1,0,23.50,0.0000
299,92823175,optimized_global,2,19,16-20,0,1,0,23.50,0.0000
299,92823175,nearest_global,2,19,16-20,0,1,0,23.50,0.0000
299,92823175,earliest_deadline_global,2,19,16-20,0,1,0,23.50,0.0000
300,1561986205,optimized,2,11,11-15,2,1,0,28.50,0.1818
300,1561986205,nearest,2,11,11-15,2,1,0,28.50,0.1818
300,1561986205,earliest_deadline,2,11,11-15,1,1,0,28.50,0.0909
300,1561986205,optimized_global,2,11,11-15,2,1,0,28.50,0.1818
300,1561986205,nearest_global,2,11,11-15,0,1,0,28.50,0.0000
300,1561986205,earliest_deadline_global,2,11,11-15,0,1,0,28.50,0.0000
301,3548896790,optimized,3,13,11-15,1,1,0,27.00,0.0769
301,3548896790,nearest,3,13,11-15,1,1,0,27.00,0.0769
301,3548896790,earliest_deadline,3,13,11-15,0,1,0,27.00,0.0000
301,3548896790,optimized_global,3,13,11-15,3,1,0,27.00,0.2308
301,3548896790,nearest_global,3,13,11-15,2,1,0,27.00,0.1538
301,3548896790,earliest_deadline_global,3,13,11-15,0,1,0,27.00,0.0000
302,42589738,optimized,2,16,16-20,2,1,0,32.25,0.1250
302,42589738,nearest,2,16,16-20,2,1,0,32.25,0.1250
302,42589738,earliest_deadline,2,16,16-20,1,1,0,34.50,0.0625
302,42589738,optimized_global,2,16,16-20,2,1,0,32.25,0.1250
302,42589738,nearest_global,2,16,16-20,3,1,0,32.25,0.1875
302,42589738,earliest_deadline_global,2,16,16-20,1,1,0,34.50,0.0625
303,3848981206,optimized,2,13,11-15,2,1,0,33.75,0.1538
303,3848981206,nearest,2,13,11-15,2,1,0,33.75,0.1538
303,3848981206,earliest_deadline,2,13,11-15,2,1,0,38.25,0.1538
303,3848981206,optimized_global,2,13,11-15,2,1,0,33.75,0.1538
303,3848981206,nearest_global,2,13,11-15,2,1,0,33.75,0.1538
303,3848981206,earliest_deadline_global,2,13,11-15,1,1,0,34.25,0.0769
304,2331424604,optimized,3,5,5-10,2,1,0,40.75,0.4000
304,2331424604,nearest,3,5,5-10,2,1,0,40.75,0.4000
304,2331424604,earliest_deadline,3,5,5-10,2,1,0,40.75,0.4000
304,2331424604,optimized_global,3,5,5-10,2,1,0,40.75,0.4000
304,2331424604,nearest_global,3,5,5-10,3,1,0,40.75,0.6000
304,2331424604,earliest_deadline_global,3,5,5-10,1,1,0,40.75,0.2000
305,602365249,optimized,4,14,11-15,3,1,0,33.25,0.2143
305,602365249,nearest,4,14,11-15,3,1,0,33.25,0.2143
305,602365249,earliest_deadline,4,14,11-15,1,1,0,32.75,0.0714
305,602365249,optimized_global,4,14,11-15,8,1,0,41.75,0.5714
305,602365249,nearest_global,4,14,11-15,4,1,0,32.75,0.2857
305,602365249,earliest_deadline_global,4,14,11-15,1,1,0,32.75,0.0714
306,1297850335,optimized,5,17,16-20,5,1,0,36.25,0.2941
306,1297850335,nearest,5,17,16-20,5,1,0,36.25,0.2941
306,1297850335,earliest_deadline,5,17,16-20,3,1,0,36.25,0.1765
306,1297850335,optimized_global,5,17,16-20,4,1,0,31.00,0.2353
306,1297850335,nearest_global,5,17,16-20,4,1,0,31.00,0.2353
306,1297850335,earliest_deadline_global,5,17,16-20,3,1,0,36.25,0.1765
307,2379567116,optimized,4,17,16-20,4,2,0,30.50,0.2353
307,2379567116,nearest,4,17,16-20,4,2,0,30.50,0.2353
307,2379567116,earliest_deadline,4,17,16-20,1,2,0,30.50,0.0588
307,2379567116,optimized_global,4,17,16-20,4,2,0,30.50,0.2353
307,2379567116,nearest_global,4,17,16-20,3,2,0,30.50,0.1765
307,2379567116,earliest_deadline_global,4,17,16-20,0,2,0,30.50,0.0000
308,1355887540,optimized,3,20,16-20,2,1,0,30.50,0.1000
308,1355887540,nearest,3,20,16-20,2,1,0,30.50,0.1000
308,1355887540,earliest_deadline,3,20,16-20,3,1,0,32.25,0.1500
308,1355887540,optimized_global,3,20,16-20,3,1,0,30.50,0.1500
308,1355887540,nearest_global,3,20,16-20,3,1,0,30.50,0.1500
308,1355887540,earliest_deadline_global,3,20,16-20,1,1,0,30.50,0.0500
309,466329256,optimized,4,19,16-20,3,1,0,29.50,0.1579
309,466329256,nearest,4,19,16-20,3,1,0,29.50,0.1579
309,466329256,earliest_deadline,4,19,16-20,0,1,0,29.50,0.0000
309,466329256,optimized_global,4,19,16-20,4,1,0,29.50,0.2105
309,466329256,nearest_global,4,19,16-20,3,1,0,29.50,0.1579
309,466329256,earliest_deadline_global,4,19,16-20,0,1,0,29.50,0.0000
310,2860400474,optimized,2,18,16-20,2,1,0,28.25,0.1111
310,2860400474,nearest,2,18,16-20,2,1,0,28.25,0.1111
310,2860400474,earliest_deadline,2,18,16-20,0,1,0,28.25,0.0000
310,2860400474,optimized_global,2,18,16-20,2,1,0,28.25,0.1111
310,2860400474,nearest_global,2,18,16-20,2,1,0,28.25,0.1111
310,2860400474,earliest_deadline_global,2,18,16-20,0,1,0,28.25,0.0000
311,2887249213,optimized,2,19,16-20,1,1,0,24.75,0.0526
311,2887249213,nearest,2,19,16-20,1,1,0,24.75,0.0526
311,2887249213,earliest_deadline,2,19,16-20,0,1,0,24.75,0.0000
311,2887249213,optimized_global,2,19,16-20,1,1,0,24.75,0.0526
311,2887249213,nearest_global,2,19,16-20,1,1,0,24.75,0.0526
311,2887249213,earliest_deadline_global,2,19,16-20,0,1,0,24.75,0.0000
312,510561024,optimized,3,8,5-10,1,1,0,25.75,0.1250
312,510561024,nearest,3,8,5-10,1,1,0,25.75,0.1250
312,510561024,earliest_deadline,3,8,5-10,0,1,0,25.75,0.0000
312,510561024,optimized_global,3,8,5-10,1,1,0,25.75,0.1250
312,510561024,nearest_global,3,8,5-10,1,1,0,25.75,0.1250
312,510561024,earliest_deadline_global,3,8,5-10,0,1,0,25.75,0.0000
313,1207889903,optimized,2,20,16-20,2,1,0,27.75,0.1000
313,1207889903,nearest,2,20,16-20,2,1,0,27.75,0.1000
313,1207889903,earliest_deadline,2,20,16-20,0,1,0,27.75,0.0000
313,1207889903,optimized_global,2,20,16-20,1,1,0,27.75,0.0500
313,1207889903,nearest_global,2,20,16-20,1,1,0,27.75,0.0500
313,1207889903,earliest_deadline_global,2,20,16-20,0,1,0,27.75,0.0000
314,1047427637,optimized,5,17,16-20,3,1,0,28.75,0.1765
314,1047427637,nearest,5,17,16-20,3,1,0,28.75,0.1765
314,1047427637,earliest_deadline,5,17,16-20,1,1,0,28.75,0.0588
314,1047427637,optimized_global,5,17,16-20,4,1,0,28.75,0.2353
314,1047427637,nearest_global,5,17,16-20,5,1,0,28.75,0.2941
314,1047427637,earliest_deadline_global,5,17,16-20,0,1,0,28.75,0.0000
315,2832198649,optimized,2,7,5-10,2,1,0,34.75,0.2857
315,2832198649,nearest,2,7,5-10,2,1,0,34.75,0.2857
315,2832198649,earliest_deadline,2,7,5-10,1,1,0,34.75,0.1429
315,2832198649,optimized_global,2,7,5-10,3,1,0,34.75,0.4286
315,2832198649,nearest_global,2,7,5-10,2,1,0,34.75,0.2857
315,2832198649,earliest_deadline_global,2,7,5-10,2,1,0,34.75,0.2857
316,3136595661,optimized,4,9,5-10,1,1,0,25.50,0.1111
316,3136595661,nearest,4,9,5-10,1,1,0,25.50,0.1111
316,3136595661,earliest_deadline,4,9,5-10,0,1,0,25.50,0.0000
316,3136595661,optimized_global,4,9,5-10,3,1,0,25.50,0.3333
316,3136595661,nearest_global,4,9,5-10,2,1,0,25.50,0.2222
316,3136595661,earliest_deadline_global,4,9,5-10,0,1,0,25.50,0.0000
317,3122418091,optimized,4,9,5-10,0,1,0,24.25,0.0000
317,3122418091,nearest,4,9,5-10,0,1,0,24.25,0.0000
317,3122418091,earliest_deadline,4,9,5-10,0,1,0,24.25,0.0000
317,3122418091,optimized_global,4,9,5-10,1,1,0,24.25,0.1111
317,3122418091,nearest_global,4,9,5-10,1,1,0,24.25,0.1111
317,3122418091,earliest_deadline_global,4,9,5-10,0,1,0,24.25,0.0000
318,4031948836,optimized,5,17,16-20,1,1,0,27.25,0.0588
318,4031948836,nearest,5,17,16-20,1,1,0,27.25,0.0588
318,4031948836,earliest_deadline,5,17,16-20,1,1,0,27.25,0.0588
318,4031948836,optimized_global,5,17,16-20,2,1,0,27.25,0.1176
318,4031948836,nearest_global,5,17,16-20,1,1,0,27.25,0.0588
318,4031948836,earliest_deadline_global,5,17,16-20,0,1,0,27.25,0.0000
319,3301315838,optimized,2,19,16-20,0,1,0,25.25,0.0000
319,3301315838,nearest,2,19,16-20,0,1,0,25.25,0.0000
319,3301315838,earliest_deadline,2,19,16-20,0,1,0,25.25,0.0000
319,3301315838,optimized_global,2,19,16-20,0,1,0,25.25,0.0000
319,3301315838,nearest_global,2,19,16-20,0,1,0,25.25,0.0000
319,3301315838,earliest_deadline_global,2,19,16-20,0,1,0,25.25,0.0000
320,1377307717,optimized,5,11,11-15,1,1,0,28.25,0.0909
320,1377307717,nearest,5,11,11-15,1,1,0,28.25,0.0909
320,1377307717,earliest_deadline,5,11,11-15,0,1,0,28.25,0.0000
320,1377307717,optimized_global,5,11,11-15,2,1,0,28.25,0.1818
320,1377307717,nearest_global,5,11,11-15,2,1,0,28.25,0.1818
320,1377307717,earliest_deadline_global,5,11,11-15,3,1,0,28.25,0.2727
321,462743838,optimized,3,12,11-15,3,1,0,29.25,0.2500
321,462743838,nearest,3,12,11-15,3,1,0,29.25,0.2500
321,462743838,earliest_deadline,3,12,11-15,2,1,0,32.75,0.1667
321,462743838,optimized_global,3,12,11-15,3,1,0,29.25,0.2500
321,462743838,nearest_global,3,12,11-15,3,1,0,29.25,0.2500
321,462743838,earliest_deadline_global,3,12,11-15,0,1,0,29.25,0.0000
322,2639870845,optimized,5,14,11-15,3,1,0,29.00,0.2143
322,2639870845,nearest,5,14,11-15,3,1,0,29.00,0.2143
322,2639870845,earliest_deadline,5,14,11-15,1,1,0,29.00,0.0714
322,2639870845,optimized_global,5,14,11-15,3,1,0,29.00,0.2143
322,2639870845,nearest_global,5,14,11-15,2,1,0,29.00,0.1429
322,2639870845,earliest_deadline_global,5,14,11-15,2,1,0,29.00,0.1429
323,3934240916,optimized,5,11,11-15,0,1,0,24.00,0.0000
323,3934240916,nearest,5,11,11-15,0,1,0,24.00,0.0000
323,3934240916,earliest_deadline,5,11,11-15,0,1,0,24.00,0.0000
323,3934240916,optimized_global,5,11,11-15,0,1,0,24.00,0.0000
323,3934240916,nearest_global,5,11,11-15,0,1,0,24.00,0.0000
323,3934240916,earliest_deadline_global,5,11,11-15,0,1,0,24.00,0.0000
324,4188260204,optimized,4,10,5-10,2,2,0,27.25,0.2000
324,4188260204,nearest,4,10,5-10,2,2,0,27.25,0.2000
324,4188260204,earliest_deadline,4,10,5-10,0,2,0,27.25,0.0000
324,4188260204,optimized_global,4,10,5-10,2,2,0,27.25,0.2000
324,4188260204,nearest_global,4,10,5-10,2,2,0,27.25,0.2000
324,4188260204,earliest_deadline_global,4,10,5-10,0,2,0,27.25,0.0000
325,988761560,optimized,4,19,16-20,4,1,0,29.50,0.2105
325,988761560,nearest,4,19,16-20,4,1,0,29.50,0.2105
325,988761560,earliest_deadline,4,19,16-20,0,1,0,29.50,0.0000
325,988761560,optimized_global,4,19,16-20,4,1,0,29.50,0.2105
325,988761560,nearest_global,4,19,16-20,3,1,0,29.50,0.1579
325,988761560,earliest_deadline_global,4,19,16-20,1,1,0,29.50,0.0526
326,1015568379,optimized,5,7,5-10,0,1,0,25.50,0.0000
326,1015568379,nearest,5,7,5-10,0,1,0,25.50,0.0000
326,1015568379,earliest_deadline,5,7,5-10,0,1,0,25.50,0.0000
326,1015568379,optimized_global,5,7,5-10,0,1,0,25.50,0.0000
326,1015568379,nearest_global,5,7,5-10,0,1,0,25.50,0.0000
326,1015568379,earliest_deadline_global,5,7,5-10,0,1,0,25.50,0.0000
327,160685704,optimized,4,9,5-10,5,1,0,43.00,0.5556
327,160685704,nearest,4,9,5-10,5,1,0,43.00,0.5556
327,160685704,earliest_deadline,4,9,5-10,2,1,0,39.25,0.2222
327,160685704,optimized_global,4,9,5-10,8,1,0,43.00,0.8889
327,160685704,nearest_global,4,9,5-10,7,1,0,43.00,0.7778
327,160685704,earliest_deadline_global,4,9,5-10,3,1,0,39.25,0.3333
328,606716304,optimized,2,14,11-15,2,1,0,27.00,0.1429
328,606716304,nearest,2,14,11-15,2,1,0,27.00,0.1429
328,606716304,earliest_deadline,2,14,11-15,0,1,0,27.00,0.0000
328,606716304,optimized_global,2,14,11-15,2,1,0,27.00,0.1429
328,606716304,nearest_global,2,14,11-15,1,1,0,27.00,0.0714
328,606716304,earliest_deadline_global,2,14,11-15,0,1,0,27.00,0.0000
329,2383073209,optimized,3,20,16-20,2,1,0,28.00,0.1000
329,2383073209,nearest,3,20,16-20,2,1,0,28.00,0.1000
329,2383073209,earliest_deadline,3,20,16-20,0,1,0,28.00,0.0000
329,2383073209,optimized_global,3,20,16-20,1,1,0,28.00,0.0500
329,2383073209,nearest_global,3,20,16-20,2,1,0,28.00,0.1000
329,2383073209,earliest_deadline_global,3,20,16-20,1,1,0,28.00,0.0500
330,2348502224,optimized,3,18,16-20,3,1,0,28.75,0.1667
330,2348502224,nearest,3,18,16-20,3,1,0,28.75,0.1667
330,2348502224,earliest_deadline,3,18,16-20,0,1,0,28.75,0.0000
330,2348502224,optimized_global,3,18,16-20,3,1,0,28.75,0.1667
330,2348502224,nearest_global,3,18,16-20,2,1,0,28.75,0.1111
330,2348502224,earliest_deadline_global,3,18,16-20,0,1,0,28.75,0.0000
331,1593099077,optimized,5,20,16-20,0,1,0,24.25,0.0000
331,1593099077,nearest,5,20,16-20,0,1,0,24.25,0.0000
331,1593099077,earliest_deadline,5,20,16-20,0,1,0,24.25,0.0000
331,1593099077,optimized_global,5,20,16-20,0,1,0,24.25,0.0000
331,1593099077,nearest_global,5,20,16-20,1,1,0,24.25,0.0500
331,1593099077,earliest_deadline_global,5,20,16-20,0,1,0,24.25,0.0000
332,1331248474,optimized,3,7,5-10,2,1,0,30.00,0.2857
332,1331248474,nearest,3,7,5-10,2,1,0,30.00,0.2857
332,1331248474,earliest_deadline,3,7,5-10,0,1,0,30.00,0.0000
332,1331248474,optimized_global,3,7,5-10,3,1,0,30.00,0.4286
332,1331248474,nearest_global,3,7,5-10,2,1,0,30.00,0.2857
332,1331248474,earliest_deadline_global,3,7,5-10,0,1,0,30.00,0.0000
333,3563919808,optimized,4,16,16-20,3,1,0,29.75,0.1875
333,3563919808,nearest,4,16,16-20,3,1,0,29.75,0.1875
333,3563919808,earliest_deadline,4,16,16-20,0,1,0,29.75,0.0000
333,3563919808,optimized_global,4,16,16-20,3,1,0,29.75,0.1875
333,3563919808,nearest_global,4,16,16-20,3,1,0,29.75,0.1875
333,3563919808,earliest_deadline_global,4,16,16-20,1,1,0,29.75,0.0625
334,1975830692,optimized,5,7,5-10,5,1,0,36.50,0.7143
334,1975830692,nearest,5,7,5-10,5,1,0,36.50,0.7143
334,1975830692,earliest_deadline,5,7,5-10,1,1,0,32.75,0.1429
334,1975830692,optimized_global,5,7,5-10,7,0,1,43.75,1.0000
334,1975830692,nearest_global,5,7,5-10,4,1,0,32.50,0.5714
334,1975830692,earliest_deadline_global,5,7,5-10,3,1,0,36.50,0.4286
335,3471413638,optimized,5,20,16-20,0,1,0,25.25,0.0000
335,3471413638,nearest,5,20,16-20,0,1,0,25.25,0.0000
335,3471413638,earliest_deadline,5,20,16-20,0,1,0,25.25,0.0000
335,3471413638,optimized_global,5,20,16-20,3,1,0,25.25,0.1500
335,3471413638,nearest_global,5,20,16-20,2,1,0,25.25,0.1000
335,3471413638,earliest_deadline_global,5,20,16-20,0,1,0,25.25,0.0000
336,4136963476,optimized,5,19,16-20,4,1,0,28.00,0.2105
336,4136963476,nearest,5,19,16-20,3,1,0,28.00,0.1579
336,4136963476,earliest_deadline,5,19,16-20,2,1,0,28.00,0.1053
336,4136963476,optimized_global,5,19,16-20,4,1,0,28.00,0.2105
336,4136963476,nearest_global,5,19,16-20,4,1,0,28.00,0.2105
336,4136963476,earliest_deadline_global,5,19,16-20,0,1,0,28.00,0.0000
337,1362101171,optimized,5,8,5-10,1,1,0,28.25,0.1250
337,1362101171,nearest,5,8,5-10,1,1,0,28.25,0.1250
337,1362101171,earliest_deadline,5,8,5-10,0,1,0,28.25,0.0000
337,1362101171,optimized_global,5,8,5-10,1,1,0,28.25,0.1250
337,1362101171,nearest_global,5,8,5-10,2,1,0,28.25,0.2500
337,1362101171,earliest_deadline_global,5,8,5-10,0,1,0,28.25,0.0000
338,870754425,optimized,5,14,11-15,0,1,0,25.25,0.0000
338,870754425,nearest,5,14,11-15,0,1,0,25.25,0.0000
338,870754425,earliest_deadline,5,14,11-15,0,1,0,25.25,0.0000
338,870754425,optimized_global,5,14,11-15,0,1,0,25.25,0.0000
338,870754425,nearest_global,5,14,11-15,0,1,0,25.25,0.0000
338,870754425,earliest_deadline_global,5,14,11-15,0,1,0,25.25,0.0000
339,4092671737,optimized,2,13,11-15,2,1,0,26.25,0.1538
339,4092671737,nearest,2,13,11-15,1,1,0,26.25,0.0769
339,4092671737,earliest_deadline,2,13,11-15,0,1,0,26.25,0.0000
339,4092671737,optimized_global,2,13,11-15,1,1,0,26.25,0.0769
339,4092671737,nearest_global,2,13,11-15,1,1,0,26.25,0.0769
339,4092671737,earliest_deadline_global,2,13,11-15,0,1,0,26.25,0.0000
340,2726578762,optimized,2,8,5-10,1,1,0,31.50,0.1250
340,2726578762,nearest,2,8,5-10,1,1,0,31.50,0.1250
340,2726578762,earliest_deadline,2,8,5-10,1,1,0,33.50,0.1250
340,2726578762,optimized_global,2,8,5-10,2,1,0,31.50,0.2500
340,2726578762,nearest_global,2,8,5-10,2,1,0,31.50,0.2500
340,2726578762,earliest_deadline_global,2,8,5-10,1,1,0,33.50,0.1250
341,1249482599,optimized,4,18,16-20,4,1,0,30.25,0.2222
341,1249482599,nearest,4,18,16-20,4,1,0,30.25,0.2222
341,1249482599,earliest_deadline,4,18,16-20,0,1,0,30.25,0.0000
341,1249482599,optimized_global,4,18,16-20,4,1,0,30.25,0.2222
341,1249482599,nearest_global,4,18,16-20,4,1,0,30.25,0.2222
341,1249482599,earliest_deadline_global,4,18,16-20,2,1,0,30.25,0.1111
342,2670868316,optimized,5,16,16-20,3,1,0,31.25,0.1875
342,2670868316,nearest,5,16,16-20,3,1,0,31.25,0.1875
342,2670868316,earliest_deadline,5,16,16-20,3,1,0,31.50,0.1875
342,2670868316,optimized_global,5,16,16-20,4,1,0,31.25,0.2500
342,2670868316,nearest_global,5,16,16-20,5,1,0,31.25,0.3125
342,2670868316,earliest_deadline_global,5,16,16-20,3,1,0,31.50,0.1875
343,2212153524,optimized,3,14,11-15,0,1,0,25.00,0.0000
343,2212153524,nearest,3,14,11-15,0,1,0,25.00,0.0000
343,2212153524,earliest_deadline,3,14,11-15,0,1,0,25.00,0.0000
343,2212153524,optimized_global,3,14,11-15,1,1,0,25.00,0.0714
343,2212153524,nearest_global,3,14,11-15,1,1,0,25.00,0.0714
343,2212153524,earliest_deadline_global,3,14,11-15,0,1,0,25.00,0.0000
344,3889231138,optimized,5,16,16-20,4,1,0,30.50,0.2500
344,3889231138,nearest,5,16,16-20,4,1,0,30.50,0.2500
344,3889231138,earliest_deadline,5,16,16-20,3,1,0,31.50,0.1875
344,3889231138,optimized_global,5,16,16-20,5,1,0,30.50,0.3125
344,3889231138,nearest_global,5,16,16-20,5,1,0,30.50,0.3125
344,3889231138,earliest_deadline_global,5,16,16-20,5,1,0,37.50,0.3125
345,1099361691,optimized,2,13,11-15,1,1,0,29.75,0.0769
345,1099361691,nearest,2,13,11-15,1,1,0,29.75,0.0769
345,1099361691,earliest_deadline,2,13,11-15,0,1,0,29.75,0.0000
345,1099361691,optimized_global,2,13,11-15,2,1,0,29.75,0.1538
345,1099361691,nearest_global,2,13,11-15,2,1,0,29.75,0.1538
345,1099361691,earliest_deadline_global,2,13,11-15,0,1,0,29.75,0.0000
346,4257956706,optimized,5,7,5-10,3,1,0,33.25,0.4286
346,4257956706,nearest,5,7,5-10,3,1,0,33.25,0.4286
346,4257956706,earliest_deadline,5,7,5-10,1,1,0,35.00,0.1429
346,4257956706,optimized_global,5,7,5-10,5,1,0,33.25,0.7143
346,4257956706,nearest_global,5,7,5-10,4,1,0,33.25,0.5714
346,4257956706,earliest_deadline_global,5,7,5-10,4,1,0,40.50,0.5714
347,4020276519,optimized,4,12,11-15,2,1,0,29.75,0.1667
347,4020276519,nearest,4,12,11-15,2,1,0,29.75,0.1667
347,4020276519,earliest_deadline,4,12,11-15,0,1,0,29.75,0.0000
347,4020276519,optimized_global,4,12,11-15,4,1,0,29.75,0.3333
347,4020276519,nearest_global,4,12,11-15,4,1,0,29.75,0.3333
347,4020276519,earliest_deadline_global,4,12,11-15,0,1,0,29.75,0.0000
348,776109164,optimized,2,5,5-10,0,1,0,24.50,0.0000
348,776109164,nearest,2,5,5-10,0,1,0,24.50,0.0000
348,776109164,earliest_deadline,2,5,5-10,0,1,0,24.50,0.0000
348,776109164,optimized_global,2,5,5-10,0,1,0,24.50,0.0000
348,776109164,nearest_global,2,5,5-10,1,1,0,24.50,0.2000
348,776109164,earliest_deadline_global,2,5,5-10,0,1,0,24.50,0.0000
349,706985192,optimized,5,13,11-15,6,1,0,41.50,0.4615
349,706985192,nearest,5,13,11-15,6,1,0,41.50,0.4615
349,706985192,earliest_deadline,5,13,11-15,5,1,0,47.75,0.3846
349,706985192,optimized_global,5,13,11-15,8,1,0,54.50,0.6154
349,706985192,nearest_global,5,13,11-15,10,1,0,54.50,0.7692
349,706985192,earliest_deadline_global,5,13,11-15,6,1,0,47.75,0.4615
350,2289891159,optimized,4,10,5-10,1,1,0,26.00,0.1000
350,2289891159,nearest,4,10,5-10,0,1,0,26.00,0.0000
350,2289891159,earliest_deadline,4,10,5-10,0,1,0,26.00,0.0000
350,2289891159,optimized_global,4,10,5-10,1,1,0,26.00,0.1000
350,2289891159,nearest_global,4,10,5-10,1,1,0,26.00,0.1000
350,2289891159,earliest_deadline_global,4,10,5-10,0,1,0,26.00,0.0000
351,192889640,optimized,4,5,5-10,0,1,0,27.75,0.0000
351,192889640,nearest,4,5,5-10,0,1,0,27.75,0.0000
351,192889640,earliest_deadline,4,5,5-10,0,1,0,27.75,0.0000
351,192889640,optimized_global,4,5,5-10,0,1,0,27.75,0.0000
351,192889640,nearest_global,4,5,5-10,0,1,0,27.75,0.0000
351,192889640,earliest_deadline_global,4,5,5-10,0,1,0,27.75,0.0000
352,1283327464,optimized,5,5,5-10,3,1,0,36.00,0.6000
352,1283327464,nearest,5,5,5-10,3,1,0,36.00,0.6000
352,1283327464,earliest_deadline,5,5,5-10,3,1,0,47.50,0.6000
352,1283327464,optimized_global,5,5,5-10,5,0,1,37.00,1.0000
352,1283327464,nearest_global,5,5,5-10,3,1,0,36.00,0.6000
352,1283327464,earliest_deadline_global,5,5,5-10,4,1,0,47.50,0.8000
353,1868727642,optimized,3,14,11-15,1,1,0,24.75,0.0714
353,1868727642,nearest,3,14,11-15,1,1,0,24.75,0.0714
353,1868727642,earliest_deadline,3,14,11-15,0,1,0,24.75,0.0000
353,1868727642,optimized_global,3,14,11-15,1,1,0,24.75,0.0714
353,1868727642,nearest_global,3,14,11-15,1,1,0,24.75,0.0714
353,1868727642,earliest_deadline_global,3,14,11-15,0,1,0,24.75,0.0000
354,4163426661,optimized,3,9,5-10,0,1,0,23.25,0.0000
354,4163426661,nearest,3,9,5-10,0,1,0,23.25,0.0000
354,4163426661,earliest_deadline,3,9,5-10,0,1,0,23.25,0.0000
354,4163426661,optimized_global,3,9,5-10,1,1,0,23.25,0.1111
354,4163426661,nearest_global,3,9,5-10,0,1,0,23.25,0.0000
354,4163426661,earliest_deadline_global,3,9,5-10,0,1,0,23.25,0.0000
355,4262220591,optimized,4,12,11-15,0,1,0,24.50,0.0000
355,4262220591,nearest,4,12,11-15,0,1,0,24.50,0.0000
355,4262220591,earliest_deadline,4,12,11-15,0,1,0,24.50,0.0000
355,4262220591,optimized_global,4,12,11-15,0,1,0,24.50,0.0000
355,4262220591,nearest_global,4,12,11-15,0,1,0,24.50,0.0000
355,4262220591,earliest_deadline_global,4,12,11-15,0,1,0,24.50,0.0000
356,650859099,optimized,5,5,5-10,4,1,0,50.00,0.8000
356,650859099,nearest,5,5,5-10,4,1,0,50.00,0.8000
356,650859099,earliest_deadline,5,5,5-10,3,1,0,43.75,0.6000
356,650859099,optimized_global,5,5,5-10,5,0,1,38.50,1.0000
356,650859099,nearest_global,5,5,5-10,2,1,0,38.75,0.4000
356,650859099,earliest_deadline_global,5,5,5-10,3,1,0,42.50,0.6000
357,3829724696,optimized,3,13,11-15,1,1,0,25.00,0.0769
357,3829724696,nearest,3,13,11-15,1,1,0,25.00,0.0769
357,3829724696,earliest_deadline,3,13,11-15,0,1,0,25.00,0.0000
357,3829724696,optimized_global,3,13,11-15,1,1,0,25.00,0.0769
357,3829724696,nearest_global,3,13,11-15,1,1,0,25.00,0.0769
357,3829724696,earliest_deadline_global,3,13,11-15,0,1,0,25.00,0.0000
358,390536328,optimized,4,8,5-10,2,1,0,34.50,0.2500
358,390536328,nearest,4,8,5-10,2,1,0,34.50,0.2500
358,390536328,earliest_deadline,4,8,5-10,0,1,0,34.50,0.0000
358,390536328,optimized_global,4,8,5-10,4,1,0,34.50,0.5000
358,390536328,nearest_global,4,8,5-10,4,1,0,34.50,0.5000
358,390536328,earliest_deadline_global,4,8,5-10,0,1,0,34.50,0.0000
359,3215246960,optimized,4,5,5-10,1,1,0,27.25,0.2000
359,3215246960,nearest,4,5,5-10,1,1,0,27.25,0.2000
359,3215246960,earliest_deadline,4,5,5-10,0,1,0,27.25,0.0000
359,3215246960,optimized_global,4,5,5-10,1,1,0,27.25,0.2000
359,3215246960,nearest_global,4,5,5-10,1,1,0,27.25,0.2000
359,3215246960,earliest_deadline_global,4,5,5-10,0,1,0,27.25,0.0000
360,3632007767,optimized,4,11,11-15,2,1,0,26.75,0.1818
360,3632007767,nearest,4,11,11-15,2,1,0,26.75,0.1818
360,3632007767,earliest_deadline,4,11,11-15,0,1,0,26.75,0.0000
360,3632007767,optimized_global,4,11,11-15,2,1,0,26.75,0.1818
360,3632007767,nearest_global,4,11,11-15,2,1,0,26.75,0.1818
360,3632007767,earliest_deadline_global,4,11,11-15,0,1,0,26.75,0.0000
361,3825924614,optimized,5,6,5-10,1,1,0,26.75,0.1667
361,3825924614,nearest,5,6,5-10,1,1,0,26.75,0.1667
361,3825924614,earliest_deadline,5,6,5-10,0,1,0,26.75,0.0000
361,3825924614,optimized_global,5,6,5-10,1,1,0,26.75,0.1667
361,3825924614,nearest_global,5,6,5-10,1,1,0,26.75,0.1667
361,3825924614,earliest_deadline_global,5,6,5-10,1,1,0,26.75,0.1667
362,959572765,optimized,2,18,16-20,2,1,0,30.00,0.1111
362,959572765,nearest,2,18,16-20,2,1,0,30.00,0.1111
362,959572765,earliest_deadline,2,18,16-20,0,1,0,30.00,0.0000
362,959572765,optimized_global,2,18,16-20,1,1,0,30.00,0.0556
362,959572765,nearest_global,2,18,16-20,2,1,0,30.00,0.1111
362,959572765,earliest_deadline_global,2,18,16-20,0,1,0,30.00,0.0000
363,3837324097,optimized,3,18,16-20,2,1,0,27.25,0.1111
363,3837324097,nearest,3,18,16-20,2,1,0,27.25,0.1111
363,3837324097,earliest_deadline,3,18,16-20,1,1,0,27.25,0.0556
363,3837324097,optimized_global,3,18,16-20,3,1,0,27.25,0.1667
363,3837324097,nearest_global,3,18,16-20,3,1,0,27.25,0.1667
363,3837324097,earliest_deadline_global,3,18,16-20,0,1,0,27.25,0.0000
364,498134192,optimized,3,16,16-20,1,1,0,25.50,0.0625
364,498134192,nearest,3,16,16-20,1,1,0,25.50,0.0625
364,498134192,earliest_deadline,3,16,16-20,0,1,0,25.50,0.0000
364,498134192,optimized_global,3,16,16-20,2,1,0,25.50,0.1250
364,498134192,nearest_global,3,16,16-20,2,1,0,25.50,0.1250
364,498134192,earliest_deadline_global,3,16,16-20,0,1,0,25.50,0.0000
365,2228479688,optimized,4,17,16-20,0,1,0,23.25,0.0000
365,2228479688,nearest,4,17,16-20,0,1,0,23.25,0.0000
365,2228479688,earliest_deadline,4,17,16-20,0,1,0,23.25,0.0000
365,2228479688,optimized_global,4,17,16-20,0,1,0,23.25,0.0000
365,2228479688,nearest_global,4,17,16-20,0,1,0,23.25,0.0000
365,2228479688,earliest_deadline_global,4,17,16-20,0,1,0,23.25,0.0000
366,2016681700,optimized,5,10,5-10,1,2,0,27.00,0.1000
366,2016681700,nearest,5,10,5-10,1,2,0,27.00,0.1000
366,2016681700,earliest_deadline,5,10,5-10,0,2,0,27.00,0.0000
366,2016681700,optimized_global,5,10,5-10,3,2,0,27.00,0.3000
366,2016681700,nearest_global,5,10,5-10,1,2,0,27.00,0.1000
366,2016681700,earliest_deadline_global,5,10,5-10,0,2,0,27.00,0.0000
367,1356904944,optimized,4,9,5-10,0,1,0,23.75,0.0000
367,1356904944,nearest,4,9,5-10,0,1,0,23.75,0.0000
367,1356904944,earliest_deadline,4,9,5-10,0,1,0,23.75,0.0000
367,1356904944,optimized_global,4,9,5-10,1,1,0,23.75,0.1111
367,1356904944,nearest_global,4,9,5-10,0,1,0,23.75,0.0000
367,1356904944,earliest_deadline_global,4,9,5-10,0,1,0,23.75,0.0000
368,94979668,optimized,5,14,11-15,2,1,0,29.50,0.1429
368,94979668,nearest,5,14,11-15,2,1,0,29.50,0.1429
368,94979668,earliest_deadline,5,14,11-15,0,1,0,29.50,0.0000
368,94979668,optimized_global,5,14,11-15,4,1,0,29.50,0.2857
368,94979668,nearest_global,5,14,11-15,3,1,0,29.50,0.2143
368,94979668,earliest_deadline_global,5,14,11-15,0,1,0,29.50,0.0000
369,3315768147,optimized,3,20,16-20,1,1,0,25.75,0.0500
369,3315768147,nearest,3,20,16-20,1,1,0,25.75,0.0500
369,3315768147,earliest_deadline,3,20,16-20,0,1,0,25.75,0.0000
369,3315768147,optimized_global,3,20,16-20,2,1,0,25.75,0.1000
369,3315768147,nearest_global,3,20,16-20,2,1,0,25.75,0.1000
369,3315768147,earliest_deadline_global,3,20,16-20,0,1,0,25.75,0.0000
370,1441320811,optimized,4,5,5-10,2,1,0,37.75,0.4000
370,1441320811,nearest,4,5,5-10,2,1,0,37.75,0.4000
370,1441320811,earliest_deadline,4,5,5-10,4,1,0,57.25,0.8000
370,1441320811,optimized_global,4,5,5-10,5,0,1,50.25,1.0000
370,1441320811,nearest_global,4,5,5-10,2,1,0,37.75,0.4000
370,1441320811,earliest_deadline_global,4,5,5-10,5,0,1,63.50,1.0000
371,2841813485,optimized,4,18,16-20,3,1,0,26.25,0.1667
371,2841813485,nearest,4,18,16-20,3,1,0,26.25,0.1667
371,2841813485,earliest_deadline,4,18,16-20,0,1,0,26.25,0.0000
371,2841813485,optimized_global,4,18,16-20,4,1,0,26.25,0.2222
371,2841813485,nearest_global,4,18,16-20,3,1,0,26.25,0.1667
371,2841813485,earliest_deadline_global,4,18,16-20,0,1,0,26.25,0.0000
372,1761881154,optimized,4,17,16-20,2,1,0,25.25,0.1176
372,1761881154,nearest,4,17,16-20,2,1,0,25.25,0.1176
372,1761881154,earliest_deadline,4,17,16-20,0,1,0,25.25,0.0000
372,1761881154,optimized_global,4,17,16-20,1,1,0,25.25,0.0588
372,1761881154,nearest_global,4,17,16-20,2,1,0,25.25,0.1176
372,1761881154,earliest_deadline_global,4,17,16-20,0,1,0,25.25,0.0000
373,1604847724,optimized,3,6,5-10,6,0,1,52.00,1.0000
373,1604847724,nearest,3,6,5-10,6,0,1,52.00,1.0000
373,1604847724,earliest_deadline,3,6,5-10,2,1,0,34.75,0.3333
373,1604847724,optimized_global,3,6,5-10,4,1,0,36.50,0.6667
373,1604847724,nearest_global,3,6,5-10,4,1,0,34.75,0.6667
373,1604847724,earliest_deadline_global,3,6,5-10,2,1,0,34.75,0.3333
374,3806611979,optimized,4,5,5-10,4,1,0,43.50,0.8000
374,3806611979,nearest,4,5,5-10,4,1,0,43.50,0.8000
374,3806611979,earliest_deadline,4,5,5-10,4,1,0,43.50,0.8000
374,3806611979,optimized_global,4,5,5-10,4,1,0,43.50,0.8000
374,3806611979,nearest_global,4,5,5-10,4,1,0,43.50,0.8000
374,3806611979,earliest_deadline_global,4,5,5-10,3,1,0,43.50,0.6000
375,405731248,optimized,3,17,16-20,0,1,0,29.75,0.0000
375,405731248,nearest,3,17,16-20,0,1,0,29.75,0.0000
375,405731248,earliest_deadline,3,17,16-20,0,1,0,29.75,0.0000
375,405731248,optimized_global,3,17,16-20,0,1,0,29.75,0.0000
375,405731248,nearest_global,3,17,16-20,1,1,0,29.75,0.0588
375,405731248,earliest_deadline_global,3,17,16-20,1,1,0,29.75,0.0588
376,3163747461,optimized,5,15,11-15,0,1,0,26.75,0.0000
376,3163747461,nearest,5,15,11-15,0,1,0,26.75,0.0000
376,3163747461,earliest_deadline,5,15,11-15,0,1,0,26.75,0.0000
376,3163747461,optimized_global,5,15,11-15,2,1,0,26.75,0.1333
376,3163747461,nearest_global,5,15,11-15,0,1,0,26.75,0.0000
376,3163747461,earliest_deadline_global,5,15,11-15,0,1,0,26.75,0.0000
377,3207436956,optimized,2,17,16-20,0,1,0,25.00,0.0000
377,3207436956,nearest,2,17,16-20,0,1,0,25.00,0.0000
377,3207436956,earliest_deadline,2,17,16-20,0,1,0,25.00,0.0000
377,3207436956,optimized_global,2,17,16-20,0,1,0,25.00,0.0000
377,3207436956,nearest_global,2,17,16-20,0,1,0,25.00,0.0000
377,3207436956,earliest_deadline_global,2,17,16-20,0,1,0,25.00,0.0000
378,1632050857,optimized,3,18,16-20,1,1,0,26.25,0.0556
378,1632050857,nearest,3,18,16-20,1,1,0,26.25,0.0556
378,1632050857,earliest_deadline,3,18,16-20,0,1,0,26.25,0.0000
378,1632050857,optimized_global,3,18,16-20,0,1,0,26.25,0.0000
378,1632050857,nearest_global,3,18,16-20,1,1,0,26.25,0.0556
378,1632050857,earliest_deadline_global,3,18,16-20,0,1,0,26.25,0.0000
379,1127259331,optimized,5,17,16-20,0,1,0,28.25,0.0000
379,1127259331,nearest,5,17,16-20,0,1,0,28.25,0.0000
379,1127259331,earliest_deadline,5,17,16-20,0,1,0,28.25,0.0000
379,1127259331,optimized_global,5,17,16-20,2,1,0,28.25,0.1176
379,1127259331,nearest_global,5,17,16-20,2,1,0,28.25,0.1176
379,1127259331,earliest_deadline_global,5,17,16-20,1,1,0,28.25,0.0588
380,22793700,optimized,5,12,11-15,3,1,0,33.50,0.2500
380,22793700,nearest,5,12,11-15,3,1,0,33.50,0.2500
380,22793700,earliest_deadline,5,12,11-15,2,1,0,33.50,0.1667
380,22793700,optimized_global,5,12,11-15,7,1,0,41.50,0.5833
380,22793700,nearest_global,5,12,11-15,3,1,0,32.50,0.2500
380,22793700,earliest_deadline_global,5,12,11-15,1,1,0,33.50,0.0833
381,4023581843,optimized,4,12,11-15,1,1,0,26.00,0.0833
381,4023581843,nearest,4,12,11-15,1,1,0,26.00,0.0833
381,4023581843,earliest_deadline,4,12,11-15,0,1,0,26.00,0.0000
381,4023581843,optimized_global,4,12,11-15,1,1,0,26.00,0.0833
381,4023581843,nearest_global,4,12,11-15,1,1,0,26.00,0.0833
381,4023581843,earliest_deadline_global,4,12,11-15,0,1,0,26.00,0.0000
382,4070475638,optimized,2,20,16-20,2,1,0,25.75,0.1000
382,4070475638,nearest,2,20,16-20,2,1,0,25.75,0.1000
382,4070475638,earliest_deadline,2,20,16-20,0,1,0,25.75,0.0000
382,4070475638,optimized_global,2,20,16-20,2,1,0,25.75,0.1000
382,4070475638,nearest_global,2,20,16-20,2,1,0,25.75,0.1000
382,4070475638,earliest_deadline_global,2,20,16-20,0,1,0,25.75,0.0000
383,1034960737,optimized,3,17,16-20,1,1,0,27.50,0.0588
383,1034960737,nearest,3,17,16-20,2,1,0,27.50,0.1176
383,1034960737,earliest_deadline,3,17,16-20,0,1,0,27.50,0.0000
383,1034960737,optimized_global,3,17,16-20,1,1,0,27.50,0.0588
383,1034960737,nearest_global,3,17,16-20,2,1,0,27.50,0.1176
383,1034960737,earliest_deadline_global,3,17,16-20,0,1,0,27.50,0.0000
384,137056916,optimized,2,15,11-15,2,1,0,27.75,0.1333
384,137056916,nearest,2,15,11-15,2,1,0,27.75,0.1333
384,137056916,earliest_deadline,2,15,11-15,0,1,0,27.75,0.0000
384,137056916,optimized_global,2,15,11-15,2,1,0,27.75,0.1333
384,137056916,nearest_global,2,15,11-15,2,1,0,27.75,0.1333
384,137056916,earliest_deadline_global,2,15,11-15,0,1,0,27.75,0.0000
385,527241304,optimized,3,6,5-10,0,1,0,25.50,0.0000
385,527241304,nearest,3,6,5-10,0,1,0,25.50,0.0000
385,527241304,earliest_deadline,3,6,5-10,0,1,0,25.50,0.0000
385,527241304,optimized_global,3,6,5-10,1,1,0,25.50,0.1667
385,527241304,nearest_global,3,6,5-10,0,1,0,25.50,0.0000
385,527241304,earliest_deadline_global,3,6,5-10,0,1,0,25.50,0.0000
386,290523885,optimized,3,11,11-15,1,1,0,26.75,0.0909
386,290523885,nearest,3,11,11-15,1,1,0,26.75,0.0909
386,290523885,earliest_deadline,3,11,11-15,0,1,0,26.75,0.0000
386,290523885,optimized_global,3,11,11-15,3,1,0,26.75,0.2727
386,290523885,nearest_global,3,11,11-15,1,1,0,26.75,0.0909
386,290523885,earliest_deadline_global,3,11,11-15,0,1,0,26.75,0.0000
387,3569601745,optimized,2,14,11-15,0,1,0,24.50,0.0000
387,3569601745,nearest,2,14,11-15,0,1,0,24.50,0.0000
387,3569601745,earliest_deadline,2,14,11-15,0,1,0,24.50,0.0000
387,3569601745,optimized_global,2,14,11-15,1,1,0,24.50,0.0714
387,3569601745,nearest_global,2,14,11-15,1,1,0,24.50,0.0714
387,3569601745,earliest_deadline_global,2,14,11-15,0,1,0,24.50,0.0000
388,3830730524,optimized,2,19,16-20,2,1,0,30.25,0.1053
388,3830730524,nearest,2,19,16-20,2,1,0,30.25,0.1053
388,3830730524,earliest_deadline,2,19,16-20,0,1,0,30.25,0.0000
388,3830730524,optimized_global,2,19,16-20,2,1,0,30.25,0.1053
388,3830730524,nearest_global,2,19,16-20,2,1,0,30.25,0.1053
388,3830730524,earliest_deadline_global,2,19,16-20,0,1,0,30.25,0.0000
389,658351125,optimized,5,5,5-10,2,1,0,32.00,0.4000
389,658351125,nearest,5,5,5-10,2,1,0,32.00,0.4000
389,658351125,earliest_deadline,5,5,5-10,2,1,0,32.00,0.4000
389,658351125,optimized_global,5,5,5-10,2,1,0,32.00,0.4000
389,658351125,nearest_global,5,5,5-10,0,1,0,32.00,0.0000
389,658351125,earliest_deadline_global,5,5,5-10,1,1,0,32.00,0.2000
390,3207221541,optimized,3,17,16-20,2,1,0,30.75,0.1176
390,3207221541,nearest,3,17,16-20,2,1,0,30.75,0.1176
390,3207221541,earliest_deadline,3,17,16-20,1,1,0,31.25,0.0588
390,3207221541,optimized_global,3,17,16-20,3,1,0,30.75,0.1765
390,3207221541,nearest_global,3,17,16-20,3,1,0,30.75,0.1765
390,3207221541,earliest_deadline_global,3,17,16-20,0,1,0,30.75,0.0000
391,769951519,optimized,3,19,16-20,2,1,0,29.75,0.1053
391,769951519,nearest,3,19,16-20,2,1,0,29.75,0.1053
391,769951519,earliest_deadline,3,19,16-20,1,1,0,29.75,0.0526
391,769951519,optimized_global,3,19,16-20,3,1,0,29.75,0.1579
391,769951519,nearest_global,3,19,16-20,3,1,0,29.75,0.1579
391,769951519,earliest_deadline_global,3,19,16-20,1,1,0,29.75,0.0526
392,1577150633,optimized,3,12,11-15,1,1,0,30.75,0.0833
392,1577150633,nearest,3,12,11-15,1,1,0,30.75,0.0833
392,1577150633,earliest_deadline,3,12,11-15,1,1,0,30.75,0.0833
392,1577150633,optimized_global,3,12,11-15,3,1,0,30.50,0.2500
392,1577150633,nearest_global,3,12,11-15,2,1,0,30.50,0.1667
392,1577150633,earliest_deadline_global,3,12,11-15,1,1,0,30.75,0.0833
393,2574329486,optimized,3,19,16-20,1,1,0,26.50,0.0526
393,2574329486,nearest,3,19,16-20,1,1,0,26.50,0.0526
393,2574329486,earliest_deadline,3,19,16-20,0,1,0,26.50,0.0000
393,2574329486,optimized_global,3,19,16-20,1,1,0,26.50,0.0526
393,2574329486,nearest_global,3,19,16-20,0,1,0,26.50,0.0000
393,2574329486,earliest_deadline_global,3,19,16-20,0,1,0,26.50,0.0000
394,3092062017,optimized,2,10,5-10,1,1,0,27.25,0.1000
394,3092062017,nearest,2,10,5-10,1,1,0,27.25,0.1000
394,3092062017,earliest_deadline,2,10,5-10,0,1,0,27.25,0.0000
394,3092062017,optimized_global,2,10,5-10,1,1,0,27.25,0.1000
394,3092062017,nearest_global,2,10,5-10,0,1,0,27.25,0.0000
394,3092062017,earliest_deadline_global,2,10,5-10,0,1,0,27.25,0.0000
395,3756215362,optimized,4,9,5-10,0,1,0,26.75,0.0000
395,3756215362,nearest,4,9,5-10,0,1,0,26.75,0.0000
395,3756215362,earliest_deadline,4,9,5-10,0,1,0,26.75,0.0000
395,3756215362,optimized_global,4,9,5-10,1,1,0,26.75,0.1111
395,3756215362,nearest_global,4,9,5-10,1,1,0,26.75,0.1111
395,3756215362,earliest_deadline_global,4,9,5-10,0,1,0,26.75,0.0000
396,192349411,optimized,3,19,16-20,2,1,0,27.75,0.1053
396,192349411,nearest,3,19,16-20,2,1,0,27.75,0.1053
396,192349411,earliest_deadline,3,19,16-20,1,1,0,27.75,0.0526
396,192349411,optimized_global,3,19,16-20,0,1,0,27.75,0.0000
396,192349411,nearest_global,3,19,16-20,1,1,0,27.75,0.0526
396,192349411,earliest_deadline_global,3,19,16-20,0,1,0,27.75,0.0000
397,843680464,optimized,4,9,5-10,1,1,0,28.25,0.1111
397,843680464,nearest,4,9,5-10,1,1,0,28.25,0.1111
397,843680464,earliest_deadline,4,9,5-10,1,1,0,28.25,0.1111
397,843680464,optimized_global,4,9,5-10,2,1,0,28.25,0.2222
397,843680464,nearest_global,4,9,5-10,4,1,0,28.25,0.4444
397,843680464,earliest_deadline_global,4,9,5-10,0,1,0,28.25,0.0000
398,1204775339,optimized,3,14,11-15,0,1,0,28.50,0.0000
398,1204775339,nearest,3,14,11-15,0,1,0,28.50,0.0000
398,1204775339,earliest_deadline,3,14,11-15,0,1,0,28.50,0.0000
398,1204775339,optimized_global,3,14,11-15,1,1,0,28.50,0.0714
398,1204775339,nearest_global,3,14,11-15,2,1,0,28.50,0.1429
398,1204775339,earliest_deadline_global,3,14,11-15,0,1,0,28.50,0.0000
399,1332830025,optimized,5,16,16-20,1,1,0,26.25,0.0625
399,1332830025,nearest,5,16,16-20,1,1,0,26.25,0.0625
399,1332830025,earliest_deadline,5,16,16-20,0,1,0,26.25,0.0000
399,1332830025,optimized_global,5,16,16-20,2,1,0,26.25,0.1250
399,1332830025,nearest_global,5,16,16-20,0,1,0,26.25,0.0000
399,1332830025,earliest_deadline_global,5,16,16-20,0,1,0,26.25,0.0000
400,4286497014,optimized,4,20,16-20,2,1,0,27.50,0.1000
400,4286497014,nearest,4,20,16-20,1,1,0,27.50,0.0500
400,4286497014,earliest_deadline,4,20,16-20,0,1,0,27.50,0.0000
400,4286497014,optimized_global,4,20,16-20,4,1,0,27.50,0.2000
400,4286497014,nearest_global,4,20,16-20,2,1,0,27.50,0.1000
400,4286497014,earliest_deadline_global,4,20,16-20,1,1,0,27.50,0.0500
401,3338928354,optimized,3,16,16-20,2,1,0,26.50,0.1250
401,3338928354,nearest,3,16,16-20,2,1,0,26.50,0.1250
401,3338928354,earliest_deadline,3,16,16-20,0,1,0,26.50,0.0000
401,3338928354,optimized_global,3,16,16-20,3,1,0,26.50,0.1875
401,3338928354,nearest_global,3,16,16-20,3,1,0,26.50,0.1875
401,3338928354,earliest_deadline_global,3,16,16-20,0,1,0,26.50,0.0000
402,1376181512,optimized,4,16,16-20,0,1,0,27.75,0.0000
402,1376181512,nearest,4,16,16-20,1,1,0,27.75,0.0625
402,1376181512,earliest_deadline,4,16,16-20,0,1,0,27.75,0.0000
402,1376181512,optimized_global,4,16,16-20,3,1,0,27.75,0.1875
402,1376181512,nearest_global,4,16,16-20,3,1,0,27.75,0.1875
402,1376181512,earliest_deadline_global,4,16,16-20,0,1,0,27.75,0.0000
403,4173962716,optimized,2,16,16-20,0,1,0,24.75,0.0000
403,4173962716,nearest,2,16,16-20,0,1,0,24.75,0.0000
403,4173962716,earliest_deadline,2,16,16-20,0,1,0,24.75,0.0000
403,4173962716,optimized_global,2,16,16-20,0,1,0,24.75,0.0000
403,4173962716,nearest_global,2,16,16-20,0,1,0,24.75,0.0000
403,4173962716,earliest_deadline_global,2,16,16-20,0,1,0,24.75,0.0000
404,2144507171,optimized,4,9,5-10,1,1,0,28.25,0.1111
404,2144507171,nearest,4,9,5-10,1,1,0,28.25,0.1111
404,2144507171,earliest_deadline,4,9,5-10,0,1,0,28.25,0.0000
404,2144507171,optimized_global,4,9,5-10,2,1,0,28.25,0.2222
404,2144507171,nearest_global,4,9,5-10,2,1,0,28.25,0.2222
404,2144507171,earliest_deadline_global,4,9,5-10,0,1,0,28.25,0.0000
405,2150667017,optimized,4,9,5-10,1,1,0,26.00,0.1111
405,2150667017,nearest,4,9,5-10,1,1,0,26.00,0.1111
405,2150667017,earliest_deadline,4,9,5-10,0,1,0,26.00,0.0000
405,2150667017,optimized_global,4,9,5-10,0,1,0,26.00,0.0000
405,2150667017,nearest_global,4,9,5-10,1,1,0,26.00,0.1111
405,2150667017,earliest_deadline_global,4,9,5-10,0,1,0,26.00,0.0000
406,1862722365,optimized,2,13,11-15,1,1,0,27.00,0.0769
406,1862722365,nearest,2,13,11-15,1,1,0,27.00,0.0769
406,1862722365,earliest_deadline,2,13,11-15,0,1,0,27.00,0.0000
406,1862722365,optimized_global,2,13,11-15,1,1,0,27.00,0.0769
406,1862722365,nearest_global,2,13,11-15,1,1,0,27.00,0.0769
406,1862722365,earliest_deadline_global,2,13,11-15,0,1,0,27.00,0.0000
407,618035066,optimized,5,13,11-15,1,1,0,30.50,0.0769
407,618035066,nearest,5,13,11-15,1,1,0,30.50,0.0769
407,618035066,earliest_deadline,5,13,11-15,1,1,0,30.50,0.0769
407,618035066,optimized_global,5,13,11-15,4,1,0,30.50,0.3077
407,618035066,nearest_global,5,13,11-15,4,1,0,30.50,0.3077
407,618035066,earliest_deadline_global,5,13,11-15,1,1,0,30.50,0.0769
408,4013099256,optimized,5,7,5-10,0,1,0,24.25,0.0000
408,4013099256,nearest,5,7,5-10,0,1,0,24.25,0.0000
408,4013099256,earliest_deadline,5,7,5-10,0,1,0,24.25,0.0000
408,4013099256,optimized_global,5,7,5-10,0,1,0,24.25,0.0000
408,4013099256,nearest_global,5,7,5-10,0,1,0,24.25,0.0000
408,4013099256,earliest_deadline_global,5,7,5-10,0,1,0,24.25,0.0000
409,59855898,optimized,4,5,5-10,2,1,0,33.25,0.4000
409,59855898,nearest,4,5,5-10,2,1,0,33.25,0.4000
409,59855898,earliest_deadline,4,5,5-10,1,1,0,33.25,0.2000
409,59855898,optimized_global,4,5,5-10,2,1,0,33.25,0.4000
409,59855898,nearest_global,4,5,5-10,3,1,0,33.25,0.6000
409,59855898,earliest_deadline_global,4,5,5-10,2,1,0,33.25,0.4000
410,748520596,optimized,2,11,11-15,1,1,0,25.75,0.0909
410,748520596,nearest,2,11,11-15,1,1,0,25.75,0.0909
410,748520596,earliest_deadline,2,11,11-15,0,1,0,25.75,0.0000
410,748520596,optimized_global,2,11,11-15,1,1,0,25.75,0.0909
410,748520596,nearest_global,2,11,11-15,1,1,0,25.75,0.0909
410,748520596,earliest_deadline_global,2,11,11-15,0,1,0,25.75,0.0000
411,986365137,optimized,4,16,16-20,1,1,0,28.00,0.0625
411,986365137,nearest,4,16,16-20,1,1,0,28.00,0.0625
411,986365137,earliest_deadline,4,16,16-20,0,1,0,28.00,0.0000
411,986365137,optimized_global,4,16,16-20,2,1,0,28.00,0.1250
411,986365137,nearest_global,4,16,16-20,2,1,0,28.00,0.1250
411,986365137,earliest_deadline_global,4,16,16-20,0,1,0,28.00,0.0000
412,1199573649,optimized,4,15,11-15,2,2,0,28.75,0.1333
412,1199573649,nearest,4,15,11-15,2,2,0,28.75,0.1333
412,1199573649,earliest_deadline,4,15,11-15,1,2,0,28.75,0.0667
412,1199573649,optimized_global,4,15,11-15,2,2,0,28.75,0.1333
412,1199573649,nearest_global,4,15,11-15,1,2,0,28.75,0.0667
412,1199573649,earliest_deadline_global,4,15,11-15,1,2,0,28.75,0.0667
413,566172113,optimized,5,17,16-20,1,2,0,26.75,0.0588
413,566172113,nearest,5,17,16-20,1,2,0,26.75,0.0588
413,566172113,earliest_deadline,5,17,16-20,0,2,0,26.75,0.0000
413,566172113,optimized_global,5,17,16-20,2,2,0,26.75,0.1176
413,566172113,nearest_global,5,17,16-20,1,2,0,26.75,0.0588
413,566172113,earliest_deadline_global,5,17,16-20,0,2,0,26.75,0.0000
414,77143678,optimized,2,9,5-10,1,1,0,31.00,0.1111
414,77143678,nearest,2,9,5-10,1,1,0,31.00,0.1111
414,77143678,earliest_deadline,2,9,5-10,1,1,0,31.00,0.1111
414,77143678,optimized_global,2,9,5-10,2,1,0,31.00,0.2222
414,77143678,nearest_global,2,9,5-10,2,1,0,31.00,0.2222
414,77143678,earliest_deadline_global,2,9,5-10,1,1,0,31.00,0.1111
415,2910521840,optimized,3,6,5-10,2,1,0,28.00,0.3333
415,2910521840,nearest,3,6,5-10,2,1,0,28.00,0.3333
415,2910521840,earliest_deadline,3,6,5-10,1,1,0,28.00,0.1667
415,2910521840,optimized_global,3,6,5-10,2,1,0,28.00,0.3333
415,2910521840,nearest_global,3,6,5-10,2,1,0,28.00,0.3333
415,2910521840,earliest_deadline_global,3,6,5-10,1,1,0,28.00,0.1667
416,4163154375,optimized,4,17,16-20,2,1,0,26.00,0.1176
416,4163154375,nearest,4,17,16-20,2,1,0,26.00,0.1176
416,4163154375,earliest_deadline,4,17,16-20,0,1,0,26.00,0.0000
416,4163154375,optimized_global,4,17,16-20,2,1,0,26.00,0.1176
416,4163154375,nearest_global,4,17,16-20,2,1,0,26.00,0.1176
416,4163154375,earliest_deadline_global,4,17,16-20,0,1,0,26.00,0.0000
417,523266621,optimized,3,14,11-15,4,1,0,32.75,0.2857
417,523266621,nearest,3,14,11-15,4,1,0,32.75,0.2857
417,523266621,earliest_deadline,3,14,11-15,1,1,0,34.25,0.0714
417,523266621,optimized_global,3,14,11-15,3,1,0,32.75,0.2143
417,523266621,nearest_global,3,14,11-15,3,1,0,32.75,0.2143
417,523266621,earliest_deadline_global,3,14,11-15,1,1,0,34.25,0.0714
418,1273609006,optimized,2,17,16-20,1,1,0,24.75,0.0588
418,1273609006,nearest,2,17,16-20,1,1,0,24.75,0.0588
418,1273609006,earliest_deadline,2,17,16-20,0,1,0,24.75,0.0000
418,1273609006,optimized_global,2,17,16-20,1,1,0,24.75,0.0588
418,1273609006,nearest_global,2,17,16-20,1,1,0,24.75,0.0588
418,1273609006,earliest_deadline_global,2,17,16-20,0,1,0,24.75,0.0000
419,2174670496,optimized,5,16,16-20,1,1,0,25.00,0.0625
419,2174670496,nearest,5,16,16-20,1,1,0,25.00,0.0625
419,2174670496,earliest_deadline,5,16,16-20,0,1,0,25.00,0.0000
419,2174670496,optimized_global,5,16,16-20,2,1,0,25.00,0.1250
419,2174670496,nearest_global,5,16,16-20,0,1,0,25.00,0.0000
419,2174670496,earliest_deadline_global,5,16,16-20,0,1,0,25.00,0.0000
420,3983592317,optimized,5,9,5-10,1,1,0,29.25,0.1111
420,3983592317,nearest,5,9,5-10,1,1,0,29.25,0.1111
420,3983592317,earliest_deadline,5,9,5-10,0,1,0,29.25,0.0000
420,3983592317,optimized_global,5,9,5-10,2,1,0,29.25,0.2222
420,3983592317,nearest_global,5,9,5-10,1,1,0,29.25,0.1111
420,3983592317,earliest_deadline_global,5,9,5-10,0,1,0,29.25,0.0000
421,2981834454,optimized,4,15,11-15,2,1,0,28.75,0.1333
421,2981834454,nearest,4,15,11-15,2,1,0,28.75,0.1333
421,2981834454,earliest_deadline,4,15,11-15,1,1,0,28.75,0.0667
421,2981834454,optimized_global,4,15,11-15,2,1,0,28.75,0.1333
421,2981834454,nearest_global,4,15,11-15,1,1,0,28.75,0.0667
421,2981834454,earliest_deadline_global,4,15,11-15,1,1,0,28.75,0.0667
422,3290752942,optimized,2,12,11-15,0,1,0,23.50,0.0000
422,3290752942,nearest,2,12,11-15,0,1,0,23.50,0.0000
422,3290752942,earliest_deadline,2,12,11-15,0,1,0,23.50,0.0000
422,3290752942,optimized_global,2,12,11-15,1,1,0,23.50,0.0833
422,3290752942,nearest_global,2,12,11-15,0,1,0,23.50,0.0000
422,3290752942,earliest_deadline_global,2,12,11-15,0,1,0,23.50,0.0000
423,2495876830,optimized,3,19,16-20,3,1,0,27.00,0.1579
423,2495876830,nearest,3,19,16-20,3,1,0,27.00,0.1579
423,2495876830,earliest_deadline,3,19,16-20,0,1,0,27.00,0.0000
423,2495876830,optimized_global,3,19,16-20,3,1,0,27.00,0.1579
423,2495876830,nearest_global,3,19,16-20,2,1,0,27.00,0.1053
423,2495876830,earliest_deadline_global,3,19,16-20,0,1,0,27.00,0.0000
424,1791155061,optimized,4,6,5-10,0,1,0,25.75,0.0000
424,1791155061,nearest,4,6,5-10,0,1,0,25.75,0.0000
424,1791155061,earliest_deadline,4,6,5-10,0,1,0,25.75,0.0000
424,1791155061,optimized_global,4,6,5-10,0,1,0,25.75,0.0000
424,1791155061,nearest_global,4,6,5-10,1,1,0,25.75,0.1667
424,1791155061,earliest_deadline_global,4,6,5-10,0,1,0,25.75,0.0000
425,858029889,optimized,5,13,11-15,0,1,0,24.50,0.0000
425,858029889,nearest,5,13,11-15,1,1,0,24.50,0.0769
425,858029889,earliest_deadline,5,13,11-15,0,1,0,24.50,0.0000
425,858029889,optimized_global,5,13,11-15,0,1,0,24.50,0.0000
425,858029889,nearest_global,5,13,11-15,0,1,0,24.50,0.0000
425,858029889,earliest_deadline_global,5,13,11-15,0,1,0,24.50,0.0000
426,3712202010,optimized,2,7,5-10,1,2,0,28.75,0.1429
426,3712202010,nearest,2,7,5-10,1,2,0,28.75,0.1429
426,3712202010,earliest_deadline,2,7,5-10,0,2,0,28.75,0.0000
426,3712202010,optimized_global,2,7,5-10,1,2,0,28.75,0.1429
426,3712202010,nearest_global,2,7,5-10,1,2,0,28.75,0.1429
426,3712202010,earliest_deadline_global,2,7,5-10,0,2,0,28.75,0.0000
427,3453688540,optimized,2,5,5-10,3,1,0,56.50,0.6000
427,3453688540,nearest,2,5,5-10,3,1,0,56.50,0.6000
427,3453688540,earliest_deadline,2,5,5-10,0,1,0,35.75,0.0000
427,3453688540,optimized_global,2,5,5-10,4,1,0,56.50,0.8000
427,3453688540,nearest_global,2,5,5-10,5,0,1,55.75,1.0000
427,3453688540,earliest_deadline_global,2,5,5-10,1,1,0,35.75,0.2000
428,107809367,optimized,2,7,5-10,1,1,0,31.00,0.1429
428,107809367,nearest,2,7,5-10,1,1,0,31.00,0.1429
428,107809367,earliest_deadline,2,7,5-10,0,1,0,31.00,0.0000
428,107809367,optimized_global,2,7,5-10,2,1,0,31.00,0.2857
428,107809367,nearest_global,2,7,5-10,2,1,0,31.00,0.2857
428,107809367,earliest_deadline_global,2,7,5-10,0,1,0,31.00,0.0000
429,3072650224,optimized,4,11,11-15,2,1,0,25.75,0.1818
429,3072650224,nearest,4,11,11-15,2,1,0,25.75,0.1818
429,3072650224,earliest_deadline,4,11,11-15,0,1,0,25.75,0.0000
429,3072650224,optimized_global,4,11,11-15,2,1,0,25.75,0.1818
429,3072650224,nearest_global,4,11,11-15,2,1,0,25.75,0.1818
429,3072650224,earliest_deadline_global,4,11,11-15,0,1,0,25.75,0.0000
430,362444147,optimized,2,14,11-15,2,1,0,28.25,0.1429
430,362444147,nearest,2,14,11-15,2,1,0,28.25,0.1429
430,362444147,earliest_deadline,2,14,11-15,0,1,0,28.25,0.0000
430,362444147,optimized_global,2,14,11-15,2,1,0,28.25,0.1429
430,362444147,nearest_global,2,14,11-15,2,1,0,28.25,0.1429
430,362444147,earliest_deadline_global,2,14,11-15,0,1,0,28.25,0.0000
431,3173912128,optimized,2,14,11-15,2,1,0,27.75,0.1429
431,3173912128,nearest,2,14,11-15,2,1,0,27.75,0.1429
431,3173912128,earliest_deadline,2,14,11-15,0,1,0,27.75,0.0000
431,3173912128,optimized_global,2,14,11-15,1,1,0,27.75,0.0714
431,3173912128,nearest_global,2,14,11-15,2,1,0,27.75,0.1429
431,3173912128,earliest_deadline_global,2,14,11-15,0,1,0,27.75,0.0000
432,3547444751,optimized,4,9,5-10,0,1,0,29.00,0.0000
432,3547444751,nearest,4,9,5-10,0,1,0,29.00,0.0000
432,3547444751,earliest_deadline,4,9,5-10,0,1,0,29.00,0.0000
432,3547444751,optimized_global,4,9,5-10,1,1,0,29.00,0.1111
432,3547444751,nearest_global,4,9,5-10,2,1,0,29.00,0.2222
432,3547444751,earliest_deadline_global,4,9,5-10,0,1,0,29.00,0.0000
433,562888755,optimized,4,7,5-10,3,1,0,35.50,0.4286
433,562888755,nearest,4,7,5-10,3,1,0,35.50,0.4286
433,562888755,earliest_deadline,4,7,5-10,6,1,0,55.50,0.8571
433,562888755,optimized_global,4,7,5-10,7,0,1,46.75,1.0000
433,562888755,nearest_global,4,7,5-10,4,1,0,35.50,0.5714
433,562888755,earliest_deadline_global,4,7,5-10,3,1,0,40.50,0.4286
434,1863310850,optimized,4,9,5-10,0,1,0,27.00,0.0000
434,1863310850,nearest,4,9,5-10,0,1,0,27.00,0.0000
434,1863310850,earliest_deadline,4,9,5-10,0,1,0,27.00,0.0000
434,1863310850,optimized_global,4,9,5-10,0,1,0,27.00,0.0000
434,1863310850,nearest_global,4,9,5-10,1,1,0,27.00,0.1111
434,1863310850,earliest_deadline_global,4,9,5-10,0,1,0,27.00,0.0000
435,531518538,optimized,5,19,16-20,0,1,0,23.75,0.0000
435,531518538,nearest,5,19,16-20,0,1,0,23.75,0.0000
435,531518538,earliest_deadline,5,19,16-20,0,1,0,23.75,0.0000
435,531518538,optimized_global,5,19,16-20,1,1,0,23.75,0.0526
435,531518538,nearest_global,5,19,16-20,0,1,0,23.75,0.0000
435,531518538,earliest_deadline_global,5,19,16-20,0,1,0,23.75,0.0000
436,2436458568,optimized,4,15,11-15,2,1,0,29.00,0.1333
436,2436458568,nearest,4,15,11-15,2,1,0,29.00,0.1333
436,2436458568,earliest_deadline,4,15,11-15,0,1,0,29.00,0.0000
436,2436458568,optimized_global,4,15,11-15,3,1,0,29.00,0.2000
436,2436458568,nearest_global,4,15,11-15,3,1,0,29.00,0.2000
436,2436458568,earliest_deadline_global,4,15,11-15,0,1,0,29.00,0.0000
437,3983850820,optimized,5,5,5-10,0,1,0,27.75,0.0000
437,3983850820,nearest,5,5,5-10,0,1,0,27.75,0.0000
437,3983850820,earliest_deadline,5,5,5-10,0,1,0,27.75,0.0000
437,3983850820,optimized_global,5,5,5-10,0,1,0,27.75,0.0000
437,3983850820,nearest_global,5,5,5-10,0,1,0,27.75,0.0000
437,3983850820,earliest_deadline_global,5,5,5-10,0,1,0,27.75,0.0000
438,347332078,optimized,5,9,5-10,2,1,0,33.50,0.2222
438,347332078,nearest,5,9,5-10,2,1,0,33.50,0.2222
438,347332078,earliest_deadline,5,9,5-10,0,1,0,33.50,0.0000
438,347332078,optimized_global,5,9,5-10,3,1,0,33.50,0.3333
438,347332078,nearest_global,5,9,5-10,5,1,0,33.50,0.5556
438,347332078,earliest_deadline_global,5,9,5-10,0,1,0,33.50,0.0000
439,1707585339,optimized,2,8,5-10,1,1,0,26.50,0.1250
439,1707585339,nearest,2,8,5-10,1,1,0,26.50,0.1250
439,1707585339,earliest_deadline,2,8,5-10,0,1,0,26.50,0.0000
439,1707585339,optimized_global,2,8,5-10,1,1,0,26.50,0.1250
439,1707585339,nearest_global,2,8,5-10,1,1,0,26.50,0.1250
439,1707585339,earliest_deadline_global,2,8,5-10,0,1,0,26.50,0.0000
440,4179520797,optimized,3,11,11-15,0,1,0,25.50,0.0000
440,4179520797,nearest,3,11,11-15,0,1,0,25.50,0.0000
440,4179520797,earliest_deadline,3,11,11-15,0,1,0,25.50,0.0000
440,4179520797,optimized_global,3,11,11-15,1,1,0,25.50,0.0909
440,4179520797,nearest_global,3,11,11-15,1,1,0,25.50,0.0909
440,4179520797,earliest_deadline_global,3,11,11-15,0,1,0,25.50,0.0000
441,1292564787,optimized,2,13,11-15,1,1,0,26.75,0.0769
441,1292564787,nearest,2,13,11-15,1,1,0,26.75,0.0769
441,1292564787,earliest_deadline,2,13,11-15,0,1,0,26.75,0.0000
441,1292564787,optimized_global,2,13,11-15,2,1,0,26.75,0.1538
441,1292564787,nearest_global,2,13,11-15,1,1,0,26.75,0.0769
441,1292564787,earliest_deadline_global,2,13,11-15,0,1,0,26.75,0.0000
442,567866432,optimized,5,12,11-15,1,1,0,26.75,0.0833
442,567866432,nearest,5,12,11-15,1,1,0,26.75,0.0833
442,567866432,earliest_deadline,5,12,11-15,0,1,0,26.75,0.0000
442,567866432,optimized_global,5,12,11-15,2,1,0,26.75,0.1667
442,567866432,nearest_global,5,12,11-15,0,1,0,26.75,0.0000
442,567866432,earliest_deadline_global,5,12,11-15,0,1,0,26.75,0.0000
443,2098452495,optimized,3,5,5-10,0,1,0,25.75,0.0000
443,2098452495,nearest,3,5,5-10,0,1,0,25.75,0.0000
443,2098452495,earliest_deadline,3,5,5-10,0,1,0,25.75,0.0000
443,2098452495,optimized_global,3,5,5-10,0,1,0,25.75,0.0000
443,2098452495,nearest_global,3,5,5-10,0,1,0,25.75,0.0000
443,2098452495,earliest_deadline_global,3,5,5-10,0,1,0,25.75,0.0000
444,2183443617,optimized,5,16,16-20,4,1,0,30.00,0.2500
444,2183443617,nearest,5,16,16-20,3,1,0,30.00,0.1875
444,2183443617,earliest_deadline,5,16,16-20,0,1,0,30.00,0.0000
444,2183443617,optimized_global,5,16,16-20,5,1,0,30.00,0.3125
444,2183443617,nearest_global,5,16,16-20,4,1,0,30.00,0.2500
444,2183443617,earliest_deadline_global,5,16,16-20,1,1,0,30.00,0.0625
445,2846980114,optimized,2,10,5-10,0,1,0,25.50,0.0000
445,2846980114,nearest,2,10,5-10,0,1,0,25.50,0.0000
445,2846980114,earliest_deadline,2,10,5-10,0,1,0,25.50,0.0000
445,2846980114,optimized_global,2,10,5-10,0,1,0,25.50,0.0000
445,2846980114,nearest_global,2,10,5-10,0,1,0,25.50,0.0000
445,2846980114,earliest_deadline_global,2,10,5-10,0,1,0,25.50,0.0000
446,1347492548,optimized,2,16,16-20,1,1,0,31.00,0.0625
446,1347492548,nearest,2,16,16-20,1,1,0,31.00,0.0625
446,1347492548,earliest_deadline,2,16,16-20,0,1,0,31.00,0.0000
446,1347492548,optimized_global,2,16,16-20,1,1,0,31.00,0.0625
446,1347492548,nearest_global,2,16,16-20,1,1,0,31.00,0.0625
446,1347492548,earliest_deadline_global,2,16,16-20,0,1,0,31.00,0.0000
447,4104370635,optimized,4,13,11-15,0,1,0,27.50,0.0000
447,4104370635,nearest,4,13,11-15,0,1,0,27.50,0.0000
447,4104370635,earliest_deadline,4,13,11-15,0,1,0,27.50,0.0000
447,4104370635,optimized_global,4,13,11-15,0,1,0,27.50,0.0000
447,4104370635,nearest_global,4,13,11-15,0,1,0,27.50,0.0000
447,4104370635,earliest_deadline_global,4,13,11-15,0,1,0,27.50,0.0000
448,2237775625,optimized,2,11,11-15,1,1,0,28.50,0.0909
448,2237775625,nearest,2,11,11-15,1,1,0,28.50,0.0909
448,2237775625,earliest_deadline,2,11,11-15,0,1,0,28.50,0.0000
448,2237775625,optimized_global,2,11,11-15,2,1,0,28.50,0.1818
448,2237775625,nearest_global,2,11,11-15,2,1,0,28.50,0.1818
448,2237775625,earliest_deadline_global,2,11,11-15,0,1,0,28.50,0.0000
449,1230277175,optimized,3,5,5-10,2,1,0,29.75,0.4000
449,1230277175,nearest,3,5,5-10,2,1,0,29.75,0.4000
449,1230277175,earliest_deadline,3,5,5-10,1,1,0,29.75,0.2000
449,1230277175,optimized_global,3,5,5-10,1,1,0,29.75,0.2000
449,1230277175,nearest_global,3,5,5-10,1,1,0,29.75,0.2000
449,1230277175,earliest_deadline_global,3,5,5-10,1,1,0,29.75,0.2000
450,4124390301,optimized,3,13,11-15,3,1,0,28.00,0.2308
450,4124390301,nearest,3,13,11-15,3,1,0,28.00,0.2308
450,4124390301,earliest_deadline,3,13,11-15,0,1,0,28.00,0.0000
450,4124390301,optimized_global,3,13,11-15,2,1,0,28.00,0.1538
450,4124390301,nearest_global,3,13,11-15,2,1,0,28.00,0.1538
450,4124390301,earliest_deadline_global,3,13,11-15,0,1,0,28.00,0.0000
451,3972021957,optimized,3,18,16-20,1,2,0,24.75,0.0556
451,3972021957,nearest,3,18,16-20,0,2,0,24.75,0.0000
451,3972021957,earliest_deadline,3,18,16-20,0,2,0,24.75,0.0000
451,3972021957,optimized_global,3,18,16-20,0,2,0,24.75,0.0000
451,3972021957,nearest_global,3,18,16-20,1,2,0,24.75,0.0556
451,3972021957,earliest_deadline_global,3,18,16-20,0,2,0,24.75,0.0000
452,2143896387,optimized,2,10,5-10,0,1,0,24.50,0.0000
452,2143896387,nearest,2,10,5-10,0,1,0,24.50,0.0000
452,2143896387,earliest_deadline,2,10,5-10,0,1,0,24.50,0.0000
452,2143896387,optimized_global,2,10,5-10,0,1,0,24.50,0.0000
452,2143896387,nearest_global,2,10,5-10,0,1,0,24.50,0.0000
452,2143896387,earliest_deadline_global,2,10,5-10,0,1,0,24.50,0.0000
453,106770701,optimized,2,6,5-10,1,1,0,30.25,0.1667
453,106770701,nearest,2,6,5-10,1,1,0,30.25,0.1667
453,106770701,earliest_deadline,2,6,5-10,2,1,0,38.50,0.3333
453,106770701,optimized_global,2,6,5-10,4,1,0,58.25,0.6667
453,106770701,nearest_global,2,6,5-10,1,1,0,30.25,0.1667
453,106770701,earliest_deadline_global,2,6,5-10,5,1,0,63.00,0.8333
454,2563821066,optimized,4,12,11-15,2,1,0,29.75,0.1667
454,2563821066,nearest,4,12,11-15,2,1,0,29.75,0.1667
454,2563821066,earliest_deadline,4,12,11-15,1,1,0,29.75,0.0833
454,2563821066,optimized_global,4,12,11-15,3,1,0,29.75,0.2500
454,2563821066,nearest_global,4,12,11-15,3,1,0,29.75,0.2500
454,2563821066,earliest_deadline_global,4,12,11-15,1,1,0,29.75,0.0833
455,2384557433,optimized,4,16,16-20,2,1,0,32.25,0.1250
455,2384557433,nearest,4,16,16-20,2,1,0,32.25,0.1250
455,2384557433,earliest_deadline,4,16,16-20,2,1,0,35.00,0.1250
455,2384557433,optimized_global,4,16,16-20,4,1,0,32.25,0.2500
455,2384557433,nearest_global,4,16,16-20,3,1,0,32.25,0.1875
455,2384557433,earliest_deadline_global,4,16,16-20,2,1,0,35.00,0.1250
456,636550371,optimized,2,12,11-15,2,1,0,30.50,0.1667
456,636550371,nearest,2,12,11-15,2,1,0,30.50,0.1667
456,636550371,earliest_deadline,2,12,11-15,1,1,0,30.50,0.0833
456,636550371,optimized_global,2,12,11-15,2,1,0,30.50,0.1667
456,636550371,nearest_global,2,12,11-15,1,1,0,30.50,0.0833
456,636550371,earliest_deadline_global,2,12,11-15,0,1,0,30.50,0.0000
457,2722902370,optimized,5,5,5-10,3,1,0,36.75,0.6000
457,2722902370,nearest,5,5,5-10,3,1,0,36.75,0.6000
457,2722902370,earliest_deadline,5,5,5-10,4,1,0,44.00,0.8000
457,2722902370,optimized_global,5,5,5-10,5,0,1,39.25,1.0000
457,2722902370,nearest_global,5,5,5-10,2,1,0,36.75,0.4000
457,2722902370,earliest_deadline_global,5,5,5-10,4,1,0,39.75,0.8000
458,3611180889,optimized,4,6,5-10,0,1,0,26.25,0.0000
458,3611180889,nearest,4,6,5-10,0,1,0,26.25,0.0000
458,3611180889,earliest_deadline,4,6,5-10,0,1,0,26.25,0.0000
458,3611180889,optimized_global,4,6,5-10,0,1,0,26.25,0.0000
458,3611180889,nearest_global,4,6,5-10,0,1,0,26.25,0.0000
458,3611180889,earliest_deadline_global,4,6,5-10,0,1,0,26.25,0.0000
459,454825884,optimized,4,9,5-10,3,1,0,36.75,0.3333
459,454825884,nearest,4,9,5-10,3,1,0,36.75,0.3333
459,454825884,earliest_deadline,4,9,5-10,1,1,0,36.75,0.1111
459,454825884,optimized_global,4,9,5-10,6,1,0,43.00,0.6667
459,454825884,nearest_global,4,9,5-10,6,1,0,43.00,0.6667
459,454825884,earliest_deadline_global,4,9,5-10,1,1,0,36.75,0.1111
460,3106647063,optimized,3,14,11-15,3,1,0,33.25,0.2143
460,3106647063,nearest,3,14,11-15,3,1,0,33.25,0.2143
460,3106647063,earliest_deadline,3,14,11-15,3,1,0,36.25,0.2143
460,3106647063,optimized_global,3,14,11-15,4,1,0,33.25,0.2857
460,3106647063,nearest_global,3,14,11-15,4,1,0,33.25,0.2857
460,3106647063,earliest_deadline_global,3,14,11-15,2,1,0,36.25,0.1429
461,602753978,optimized,3,17,16-20,2,1,0,30.75,0.1176
461,602753978,nearest,3,17,16-20,2,1,0,30.75,0.1176
461,602753978,earliest_deadline,3,17,16-20,1,1,0,30.75,0.0588
461,602753978,optimized_global,3,17,16-20,3,1,0,30.75,0.1765
461,602753978,nearest_global,3,17,16-20,3,1,0,30.75,0.1765
461,602753978,earliest_deadline_global,3,17,16-20,1,1,0,30.75,0.0588
462,3216184336,optimized,3,13,11-15,2,1,0,34.50,0.1538
462,3216184336,nearest,3,13,11-15,2,1,0,34.50,0.1538
462,3216184336,earliest_deadline,3,13,11-15,2,1,0,38.50,0.1538
462,3216184336,optimized_global,3,13,11-15,3,1,0,34.50,0.2308
462,3216184336,nearest_global,3,13,11-15,3,1,0,34.50,0.2308
462,3216184336,earliest_deadline_global,3,13,11-15,3,1,0,38.50,0.2308
463,1800082293,optimized,3,7,5-10,0,1,0,25.50,0.0000
463,1800082293,nearest,3,7,5-10,0,1,0,25.50,0.0000
463,1800082293,earliest_deadline,3,7,5-10,0,1,0,25.50,0.0000
463,1800082293,optimized_global,3,7,5-10,0,1,0,25.50,0.0000
463,1800082293,nearest_global,3,7,5-10,0,1,0,25.50,0.0000
463,1800082293,earliest_deadline_global,3,7,5-10,0,1,0,25.50,0.0000
464,27964669,optimized,3,5,5-10,2,1,0,34.50,0.4000
464,27964669,nearest,3,5,5-10,2,1,0,34.50,0.4000
464,27964669,earliest_deadline,3,5,5-10,1,1,0,34.50,0.2000
464,27964669,optimized_global,3,5,5-10,2,1,0,34.50,0.4000
464,27964669,nearest_global,3,5,5-10,2,1,0,34.50,0.4000
464,27964669,earliest_deadline_global,3,5,5-10,1,1,0,34.50,0.2000
465,4149934462,optimized,3,12,11-15,2,1,0,32.00,0.1667
465,4149934462,nearest,3,12,11-15,3,1,0,32.00,0.2500
465,4149934462,earliest_deadline,3,12,11-15,2,1,0,32.00,0.1667
465,4149934462,optimized_global,3,12,11-15,2,1,0,31.25,0.1667
465,4149934462,nearest_global,3,12,11-15,2,1,0,31.25,0.1667
465,4149934462,earliest_deadline_global,3,12,11-15,0,1,0,31.25,0.0000
466,712837346,optimized,4,11,11-15,1,1,0,24.75,0.0909
466,712837346,nearest,4,11,11-15,1,1,0,24.75,0.0909
466,712837346,earliest_deadline,4,11,11-15,0,1,0,24.75,0.0000
466,712837346,optimized_global,4,11,11-15,0,1,0,24.75,0.0000
466,712837346,nearest_global,4,11,11-15,0,1,0,24.75,0.0000
466,712837346,earliest_deadline_global,4,11,11-15,0,1,0,24.75,0.0000
467,2559983272,optimized,4,14,11-15,5,1,0,36.50,0.3571
467,2559983272,nearest,4,14,11-15,4,1,0,34.25,0.2857
467,2559983272,earliest_deadline,4,14,11-15,5,1,0,39.75,0.3571
467,2559983272,optimized_global,4,14,11-15,8,1,0,42.00,0.5714
467,2559983272,nearest_global,4,14,11-15,6,1,0,36.50,0.4286
467,2559983272,earliest_deadline_global,4,14,11-15,4,1,0,39.75,0.2857
468,779400105,optimized,2,6,5-10,0,1,0,24.50,0.0000
468,779400105,nearest,2,6,5-10,0,1,0,24.50,0.0000
468,779400105,earliest_deadline,2,6,5-10,0,1,0,24.50,0.0000
468,779400105,optimized_global,2,6,5-10,0,1,0,24.50,0.0000
468,779400105,nearest_global,2,6,5-10,0,1,0,24.50,0.0000
468,779400105,earliest_deadline_global,2,6,5-10,0,1,0,24.50,0.0000
469,4007304222,optimized,4,19,16-20,2,1,0,26.50,0.1053
469,4007304222,nearest,4,19,16-20,2,1,0,26.50,0.1053
469,4007304222,earliest_deadline,4,19,16-20,0,1,0,26.50,0.0000
469,4007304222,optimized_global,4,19,16-20,2,1,0,26.50,0.1053
469,4007304222,nearest_global,4,19,16-20,2,1,0,26.50,0.1053
469,4007304222,earliest_deadline_global,4,19,16-20,0,1,0,26.50,0.0000
470,3171084049,optimized,4,10,5-10,4,1,0,36.25,0.4000
470,3171084049,nearest,4,10,5-10,4,1,0,36.25,0.4000
470,3171084049,earliest_deadline,4,10,5-10,4,1,0,40.00,0.4000
470,3171084049,optimized_global,4,10,5-10,5,1,0,36.25,0.5000
470,3171084049,nearest_global,4,10,5-10,4,1,0,36.25,0.4000
470,3171084049,earliest_deadline_global,4,10,5-10,4,1,0,38.00,0.4000
471,3454703825,optimized,4,19,16-20,1,1,0,27.25,0.0526
471,3454703825,nearest,4,19,16-20,1,1,0,27.25,0.0526
471,3454703825,earliest_deadline,4,19,16-20,0,1,0,27.25,0.0000
471,3454703825,optimized_global,4,19,16-20,2,1,0,27.25,0.1053
471,3454703825,nearest_global,4,19,16-20,2,1,0,27.25,0.1053
471,3454703825,earliest_deadline_global,4,19,16-20,0,1,0,27.25,0.0000
472,1855769018,optimized,3,9,5-10,2,1,0,31.00,0.2222
472,1855769018,nearest,3,9,5-10,2,1,0,31.00,0.2222
472,1855769018,earliest_deadline,3,9,5-10,0,1,0,31.00,0.0000
472,1855769018,optimized_global,3,9,5-10,2,1,0,31.00,0.2222
472,1855769018,nearest_global,3,9,5-10,3,1,0,31.00,0.3333
472,1855769018,earliest_deadline_global,3,9,5-10,2,1,0,32.00,0.2222
473,2007388692,optimized,4,14,11-15,5,1,0,35.75,0.3571
473,2007388692,nearest,4,14,11-15,5,1,0,35.75,0.3571
473,2007388692,earliest_deadline,4,14,11-15,4,1,0,40.00,0.2857
473,2007388692,optimized_global,4,14,11-15,5,1,0,34.75,0.3571
473,2007388692,nearest_global,4,14,11-15,5,1,0,34.75,0.3571
473,2007388692,earliest_deadline_global,4,14,11-15,4,1,0,40.00,0.2857
474,2724302793,optimized,5,11,11-15,5,1,0,34.25,0.4545
474,2724302793,nearest,5,11,11-15,5,1,0,34.25,0.4545
474,2724302793,earliest_deadline,5,11,11-15,4,1,0,37.75,0.3636
474,2724302793,optimized_global,5,11,11-15,5,1,0,31.25,0.4545
474,2724302793,nearest_global,5,11,11-15,3,1,0,31.25,0.2727
474,2724302793,earliest_deadline_global,5,11,11-15,4,1,0,42.00,0.3636
475,3370533348,optimized,4,19,16-20,2,1,0,28.25,0.1053
475,3370533348,nearest,4,19,16-20,2,1,0,28.25,0.1053
475,3370533348,earliest_deadline,4,19,16-20,2,1,0,28.25,0.1053
475,3370533348,optimized_global,4,19,16-20,3,1,0,28.25,0.1579
475,3370533348,nearest_global,4,19,16-20,3,1,0,28.25,0.1579
475,3370533348,earliest_deadline_global,4,19,16-20,0,1,0,28.25,0.0000
476,3637749457,optimized,2,14,11-15,3,1,0,40.75,0.2143
476,3637749457,nearest,2,14,11-15,4,1,0,40.75,0.2857
476,3637749457,earliest_deadline,2,14,11-15,2,1,0,41.25,0.1429
476,3637749457,optimized_global,2,14,11-15,3,1,0,39.75,0.2143
476,3637749457,nearest_global,2,14,11-15,3,1,0,39.75,0.2143
476,3637749457,earliest_deadline_global,2,14,11-15,2,1,0,41.25,0.1429
477,76608402,optimized,3,13,11-15,3,2,0,33.25,0.2308
477,76608402,nearest,3,13,11-15,3,2,0,33.25,0.2308
477,76608402,earliest_deadline,3,13,11-15,1,1,0,33.25,0.0769
477,76608402,optimized_global,3,13,11-15,3,2,0,33.25,0.2308
477,76608402,nearest_global,3,13,11-15,3,2,0,33.25,0.2308
477,76608402,earliest_deadline_global,3,13,11-15,3,1,0,39.25,0.2308
478,2849974376,optimized,3,14,11-15,0,1,0,24.25,0.0000
478,2849974376,nearest,3,14,11-15,0,1,0,24.25,0.0000
478,2849974376,earliest_deadline,3,14,11-15,0,1,0,24.25,0.0000
478,2849974376,optimized_global,3,14,11-15,0,1,0,24.25,0.0000
478,2849974376,nearest_global,3,14,11-15,0,1,0,24.25,0.0000
478,2849974376,earliest_deadline_global,3,14,11-15,0,1,0,24.25,0.0000
479,468769895,optimized,5,14,11-15,1,1,0,27.75,0.0714
479,468769895,nearest,5,14,11-15,1,1,0,27.75,0.0714
479,468769895,earliest_deadline,5,14,11-15,1,1,0,27.75,0.0714
479,468769895,optimized_global,5,14,11-15,2,1,0,27.75,0.1429
479,468769895,nearest_global,5,14,11-15,2,1,0,27.75,0.1429
479,468769895,earliest_deadline_global,5,14,11-15,0,1,0,27.75,0.0000
480,1236657478,optimized,4,8,5-10,1,1,0,29.00,0.1250
480,1236657478,nearest,4,8,5-10,1,1,0,29.00,0.1250
480,1236657478,earliest_deadline,4,8,5-10,0,1,0,29.00,0.0000
480,1236657478,optimized_global,4,8,5-10,2,1,0,29.00,0.2500
480,1236657478,nearest_global,4,8,5-10,0,1,0,29.00,0.0000
480,1236657478,earliest_deadline_global,4,8,5-10,0,1,0,29.00,0.0000
481,3562368774,optimized,5,6,5-10,6,0,1,42.75,1.0000
481,3562368774,nearest,5,6,5-10,6,0,1,42.75,1.0000
481,3562368774,earliest_deadline,5,6,5-10,6,0,1,56.25,1.0000
481,3562368774,optimized_global,5,6,5-10,6,0,1,45.00,1.0000
481,3562368774,nearest_global,5,6,5-10,4,1,0,45.50,0.6667
481,3562368774,earliest_deadline_global,5,6,5-10,3,1,0,45.50,0.5000
482,1075945885,optimized,5,8,5-10,4,1,0,33.25,0.5000
482,1075945885,nearest,5,8,5-10,4,1,0,33.25,0.5000
482,1075945885,earliest_deadline,5,8,5-10,2,1,0,33.25,0.2500
482,1075945885,optimized_global,5,8,5-10,5,1,0,33.25,0.6250
482,1075945885,nearest_global,5,8,5-10,3,1,0,33.25,0.3750
482,1075945885,earliest_deadline_global,5,8,5-10,2,1,0,33.25,0.2500
483,3422303334,optimized,3,7,5-10,2,1,0,32.00,0.2857
483,3422303334,nearest,3,7,5-10,2,1,0,32.00,0.2857
483,3422303334,earliest_deadline,3,7,5-10,0,1,0,32.00,0.0000
483,3422303334,optimized_global,3,7,5-10,1,1,0,32.00,0.1429
483,3422303334,nearest_global,3,7,5-10,1,1,0,32.00,0.1429
483,3422303334,earliest_deadline_global,3,7,5-10,0,1,0,32.00,0.0000
484,1988603365,optimized,3,11,11-15,2,1,0,27.50,0.1818
484,1988603365,nearest,3,11,11-15,2,1,0,27.50,0.1818
484,1988603365,earliest_deadline,3,11,11-15,1,1,0,27.50,0.0909
484,1988603365,optimized_global,3,11,11-15,2,1,0,27.50,0.1818
484,1988603365,nearest_global,3,11,11-15,1,1,0,27.50,0.0909
484,1988603365,earliest_deadline_global,3,11,11-15,0,1,0,27.50,0.0000
485,999184377,optimized,3,12,11-15,1,1,0,27.75,0.0833
485,999184377,nearest,3,12,11-15,1,1,0,27.75,0.0833
485,999184377,earliest_deadline,3,12,11-15,0,1,0,27.75,0.0000
485,999184377,optimized_global,3,12,11-15,2,1,0,27.75,0.1667
485,999184377,nearest_global,3,12,11-15,2,1,0,27.75,0.1667
485,999184377,earliest_deadline_global,3,12,11-15,0,1,0,27.75,0.0000
486,1435567889,optimized,4,18,16-20,2,1,0,28.75,0.1111
486,1435567889,nearest,4,18,16-20,2,1,0,28.75,0.1111
486,1435567889,earliest_deadline,4,18,16-20,0,1,0,28.75,0.0000
486,1435567889,optimized_global,4,18,16-20,4,1,0,28.75,0.2222
486,1435567889,nearest_global,4,18,16-20,2,1,0,28.75,0.1111
486,1435567889,earliest_deadline_global,4,18,16-20,0,1,0,28.75,0.0000
487,2279638032,optimized,3,15,11-15,1,1,0,27.50,0.0667
487,2279638032,nearest,3,15,11-15,1,1,0,27.50,0.0667
487,2279638032,earliest_deadline,3,15,11-15,0,1,0,27.50,0.0000
487,2279638032,optimized_global,3,15,11-15,2,1,0,27.50,0.1333
487,2279638032,nearest_global,3,15,11-15,2,1,0,27.50,0.1333
487,2279638032,earliest_deadline_global,3,15,11-15,0,1,0,27.50,0.0000
488,3286282069,optimized,4,20,16-20,3,1,0,31.50,0.1500
488,3286282069,nearest,4,20,16-20,3,1,0,31.50,0.1500
488,3286282069,earliest_deadline,4,20,16-20,0,1,0,31.50,0.0000
488,3286282069,optimized_global,4,20,16-20,3,1,0,31.50,0.1500
488,3286282069,nearest_global,4,20,16-20,4,1,0,31.50,0.2000
488,3286282069,earliest_deadline_global,4,20,16-20,0,1,0,31.50,0.0000
489,2602818129,optimized,2,7,5-10,1,1,0,28.25,0.1429
489,2602818129,nearest,2,7,5-10,1,1,0,28.25,0.1429
489,2602818129,earliest_deadline,2,7,5-10,0,1,0,28.25,0.0000
489,2602818129,optimized_global,2,7,5-10,0,1,0,28.25,0.0000
489,2602818129,nearest_global,2,7,5-10,1,1,0,28.25,0.1429
489,2602818129,earliest_deadline_global,2,7,5-10,0,1,0,28.25,0.0000
490,4008165890,optimized,4,12,11-15,7,1,0,48.50,0.5833
490,4008165890,nearest,4,12,11-15,7,1,0,48.50,0.5833
490,4008165890,earliest_deadline,4,12,11-15,6,1,0,48.50,0.5000
490,4008165890,optimized_global,4,12,11-15,4,1,0,34.25,0.3333
490,4008165890,nearest_global,4,12,11-15,5,1,0,34.25,0.4167
490,4008165890,earliest_deadline_global,4,12,11-15,4,1,0,45.25,0.3333
491,3726910426,optimized,2,11,11-15,0,1,0,30.00,0.0000
491,3726910426,nearest,2,11,11-15,0,1,0,30.00,0.0000
491,3726910426,earliest_deadline,2,11,11-15,0,1,0,30.00,0.0000
491,3726910426,optimized_global,2,11,11-15,1,1,0,30.00,0.0909
491,3726910426,nearest_global,2,11,11-15,1,1,0,30.00,0.0909
491,3726910426,earliest_deadline_global,2,11,11-15,0,1,0,30.00,0.0000
492,3235628782,optimized,3,6,5-10,1,1,0,26.75,0.1667
492,3235628782,nearest,3,6,5-10,1,1,0,26.75,0.1667
492,3235628782,earliest_deadline,3,6,5-10,0,1,0,26.75,0.0000
492,3235628782,optimized_global,3,6,5-10,1,1,0,26.75,0.1667
492,3235628782,nearest_global,3,6,5-10,1,1,0,26.75,0.1667
492,3235628782,earliest_deadline_global,3,6,5-10,0,1,0,26.75,0.0000
493,2590325515,optimized,2,8,5-10,1,1,0,32.25,0.1250
493,2590325515,nearest,2,8,5-10,1,1,0,32.25,0.1250
493,2590325515,earliest_deadline,2,8,5-10,0,1,0,32.25,0.0000
493,2590325515,optimized_global,2,8,5-10,2,1,0,32.25,0.2500
493,2590325515,nearest_global,2,8,5-10,2,1,0,32.25,0.2500
493,2590325515,earliest_deadline_global,2,8,5-10,1,1,0,32.25,0.1250
494,1244921247,optimized,5,5,5-10,5,0,1,58.00,1.0000
494,1244921247,nearest,5,5,5-10,5,0,1,58.00,1.0000
494,1244921247,earliest_deadline,5,5,5-10,5,0,1,59.25,1.0000
494,1244921247,optimized_global,5,5,5-10,5,0,1,36.50,1.0000
494,1244921247,nearest_global,5,5,5-10,3,1,0,46.50,0.6000
494,1244921247,earliest_deadline_global,5,5,5-10,3,1,0,46.50,0.6000
495,1771981396,optimized,4,10,5-10,4,1,0,34.50,0.4000
495,1771981396,nearest,4,10,5-10,4,1,0,34.50,0.4000
495,1771981396,earliest_deadline,4,10,5-10,2,1,0,34.50,0.2000
495,1771981396,optimized_global,4,10,5-10,4,1,0,34.50,0.4000
495,1771981396,nearest_global,4,10,5-10,4,1,0,34.50,0.4000
495,1771981396,earliest_deadline_global,4,10,5-10,1,1,0,34.50,0.1000
496,510647077,optimized,3,20,16-20,3,1,0,26.00,0.1500
496,510647077,nearest,3,20,16-20,3,1,0,26.00,0.1500
496,510647077,earliest_deadline,3,20,16-20,0,1,0,26.00,0.0000
496,510647077,optimized_global,3,20,16-20,2,1,0,26.00,0.1000
496,510647077,nearest_global,3,20,16-20,2,1,0,26.00,0.1000
496,510647077,earliest_deadline_global,3,20,16-20,0,1,0,26.00,0.0000
497,1607108228,optimized,3,6,5-10,2,1,0,38.75,0.3333
497,1607108228,nearest,3,6,5-10,2,1,0,38.75,0.3333
497,1607108228,earliest_deadline,3,6,5-10,2,1,0,46.25,0.3333
497,1607108228,optimized_global,3,6,5-10,3,1,0,38.75,0.5000
497,1607108228,nearest_global,3,6,5-10,2,1,0,38.75,0.3333
497,1607108228,earliest_deadline_global,3,6,5-10,3,1,0,51.00,0.5000
498,3979167985,optimized,3,9,5-10,0,1,0,25.75,0.0000
498,3979167985,nearest,3,9,5-10,0,1,0,25.75,0.0000
498,3979167985,earliest_deadline,3,9,5-10,0,1,0,25.75,0.0000
498,3979167985,optimized_global,3,9,5-10,0,1,0,25.75,0.0000
498,3979167985,nearest_global,3,9,5-10,0,1,0,25.75,0.0000
498,3979167985,earliest_deadline_global,3,9,5-10,0,1,0,25.75,0.0000
499,1829149631,optimized,5,11,11-15,2,1,0,29.00,0.1818
499,1829149631,nearest,5,11,11-15,2,1,0,29.00,0.1818
499,1829149631,earliest_deadline,5,11,11-15,1,1,0,29.00,0.0909
499,1829149631,optimized_global,5,11,11-15,3,1,0,29.00,0.2727
499,1829149631,nearest_global,5,11,11-15,2,1,0,29.00,0.1818
499,1829149631,earliest_deadline_global,5,11,11-15,1,1,0,29.00,0.0909
500,488461573,optimized,2,12,11-15,0,1,0,25.25,0.0000
500,488461573,nearest,2,12,11-15,0,1,0,25.25,0.0000
500,488461573,earliest_deadline,2,12,11-15,0,1,0,25.25,0.0000
500,488461573,optimized_global,2,12,11-15,1,1,0,25.25,0.0833
500,488461573,nearest_global,2,12,11-15,1,1,0,25.25,0.0833
500,488461573,earliest_deadline_global,2,12,11-15,0,1,0,25.25,0.0000
501,2800022433,optimized,4,16,16-20,0,1,0,26.50,0.0000
501,2800022433,nearest,4,16,16-20,1,1,0,26.50,0.0625
501,2800022433,earliest_deadline,4,16,16-20,0,1,0,26.50,0.0000
501,2800022433,optimized_global,4,16,16-20,4,1,0,26.50,0.2500
501,2800022433,nearest_global,4,16,16-20,3,1,0,26.50,0.1875
501,2800022433,earliest_deadline_global,4,16,16-20,0,1,0,26.50,0.0000
502,4134399405,optimized,2,12,11-15,0,1,0,23.00,0.0000
502,4134399405,nearest,2,12,11-15,0,1,0,23.00,0.0000
502,4134399405,earliest_deadline,2,12,11-15,0,1,0,23.00,0.0000
502,4134399405,optimized_global,2,12,11-15,0,1,0,23.00,0.0000
502,4134399405,nearest_global,2,12,11-15,0,1,0,23.00,0.0000
502,4134399405,earliest_deadline_global,2,12,11-15,0,1,0,23.00,0.0000
503,3725843891,optimized,3,20,16-20,1,1,0,25.50,0.0500
503,3725843891,nearest,3,20,16-20,0,1,0,25.50,0.0000
503,3725843891,earliest_deadline,3,20,16-20,0,1,0,25.50,0.0000
503,3725843891,optimized_global,3,20,16-20,2,1,0,25.50,0.1000
503,3725843891,nearest_global,3,20,16-20,0,1,0,25.50,0.0000
503,3725843891,earliest_deadline_global,3,20,16-20,0,1,0,25.50,0.0000
504,1177149402,optimized,3,15,11-15,0,1,0,25.25,0.0000
504,1177149402,nearest,3,15,11-15,0,1,0,25.25,0.0000
504,1177149402,earliest_deadline,3,15,11-15,0,1,0,25.25,0.0000
504,1177149402,optimized_global,3,15,11-15,1,1,0,25.25,0.0667
504,1177149402,nearest_global,3,15,11-15,1,1,0,25.25,0.0667
504,1177149402,earliest_deadline_global,3,15,11-15,0,1,0,25.25,0.0000
505,1949472263,optimized,5,8,5-10,1,1,0,27.75,0.1250
505,1949472263,nearest,5,8,5-10,1,1,0,27.75,0.1250
505,1949472263,earliest_deadline,5,8,5-10,0,1,0,27.75,0.0000
505,1949472263,optimized_global,5,8,5-10,3,1,0,27.75,0.3750
505,1949472263,nearest_global,5,8,5-10,1,1,0,27.75,0.1250
505,1949472263,earliest_deadline_global,5,8,5-10,0,1,0,27.75,0.0000
506,2280698573,optimized,4,6,5-10,3,1,0,34.75,0.5000
506,2280698573,nearest,4,6,5-10,3,1,0,34.75,0.5000
506,2280698573,earliest_deadline,4,6,5-10,3,1,0,38.00,0.5000
506,2280698573,optimized_global,4,6,5-10,3,1,0,34.75,0.5000
506,2280698573,nearest_global,4,6,5-10,2,1,0,34.75,0.3333
506,2280698573,earliest_deadline_global,4,6,5-10,6,0,1,60.00,1.0000
507,1064462816,optimized,5,20,16-20,1,1,0,26.00,0.0500
507,1064462816,nearest,5,20,16-20,1,1,0,26.00,0.0500
507,1064462816,earliest_deadline,5,20,16-20,0,1,0,26.00,0.0000
507,1064462816,optimized_global,5,20,16-20,2,1,0,26.00,0.1000
507,1064462816,nearest_global,5,20,16-20,2,1,0,26.00,0.1000
507,1064462816,earliest_deadline_global,5,20,16-20,0,1,0,26.00,0.0000
508,1154023281,optimized,2,9,5-10,2,1,0,32.25,0.2222
508,1154023281,nearest,2,9,5-10,2,1,0,32.25,0.2222
508,1154023281,earliest_deadline,2,9,5-10,0,1,0,32.25,0.0000
508,1154023281,optimized_global,2,9,5-10,2,1,0,32.25,0.2222
508,1154023281,nearest_global,2,9,5-10,2,1,0,32.25,0.2222
508,1154023281,earliest_deadline_global,2,9,5-10,0,1,0,32.25,0.0000
509,1016457108,optimized,2,7,5-10,1,1,0,26.50,0.1429
509,1016457108,nearest,2,7,5-10,1,1,0,26.50,0.1429
509,1016457108,earliest_deadline,2,7,5-10,0,1,0,26.50,0.0000
509,1016457108,optimized_global,2,7,5-10,2,1,0,26.50,0.2857
509,1016457108,nearest_global,2,7,5-10,2,1,0,26.50,0.2857
509,1016457108,earliest_deadline_global,2,7,5-10,0,1,0,26.50,0.0000
510,4271694148,optimized,2,18,16-20,2,1,0,27.00,0.1111
510,4271694148,nearest,2,18,16-20,2,1,0,27.00,0.1111
510,4271694148,earliest_deadline,2,18,16-20,0,1,0,27.00,0.0000
510,4271694148,optimized_global,2,18,16-20,2,1,0,27.00,0.1111
510,4271694148,nearest_global,2,18,16-20,2,1,0,27.00,0.1111
510,4271694148,earliest_deadline_global,2,18,16-20,0,1,0,27.00,0.0000
511,3204106934,optimized,3,19,16-20,1,1,0,24.75,0.0526
511,3204106934,nearest,3,19,16-20,1,1,0,24.75,0.0526
511,3204106934,earliest_deadline,3,19,16-20,0,1,0,24.75,0.0000
511,3204106934,optimized_global,3,19,16-20,1,1,0,24.75,0.0526
511,3204106934,nearest_global,3,19,16-20,1,1,0,24.75,0.0526
511,3204106934,earliest_deadline_global,3,19,16-20,0,1,0,24.75,0.0000
512,3611450621,optimized,4,13,11-15,3,1,0,30.00,0.2308
512,3611450621,nearest,4,13,11-15,3,1,0,30.00,0.2308
512,3611450621,earliest_deadline,4,13,11-15,1,1,0,30.00,0.0769
512,3611450621,optimized_global,4,13,11-15,4,1,0,30.00,0.3077
512,3611450621,nearest_global,4,13,11-15,4,1,0,30.00,0.3077
512,3611450621,earliest_deadline_global,4,13,11-15,1,1,0,30.00,0.0769
513,3507136132,optimized,2,10,5-10,2,1,0,34.50,0.2000
513,3507136132,nearest,2,10,5-10,2,1,0,34.50,0.2000
513,3507136132,earliest_deadline,2,10,5-10,1,1,0,37.25,0.1000
513,3507136132,optimized_global,2,10,5-10,2,1,0,34.50,0.2000
513,3507136132,nearest_global,2,10,5-10,2,1,0,34.50,0.2000
513,3507136132,earliest_deadline_global,2,10,5-10,1,1,0,37.25,0.1000
514,4119489789,optimized,4,13,11-15,2,1,0,26.75,0.1538
514,4119489789,nearest,4,13,11-15,2,1,0,26.75,0.1538
514,4119489789,earliest_deadline,4,13,11-15,0,1,0,26.75,0.0000
514,4119489789,optimized_global,4,13,11-15,3,1,0,26.75,0.2308
514,4119489789,nearest_global,4,13,11-15,2,1,0,26.75,0.1538
514,4119489789,earliest_deadline_global,4,13,11-15,0,1,0,26.75,0.0000
515,452165908,optimized,5,14,11-15,1,1,0,26.50,0.0714
515,452165908,nearest,5,14,11-15,1,1,0,26.50,0.0714
515,452165908,earliest_deadline,5,14,11-15,1,1,0,26.50,0.0714
515,452165908,optimized_global,5,14,11-15,1,1,0,26.50,0.0714
515,452165908,nearest_global,5,14,11-15,1,1,0,26.50,0.0714
515,452165908,earliest_deadline_global,5,14,11-15,0,1,0,26.50,0.0000
516,3786582480,optimized,5,17,16-20,3,1,0,28.75,0.1765
516,3786582480,nearest,5,17,16-20,3,1,0,28.75,0.1765
516,3786582480,earliest_deadline,5,17,16-20,1,1,0,28.75,0.0588
516,3786582480,optimized_global,5,17,16-20,2,1,0,28.75,0.1176
516,3786582480,nearest_global,5,17,16-20,3,1,0,28.75,0.1765
516,3786582480,earliest_deadline_global,5,17,16-20,0,1,0,28.75,0.0000
517,285868112,optimized,2,19,16-20,2,1,0,29.50,0.1053
517,285868112,nearest,2,19,16-20,2,1,0,29.50,0.1053
517,285868112,earliest_deadline,2,19,16-20,0,1,0,29.50,0.0000
517,285868112,optimized_global,2,19,16-20,2,1,0,29.50,0.1053
517,285868112,nearest_global,2,19,16-20,2,1,0,29.50,0.1053
517,285868112,earliest_deadline_global,2,19,16-20,0,1,0,29.50,0.0000
518,2041917703,optimized,3,17,16-20,3,1,0,28.50,0.1765
518,2041917703,nearest,3,17,16-20,2,1,0,28.50,0.1176
518,2041917703,earliest_deadline,3,17,16-20,0,1,0,28.50,0.0000
518,2041917703,optimized_global,3,17,16-20,2,1,0,28.50,0.1176
518,2041917703,nearest_global,3,17,16-20,2,1,0,28.50,0.1176
518,2041917703,earliest_deadline_global,3,17,16-20,0,1,0,28.50,0.0000
519,2553073144,optimized,2,16,16-20,2,1,0,29.00,0.1250
519,2553073144,nearest,2,16,16-20,2,1,0,29.00,0.1250
519,2553073144,earliest_deadline,2,16,16-20,0,1,0,29.00,0.0000
519,2553073144,optimized_global,2,16,16-20,2,1,0,29.00,0.1250
519,2553073144,nearest_global,2,16,16-20,2,1,0,29.00,0.1250
519,2553073144,earliest_deadline_global,2,16,16-20,0,1,0,29.00,0.0000
520,1537001662,optimized,3,10,5-10,3,1,0,31.75,0.3000
520,1537001662,nearest,3,10,5-10,3,1,0,31.75,0.3000
520,1537001662,earliest_deadline,3,10,5-10,1,1,0,31.75,0.1000
520,1537001662,optimized_global,3,10,5-10,3,1,0,31.75,0.3000
520,1537001662,nearest_global,3,10,5-10,1,1,0,31.75,0.1000
520,1537001662,earliest_deadline_global,3,10,5-10,0,1,0,31.75,0.0000
521,627809302,optimized,4,8,5-10,6,1,0,41.00,0.7500
521,627809302,nearest,4,8,5-10,6,1,0,41.00,0.7500
521,627809302,earliest_deadline,4,8,5-10,6,1,0,52.75,0.7500
521,627809302,optimized_global,4,8,5-10,4,1,0,41.00,0.5000
521,627809302,nearest_global,4,8,5-10,4,1,0,41.00,0.5000
521,627809302,earliest_deadline_global,4,8,5-10,7,1,0,59.25,0.8750
522,825927925,optimized,3,6,5-10,0,1,0,28.00,0.0000
522,825927925,nearest,3,6,5-10,0,1,0,28.00,0.0000
522,825927925,earliest_deadline,3,6,5-10,0,1,0,28.00,0.0000
522,825927925,optimized_global,3,6,5-10,0,1,0,28.00,0.0000
522,825927925,nearest_global,3,6,5-10,0,1,0,28.00,0.0000
522,825927925,earliest_deadline_global,3,6,5-10,0,1,0,28.00,0.0000
523,3541905727,optimized,2,10,5-10,1,1,0,33.25,0.1000
523,3541905727,nearest,2,10,5-10,1,1,0,33.25,0.1000
523,3541905727,earliest_deadline,2,10,5-10,2,1,0,34.50,0.2000
523,3541905727,optimized_global,2,10,5-10,2,1,0,33.25,0.2000
523,3541905727,nearest_global,2,10,5-10,2,1,0,33.25,0.2000
523,3541905727,earliest_deadline_global,2,10,5-10,1,1,0,34.50,0.1000
524,1368908737,optimized,5,9,5-10,0,1,0,26.25,0.0000
524,1368908737,nearest,5,9,5-10,1,1,0,26.25,0.1111
524,1368908737,earliest_deadline,5,9,5-10,0,1,0,26.25,0.0000
524,1368908737,optimized_global,5,9,5-10,1,1,0,26.25,0.1111
524,1368908737,nearest_global,5,9,5-10,0,1,0,26.25,0.0000
524,1368908737,earliest_deadline_global,5,9,5-10,0,1,0,26.25,0.0000
525,1332877274,optimized,2,5,5-10,0,1,0,27.00,0.0000
525,1332877274,nearest,2,5,5-10,0,1,0,27.00,0.0000
525,1332877274,earliest_deadline,2,5,5-10,0,1,0,27.00,0.0000
525,1332877274,optimized_global,2,5,5-10,0,1,0,27.00,0.0000
525,1332877274,nearest_global,2,5,5-10,0,1,0,27.00,0.0000
525,1332877274,earliest_deadline_global,2,5,5-10,0,1,0,27.00,0.0000
526,3965809036,optimized,3,9,5-10,1,1,0,31.25,0.1111
526,3965809036,nearest,3,9,5-10,1,1,0,31.25,0.1111
526,3965809036,earliest_deadline,3,9,5-10,0,1,0,31.25,0.0000
526,3965809036,optimized_global,3,9,5-10,2,1,0,31.25,0.2222
526,3965809036,nearest_global,3,9,5-10,1,1,0,31.25,0.1111
526,3965809036,earliest_deadline_global,3,9,5-10,0,1,0,31.25,0.0000
527,617925245,optimized,3,17,16-20,2,1,0,26.75,0.1176
527,617925245,nearest,3,17,16-20,2,1,0,26.75,0.1176
527,617925245,earliest_deadline,3,17,16-20,0,1,0,26.75,0.0000
527,617925245,optimized_global,3,17,16-20,2,1,0,26.75,0.1176
527,617925245,nearest_global,3,17,16-20,1,1,0,26.75,0.0588
527,617925245,earliest_deadline_global,3,17,16-20,0,1,0,26.75,0.0000
528,3931041480,optimized,4,10,5-10,4,1,0,36.00,0.4000
528,3931041480,nearest,4,10,5-10,4,1,0,36.00,0.4000
528,3931041480,earliest_deadline,4,10,5-10,4,1,0,38.50,0.4000
528,3931041480,optimized_global,4,10,5-10,4,1,0,36.00,0.4000
528,3931041480,nearest_global,4,10,5-10,5,1,0,36.00,0.5000
528,3931041480,earliest_deadline_global,4,10,5-10,3,1,0,37.25,0.3000
529,3955538058,optimized,5,12,11-15,0,1,0,26.25,0.0000
529,3955538058,nearest,5,12,11-15,0,1,0,26.25,0.0000
529,3955538058,earliest_deadline,5,12,11-15,0,1,0,26.25,0.0000
529,3955538058,optimized_global,5,12,11-15,1,1,0,26.25,0.0833
529,3955538058,nearest_global,5,12,11-15,1,1,0,26.25,0.0833
529,3955538058,earliest_deadline_global,5,12,11-15,0,1,0,26.25,0.0000
530,2570794082,optimized,5,16,16-20,5,1,0,31.50,0.3125
530,2570794082,nearest,5,16,16-20,5,1,0,31.50,0.3125
530,2570794082,earliest_deadline,5,16,16-20,1,1,0,31.50,0.0625
530,2570794082,optimized_global,5,16,16-20,7,1,0,31.50,0.4375
530,2570794082,nearest_global,5,16,16-20,6,1,0,31.50,0.3750
530,2570794082,earliest_deadline_global,5,16,16-20,0,1,0,31.50,0.0000
531,710953334,optimized,3,16,16-20,1,1,0,24.50,0.0625
531,710953334,nearest,3,16,16-20,1,1,0,24.50,0.0625
531,710953334,earliest_deadline,3,16,16-20,0,1,0,24.50,0.0000
531,710953334,optimized_global,3,16,16-20,0,1,0,24.50,0.0000
531,710953334,nearest_global,3,16,16-20,0,1,0,24.50,0.0000
531,710953334,earliest_deadline_global,3,16,16-20,0,1,0,24.50,0.0000
532,669417316,optimized,2,14,11-15,1,1,0,28.50,0.0714
532,669417316,nearest,2,14,11-15,1,1,0,28.50,0.0714
532,669417316,earliest_deadline,2,14,11-15,0,1,0,28.50,0.0000
532,669417316,optimized_global,2,14,11-15,0,1,0,28.50,0.0000
532,669417316,nearest_global,2,14,11-15,1,1,0,28.50,0.0714
532,669417316,earliest_deadline_global,2,14,11-15,0,1,0,28.50,0.0000
533,1222863441,optimized,5,19,16-20,2,1,0,28.75,0.1053
533,1222863441,nearest,5,19,16-20,2,1,0,28.75,0.1053
533,1222863441,earliest_deadline,5,19,16-20,2,1,0,28.75,0.1053
533,1222863441,optimized_global,5,19,16-20,4,1,0,28.75,0.2105
533,1222863441,nearest_global,5,19,16-20,4,1,0,28.75,0.2105
533,1222863441,earliest_deadline_global,5,19,16-20,1,1,0,28.75,0.0526
534,2479981324,optimized,2,9,5-10,1,1,0,30.75,0.1111
534,2479981324,nearest,2,9,5-10,1,1,0,30.75,0.1111
534,2479981324,earliest_deadline,2,9,5-10,0,1,0,30.75,0.0000
534,2479981324,optimized_global,2,9,5-10,2,1,0,30.75,0.2222
534,2479981324,nearest_global,2,9,5-10,2,1,0,30.75,0.2222
534,2479981324,earliest_deadline_global,2,9,5-10,1,1,0,30.75,0.1111
535,659764507,optimized,2,12,11-15,1,1,0,28.50,0.0833
535,659764507,nearest,2,12,11-15,1,1,0,28.50,0.0833
535,659764507,earliest_deadline,2,12,11-15,0,1,0,28.50,0.0000
535,659764507,optimized_global,2,12,11-15,1,1,0,28.50,0.0833
535,659764507,nearest_global,2,12,11-15,1,1,0,28.50,0.0833
535,659764507,earliest_deadline_global,2,12,11-15,0,1,0,28.50,0.0000
536,1957035896,optimized,4,19,16-20,2,1,0,26.50,0.1053
536,1957035896,nearest,4,19,16-20,2,1,0,26.50,0.1053
536,1957035896,earliest_deadline,4,19,16-20,0,1,0,26.50,0.0000
536,1957035896,optimized_global,4,19,16-20,4,1,0,26.50,0.2105
536,1957035896,nearest_global,4,19,16-20,2,1,0,26.50,0.1053
536,1957035896,earliest_deadline_global,4,19,16-20,0,1,0,26.50,0.0000
537,496026045,optimized,3,15,11-15,0,1,0,26.00,0.0000
537,496026045,nearest,3,15,11-15,0,1,0,26.00,0.0000
537,496026045,earliest_deadline,3,15,11-15,0,1,0,26.00,0.0000
537,496026045,optimized_global,3,15,11-15,1,1,0,26.00,0.0667
537,496026045,nearest_global,3,15,11-15,1,1,0,26.00,0.0667
537,496026045,earliest_deadline_global,3,15,11-15,0,1,0,26.00,0.0000
538,2320502636,optimized,2,17,16-20,1,1,0,27.75,0.0588
538,2320502636,nearest,2,17,16-20,0,1,0,27.75,0.0000
538,2320502636,earliest_deadline,2,17,16-20,0,1,0,27.75,0.0000
538,2320502636,optimized_global,2,17,16-20,2,1,0,27.75,0.1176
538,2320502636,nearest_global,2,17,16-20,1,1,0,27.75,0.0588
538,2320502636,earliest_deadline_global,2,17,16-20,0,1,0,27.75,0.0000
539,90830037,optimized,4,17,16-20,2,1,0,29.00,0.1176
539,90830037,nearest,4,17,16-20,2,1,0,29.00,0.1176
539,90830037,earliest_deadline,4,17,16-20,0,1,0,29.00,0.0000
539,90830037,optimized_global,4,17,16-20,4,1,0,29.00,0.2353
539,90830037,nearest_global,4,17,16-20,4,1,0,29.00,0.2353
539,90830037,earliest_deadline_global,4,17,16-20,2,1,0,29.00,0.1176
540,3045287181,optimized,4,6,5-10,2,1,0,35.75,0.3333
540,3045287181,nearest,4,6,5-10,2,1,0,35.75,0.3333
540,3045287181,earliest_deadline,4,6,5-10,2,1,0,35.75,0.3333
540,3045287181,optimized_global,4,6,5-10,3,1,0,35.75,0.5000
540,3045287181,nearest_global,4,6,5-10,3,1,0,35.75,0.5000
540,3045287181,earliest_deadline_global,4,6,5-10,2,1,0,35.75,0.3333
541,237921469,optimized,2,11,11-15,2,2,0,32.75,0.1818
541,237921469,nearest,2,11,11-15,2,2,0,32.75,0.1818
541,237921469,earliest_deadline,2,11,11-15,2,2,0,35.25,0.1818
541,237921469,optimized_global,2,11,11-15,2,2,0,32.75,0.1818
541,237921469,nearest_global,2,11,11-15,2,2,0,32.75,0.1818
541,237921469,earliest_deadline_global,2,11,11-15,2,2,0,35.25,0.1818
542,836753420,optimized,3,10,5-10,2,1,0,30.00,0.2000
542,836753420,nearest,3,10,5-10,2,1,0,30.00,0.2000
542,836753420,earliest_deadline,3,10,5-10,1,1,0,30.00,0.1000
542,836753420,optimized_global,3,10,5-10,3,1,0,30.00,0.3000
542,836753420,nearest_global,3,10,5-10,3,1,0,30.00,0.3000
542,836753420,earliest_deadline_global,3,10,5-10,1,1,0,30.00,0.1000
543,750079405,optimized,5,11,11-15,1,1,0,26.75,0.0909
543,750079405,nearest,5,11,11-15,1,1,0,26.75,0.0909
543,750079405,earliest_deadline,5,11,11-15,0,1,0,26.75,0.0000
543,750079405,optimized_global,5,11,11-15,2,1,0,26.75,0.1818
543,750079405,nearest_global,5,11,11-15,2,1,0,26.75,0.1818
543,750079405,earliest_deadline_global,5,11,11-15,0,1,0,26.75,0.0000
544,3569092444,optimized,4,5,5-10,1,1,0,24.75,0.2000
544,3569092444,nearest,4,5,5-10,1,1,0,24.75,0.2000
544,3569092444,earliest_deadline,4,5,5-10,0,1,0,24.75,0.0000
544,3569092444,optimized_global,4,5,5-10,0,1,0,24.75,0.0000
544,3569092444,nearest_global,4,5,5-10,1,1,0,24.75,0.2000
544,3569092444,earliest_deadline_global,4,5,5-10,0,1,0,24.75,0.0000
545,229273653,optimized,3,15,11-15,6,1,0,37.25,0.4000
545,229273653,nearest,3,15,11-15,6,1,0,37.25,0.4000
545,229273653,earliest_deadline,3,15,11-15,3,1,0,39.75,0.2000
545,229273653,optimized_global,3,15,11-15,4,1,0,34.50,0.2667
545,229273653,nearest_global,3,15,11-15,3,1,0,34.50,0.2000
545,229273653,earliest_deadline_global,3,15,11-15,3,1,0,39.75,0.2000
546,1843656208,optimized,5,14,11-15,1,1,0,28.75,0.0714
546,1843656208,nearest,5,14,11-15,1,1,0,28.75,0.0714
546,1843656208,earliest_deadline,5,14,11-15,0,1,0,28.75,0.0000
546,1843656208,optimized_global,5,14,11-15,0,1,0,28.75,0.0000
546,1843656208,nearest_global,5,14,11-15,1,1,0,28.75,0.0714
546,1843656208,earliest_deadline_global,5,14,11-15,0,1,0,28.75,0.0000
547,2538943356,optimized,4,14,11-15,2,1,0,27.25,0.1429
547,2538943356,nearest,4,14,11-15,2,1,0,27.25,0.1429
547,2538943356,earliest_deadline,4,14,11-15,0,1,0,27.25,0.0000
547,2538943356,optimized_global,4,14,11-15,3,1,0,27.25,0.2143
547,2538943356,nearest_global,4,14,11-15,2,1,0,27.25,0.1429
547,2538943356,earliest_deadline_global,4,14,11-15,0,1,0,27.25,0.0000
548,2216184022,optimized,3,20,16-20,3,1,0,28.50,0.1500
548,2216184022,nearest,3,20,16-20,3,1,0,28.50,0.1500
548,2216184022,earliest_deadline,3,20,16-20,0,1,0,28.50,0.0000
548,2216184022,optimized_global,3,20,16-20,3,1,0,28.50,0.1500
548,2216184022,nearest_global,3,20,16-20,3,1,0,28.50,0.1500
548,2216184022,earliest_deadline_global,3,20,16-20,0,1,0,28.50,0.0000
549,2923646629,optimized,4,17,16-20,5,1,0,31.25,0.2941
549,2923646629,nearest,4,17,16-20,5,1,0,31.25,0.2941
549,2923646629,earliest_deadline,4,17,16-20,0,1,0,31.25,0.0000
549,2923646629,optimized_global,4,17,16-20,5,1,0,31.25,0.2941
549,2923646629,nearest_global,4,17,16-20,5,1,0,31.25,0.2941
549,2923646629,earliest_deadline_global,4,17,16-20,1,1,0,31.25,0.0588
550,3449293880,optimized,2,20,16-20,2,1,0,27.00,0.1000
550,3449293880,nearest,2,20,16-20,2,1,0,27.00,0.1000
550,3449293880,earliest_deadline,2,20,16-20,0,1,0,27.00,0.0000
550,3449293880,optimized_global,2,20,16-20,2,1,0,27.00,0.1000
550,3449293880,nearest_global,2,20,16-20,2,1,0,27.00,0.1000
550,3449293880,earliest_deadline_global,2,20,16-20,0,1,0,27.00,0.0000
551,1690629937,optimized,5,8,5-10,0,1,0,25.50,0.0000
551,1690629937,nearest,5,8,5-10,0,1,0,25.50,0.0000
551,1690629937,earliest_deadline,5,8,5-10,0,1,0,25.50,0.0000
551,1690629937,optimized_global,5,8,5-10,0,1,0,25.50,0.0000
551,1690629937,nearest_global,5,8,5-10,0,1,0,25.50,0.0000
551,1690629937,earliest_deadline_global,5,8,5-10,0,1,0,25.50,0.0000
552,3557168656,optimized,3,15,11-15,0,1,0,24.50,0.0000
552,3557168656,nearest,3,15,11-15,0,1,0,24.50,0.0000
552,3557168656,earliest_deadline,3,15,11-15,0,1,0,24.50,0.0000
552,3557168656,optimized_global,3,15,11-15,0,1,0,24.50,0.0000
552,3557168656,nearest_global,3,15,11-15,0,1,0,24.50,0.0000
552,3557168656,earliest_deadline_global,3,15,11-15,0,1,0,24.50,0.0000
553,1365761360,optimized,5,14,11-15,4,1,0,35.00,0.2857
553,1365761360,nearest,5,14,11-15,4,1,0,35.00,0.2857
553,1365761360,earliest_deadline,5,14,11-15,4,1,0,36.75,0.2857
553,1365761360,optimized_global,5,14,11-15,6,1,0,35.00,0.4286
553,1365761360,nearest_global,5,14,11-15,6,1,0,35.00,0.4286
553,1365761360,earliest_deadline_global,5,14,11-15,5,1,0,44.75,0.3571
554,4228063349,optimized,4,7,5-10,1,1,0,33.75,0.1429
554,4228063349,nearest,4,7,5-10,1,1,0,33.75,0.1429
554,4228063349,earliest_deadline,4,7,5-10,0,1,0,33.75,0.0000
554,4228063349,optimized_global,4,7,5-10,3,1,0,33.75,0.4286
554,4228063349,nearest_global,4,7,5-10,3,1,0,33.75,0.4286
554,4228063349,earliest_deadline_global,4,7,5-10,1,1,0,33.75,0.1429
555,2166923686,optimized,5,10,5-10,2,1,0,34.75,0.2000
555,2166923686,nearest,5,10,5-10,2,1,0,34.75,0.2000
555,2166923686,earliest_deadline,5,10,5-10,4,1,0,39.50,0.4000
555,2166923686,optimized_global,5,10,5-10,5,1,0,34.75,0.5000
555,2166923686,nearest_global,5,10,5-10,4,1,0,34.75,0.4000
555,2166923686,earliest_deadline_global,5,10,5-10,2,1,0,39.50,0.2000
556,3161153226,optimized,5,10,5-10,3,1,0,30.00,0.3000
556,3161153226,nearest,5,10,5-10,3,1,0,30.00,0.3000
556,3161153226,earliest_deadline,5,10,5-10,1,1,0,30.00,0.1000
556,3161153226,optimized_global,5,10,5-10,2,1,0,30.00,0.2000
556,3161153226,nearest_global,5,10,5-10,3,1,0,30.00,0.3000
556,3161153226,earliest_deadline_global,5,10,5-10,1,1,0,30.00,0.1000
557,3758117609,optimized,2,18,16-20,2,1,0,29.00,0.1111
557,3758117609,nearest,2,18,16-20,2,1,0,29.00,0.1111
557,3758117609,earliest_deadline,2,18,16-20,0,1,0,29.00,0.0000
557,3758117609,optimized_global,2,18,16-20,2,1,0,29.00,0.1111
557,3758117609,nearest_global,2,18,16-20,2,1,0,29.00,0.1111
557,3758117609,earliest_deadline_global,2,18,16-20,0,1,0,29.00,0.0000
558,3404411174,optimized,5,5,5-10,0,1,0,26.75,0.0000
558,3404411174,nearest,5,5,5-10,0,1,0,26.75,0.0000
558,3404411174,earliest_deadline,5,5,5-10,0,1,0,26.75,0.0000
558,3404411174,optimized_global,5,5,5-10,0,1,0,26.75,0.0000
558,3404411174,nearest_global,5,5,5-10,0,1,0,26.75,0.0000
558,3404411174,earliest_deadline_global,5,5,5-10,0,1,0,26.75,0.0000
559,3655582500,optimized,5,10,5-10,3,1,0,30.75,0.3000
559,3655582500,nearest,5,10,5-10,3,1,0,30.75,0.3000
559,3655582500,earliest_deadline,5,10,5-10,5,1,0,37.50,0.5000
559,3655582500,optimized_global,5,10,5-10,5,1,0,30.75,0.5000
559,3655582500,nearest_global,5,10,5-10,5,1,0,30.75,0.5000
559,3655582500,earliest_deadline_global,5,10,5-10,3,1,0,38.00,0.3000
560,2304308264,optimized,5,10,5-10,1,1,0,25.75,0.1000
560,2304308264,nearest,5,10,5-10,0,1,0,25.75,0.0000
560,2304308264,earliest_deadline,5,10,5-10,0,1,0,25.75,0.0000
560,2304308264,optimized_global,5,10,5-10,2,1,0,25.75,0.2000
560,2304308264,nearest_global,5,10,5-10,0,1,0,25.75,0.0000
560,2304308264,earliest_deadline_global,5,10,5-10,0,1,0,25.75,0.0000
561,186723968,optimized,5,6,5-10,0,1,0,26.00,0.0000
561,186723968,nearest,5,6,5-10,0,1,0,26.00,0.0000
561,186723968,earliest_deadline,5,6,5-10,0,1,0,26.00,0.0000
561,186723968,optimized_global,5,6,5-10,1,1,0,26.00,0.1667
561,186723968,nearest_global,5,6,5-10,1,1,0,26.00,0.1667
561,186723968,earliest_deadline_global,5,6,5-10,0,1,0,26.00,0.0000
562,2117777664,optimized,4,7,5-10,1,1,0,29.00,0.1429
562,2117777664,nearest,4,7,5-10,1,1,0,29.00,0.1429
562,2117777664,earliest_deadline,4,7,5-10,1,1,0,29.00,0.1429
562,2117777664,optimized_global,4,7,5-10,1,1,0,29.00,0.1429
562,2117777664,nearest_global,4,7,5-10,0,1,0,29.00,0.0000
562,2117777664,earliest_deadline_global,4,7,5-10,0,1,0,29.00,0.0000
563,779529732,optimized,3,7,5-10,1,1,0,25.00,0.1429
563,779529732,nearest,3,7,5-10,1,1,0,25.00,0.1429
563,779529732,earliest_deadline,3,7,5-10,0,1,0,25.00,0.0000
563,779529732,optimized_global,3,7,5-10,0,1,0,25.00,0.0000
563,779529732,nearest_global,3,7,5-10,1,1,0,25.00,0.1429
563,779529732,earliest_deadline_global,3,7,5-10,0,1,0,25.00,0.0000
564,3818726650,optimized,3,11,11-15,0,1,0,28.00,0.0000
564,3818726650,nearest,3,11,11-15,0,1,0,28.00,0.0000
564,3818726650,earliest_deadline,3,11,11-15,0,1,0,28.00,0.0000
564,3818726650,optimized_global,3,11,11-15,0,1,0,28.00,0.0000
564,3818726650,nearest_global,3,11,11-15,0,1,0,28.00,0.0000
564,3818726650,earliest_deadline_global,3,11,11-15,0,1,0,28.00,0.0000
565,1016811477,optimized,2,17,16-20,0,1,0,24.25,0.0000
565,1016811477,nearest,2,17,16-20,0,1,0,24.25,0.0000
565,1016811477,earliest_deadline,2,17,16-20,0,1,0,24.25,0.0000
565,1016811477,optimized_global,2,17,16-20,0,1,0,24.25,0.0000
565,1016811477,nearest_global,2,17,16-20,0,1,0,24.25,0.0000
565,1016811477,earliest_deadline_global,2,17,16-20,0,1,0,24.25,0.0000
566,979552455,optimized,2,13,11-15,2,1,0,31.25,0.1538
566,979552455,nearest,2,13,11-15,2,1,0,31.25,0.1538
566,979552455,earliest_deadline,2,13,11-15,1,1,0,31.25,0.0769
566,979552455,optimized_global,2,13,11-15,2,1,0,31.25,0.1538
566,979552455,nearest_global,2,13,11-15,2,1,0,31.25,0.1538
566,979552455,earliest_deadline_global,2,13,11-15,0,1,0,31.25,0.0000
567,1071111481,optimized,2,7,5-10,1,1,0,28.25,0.1429
567,1071111481,nearest,2,7,5-10,1,1,0,28.25,0.1429
567,1071111481,earliest_deadline,2,7,5-10,0,1,0,28.25,0.0000
567,1071111481,optimized_global,2,7,5-10,1,1,0,28.25,0.1429
567,1071111481,nearest_global,2,7,5-10,1,1,0,28.25,0.1429
567,1071111481,earliest_deadline_global,2,7,5-10,0,1,0,28.25,0.0000
568,2759801073,optimized,2,20,16-20,1,1,0,25.75,0.0500
568,2759801073,nearest,2,20,16-20,1,1,0,25.75,0.0500
568,2759801073,earliest_deadline,2,20,16-20,0,1,0,25.75,0.0000
568,2759801073,optimized_global,2,20,16-20,1,1,0,25.75,0.0500
568,2759801073,nearest_global,2,20,16-20,1,1,0,25.75,0.0500
568,2759801073,earliest_deadline_global,2,20,16-20,0,1,0,25.75,0.0000
569,2453425556,optimized,5,14,11-15,2,1,0,28.00,0.1429
569,2453425556,nearest,5,14,11-15,2,1,0,28.00,0.1429
569,2453425556,earliest_deadline,5,14,11-15,0,1,0,28.00,0.0000
569,2453425556,optimized_global,5,14,11-15,4,1,0,28.00,0.2857
569,2453425556,nearest_global,5,14,11-15,2,1,0,28.00,0.1429
569,2453425556,earliest_deadline_global,5,14,11-15,0,1,0,28.00,0.0000
570,4075240521,optimized,5,12,11-15,1,2,0,29.00,0.0833
570,4075240521,nearest,5,12,11-15,1,2,0,29.00,0.0833
570,4075240521,earliest_deadline,5,12,11-15,0,2,0,29.00,0.0000
570,4075240521,optimized_global,5,12,11-15,4,2,0,29.00,0.3333
570,4075240521,nearest_global,5,12,11-15,2,2,0,29.00,0.1667
570,4075240521,earliest_deadline_global,5,12,11-15,1,1,0,29.00,0.0833
571,1787833503,optimized,5,11,11-15,1,1,0,27.00,0.0909
571,1787833503,nearest,5,11,11-15,1,1,0,27.00,0.0909
571,1787833503,earliest_deadline,5,11,11-15,0,1,0,27.00,0.0000
571,1787833503,optimized_global,5,11,11-15,3,1,0,27.00,0.2727
571,1787833503,nearest_global,5,11,11-15,1,1,0,27.00,0.0909
571,1787833503,earliest_deadline_global,5,11,11-15,0,1,0,27.00,0.0000
572,1212375477,optimized,3,8,5-10,2,1,0,28.75,0.2500
572,1212375477,nearest,3,8,5-10,2,1,0,28.75,0.2500
572,1212375477,earliest_deadline,3,8,5-10,0,1,0,28.75,0.0000
572,1212375477,optimized_global,3,8,5-10,2,1,0,28.75,0.2500
572,1212375477,nearest_global,3,8,5-10,3,1,0,28.75,0.3750
572,1212375477,earliest_deadline_global,3,8,5-10,0,1,0,28.75,0.0000
573,211544833,optimized,5,12,11-15,3,1,0,30.25,0.2500
573,211544833,nearest,5,12,11-15,3,1,0,30.25,0.2500
573,211544833,earliest_deadline,5,12,11-15,1,1,0,30.25,0.0833
573,211544833,optimized_global,5,12,11-15,4,1,0,30.25,0.3333
573,211544833,nearest_global,5,12,11-15,2,1,0,30.25,0.1667
573,211544833,earliest_deadline_global,5,12,11-15,1,1,0,30.25,0.0833
574,30390793,optimized,2,11,11-15,3,1,0,33.50,0.2727
574,30390793,nearest,2,11,11-15,3,1,0,33.50,0.2727
574,30390793,earliest_deadline,2,11,11-15,0,1,0,33.50,0.0000
574,30390793,optimized_global,2,11,11-15,4,1,0,33.50,0.3636
574,30390793,nearest_global,2,11,11-15,4,1,0,33.50,0.3636
574,30390793,earliest_deadline_global,2,11,11-15,0,1,0,33.50,0.0000
575,1604660505,optimized,5,5,5-10,4,1,0,39.50,0.8000
575,1604660505,nearest,5,5,5-10,4,1,0,39.50,0.8000
575,1604660505,earliest_deadline,5,5,5-10,3,1,0,39.50,0.6000
575,1604660505,optimized_global,5,5,5-10,4,1,0,39.50,0.8000
575,1604660505,nearest_global,5,5,5-10,5,0,1,57.50,1.0000
575,1604660505,earliest_deadline_global,5,5,5-10,2,1,0,39.50,0.4000
576,3976355431,optimized,3,20,16-20,2,1,0,29.00,0.1000
576,3976355431,nearest,3,20,16-20,2,1,0,29.00,0.1000
576,3976355431,earliest_deadline,3,20,16-20,0,1,0,29.00,0.0000
576,3976355431,optimized_global,3,20,16-20,2,1,0,29.00,0.1000
576,3976355431,nearest_global,3,20,16-20,2,1,0,29.00,0.1000
576,3976355431,earliest_deadline_global,3,20,16-20,0,1,0,29.00,0.0000
577,2249501784,optimized,4,16,16-20,4,1,0,33.75,0.2500
577,2249501784,nearest,4,16,16-20,4,1,0,33.75,0.2500
577,2249501784,earliest_deadline,4,16,16-20,4,1,0,41.25,0.2500
577,2249501784,optimized_global,4,16,16-20,6,1,0,32.75,0.3750
577,2249501784,nearest_global,4,16,16-20,5,1,0,33.75,0.3125
577,2249501784,earliest_deadline_global,4,16,16-20,3,1,0,41.25,0.1875
578,3837757798,optimized,2,14,11-15,2,1,0,28.75,0.1429
578,3837757798,nearest,2,14,11-15,2,1,0,28.75,0.1429
578,3837757798,earliest_deadline,2,14,11-15,0,1,0,28.75,0.0000
578,3837757798,optimized_global,2,14,11-15,2,1,0,28.75,0.1429
578,3837757798,nearest_global,2,14,11-15,2,1,0,28.75,0.1429
578,3837757798,earliest_deadline_global,2,14,11-15,0,1,0,28.75,0.0000
579,436677496,optimized,5,14,11-15,4,1,0,34.75,0.2857
579,436677496,nearest,5,14,11-15,5,1,0,34.75,0.3571
579,436677496,earliest_deadline,5,14,11-15,2,1,0,34.75,0.1429
579,436677496,optimized_global,5,14,11-15,6,1,0,34.75,0.4286
579,436677496,nearest_global,5,14,11-15,5,1,0,34.75,0.3571
579,436677496,earliest_deadline_global,5,14,11-15,3,1,0,34.75,0.2143
580,400810658,optimized,4,15,11-15,2,1,0,32.50,0.1333
580,400810658,nearest,4,15,11-15,2,1,0,32.50,0.1333
580,400810658,earliest_deadline,4,15,11-15,2,1,0,32.50,0.1333
580,400810658,optimized_global,4,15,11-15,6,1,0,32.50,0.4000
580,400810658,nearest_global,4,15,11-15,5,1,0,32.50,0.3333
580,400810658,earliest_deadline_global,4,15,11-15,2,1,0,32.50,0.1333
581,3579677230,optimized,5,17,16-20,3,1,0,30.00,0.1765
581,3579677230,nearest,5,17,16-20,3,1,0,30.00,0.1765
581,3579677230,earliest_deadline,5,17,16-20,3,1,0,33.50,0.1765
581,3579677230,optimized_global,5,17,16-20,5,1,0,30.00,0.2941
581,3579677230,nearest_global,5,17,16-20,4,1,0,30.00,0.2353
581,3579677230,earliest_deadline_global,5,17,16-20,0,1,0,30.00,0.0000
582,458453519,optimized,2,17,16-20,3,1,0,32.75,0.1765
582,458453519,nearest,2,17,16-20,3,1,0,32.75,0.1765
582,458453519,earliest_deadline,2,17,16-20,1,1,0,33.25,0.0588
582,458453519,optimized_global,2,17,16-20,4,1,0,32.75,0.2353
582,458453519,nearest_global,2,17,16-20,4,1,0,32.75,0.2353
582,458453519,earliest_deadline_global,2,17,16-20,2,1,0,34.75,0.1176
583,223174516,optimized,2,7,5-10,2,1,0,33.50,0.2857
583,223174516,nearest,2,7,5-10,2,1,0,33.50,0.2857
583,223174516,earliest_deadline,2,7,5-10,1,1,0,37.00,0.1429
583,223174516,optimized_global,2,7,5-10,2,1,0,33.50,0.2857
583,223174516,nearest_global,2,7,5-10,1,1,0,33.50,0.1429
583,223174516,earliest_deadline_global,2,7,5-10,1,1,0,37.00,0.1429
584,1735564878,optimized,5,11,11-15,0,1,0,26.25,0.0000
584,1735564878,nearest,5,11,11-15,0,1,0,26.25,0.0000
584,1735564878,earliest_deadline,5,11,11-15,0,1,0,26.25,0.0000
584,1735564878,optimized_global,5,11,11-15,1,1,0,26.25,0.0909
584,1735564878,nearest_global,5,11,11-15,1,1,0,26.25,0.0909
584,1735564878,earliest_deadline_global,5,11,11-15,0,1,0,26.25,0.0000
585,3972165580,optimized,3,10,5-10,2,2,0,32.50,0.2000
585,3972165580,nearest,3,10,5-10,2,2,0,32.50,0.2000
585,3972165580,earliest_deadline,3,10,5-10,1,1,0,32.50,0.1000
585,3972165580,optimized_global,3,10,5-10,4,1,0,32.50,0.4000
585,3972165580,nearest_global,3,10,5-10,3,2,0,32.50,0.3000
585,3972165580,earliest_deadline_global,3,10,5-10,3,1,0,39.25,0.3000
586,2960879056,optimized,5,13,11-15,2,1,0,27.00,0.1538
586,2960879056,nearest,5,13,11-15,2,1,0,27.00,0.1538
586,2960879056,earliest_deadline,5,13,11-15,0,1,0,27.00,0.0000
586,2960879056,optimized_global,5,13,11-15,2,1,0,27.00,0.1538
586,2960879056,nearest_global,5,13,11-15,1,1,0,27.00,0.0769
586,2960879056,earliest_deadline_global,5,13,11-15,0,1,0,27.00,0.0000
587,425687700,optimized,2,16,16-20,0,1,0,23.50,0.0000
587,425687700,nearest,2,16,16-20,0,1,0,23.50,0.0000
587,425687700,earliest_deadline,2,16,16-20,0,1,0,23.50,0.0000
587,425687700,optimized_global,2,16,16-20,0,1,0,23.50,0.0000
587,425687700,nearest_global,2,16,16-20,0,1,0,23.50,0.0000
587,425687700,earliest_deadline_global,2,16,16-20,0,1,0,23.50,0.0000
588,3595450451,optimized,2,14,11-15,2,1,0,29.25,0.1429
588,3595450451,nearest,2,14,11-15,2,1,0,29.25,0.1429
588,3595450451,earliest_deadline,2,14,11-15,0,1,0,29.25,0.0000
588,3595450451,optimized_global,2,14,11-15,2,1,0,29.25,0.1429
588,3595450451,nearest_global,2,14,11-15,2,1,0,29.25,0.1429
588,3595450451,earliest_deadline_global,2,14,11-15,0,1,0,29.25,0.0000
589,3623126827,optimized,2,14,11-15,0,1,0,27.00,0.0000
589,3623126827,nearest,2,14,11-15,1,1,0,27.00,0.0714
589,3623126827,earliest_deadline,2,14,11-15,0,1,0,27.00,0.0000
589,3623126827,optimized_global,2,14,11-15,2,1,0,27.00,0.1429
589,3623126827,nearest_global,2,14,11-15,1,1,0,27.00,0.0714
589,3623126827,earliest_deadline_global,2,14,11-15,0,1,0,27.00,0.0000
590,3438965442,optimized,4,20,16-20,4,1,0,32.50,0.2000
590,3438965442,nearest,4,20,16-20,4,1,0,32.50,0.2000
590,3438965442,earliest_deadline,4,20,16-20,4,1,0,32.50,0.2000
590,3438965442,optimized_global,4,20,16-20,7,1,0,35.25,0.3500
590,3438965442,nearest_global,4,20,16-20,6,1,0,35.25,0.3000
590,3438965442,earliest_deadline_global,4,20,16-20,3,1,0,32.50,0.1500
591,3876865731,optimized,5,8,5-10,1,1,0,27.50,0.1250
591,3876865731,nearest,5,8,5-10,1,1,0,27.50,0.1250
591,3876865731,earliest_deadline,5,8,5-10,0,1,0,27.50,0.0000
591,3876865731,optimized_global,5,8,5-10,0,1,0,27.50,0.0000
591,3876865731,nearest_global,5,8,5-10,1,1,0,27.50,0.1250
591,3876865731,earliest_deadline_global,5,8,5-10,0,1,0,27.50,0.0000
592,1030268256,optimized,2,6,5-10,2,1,0,38.25,0.3333
592,1030268256,nearest,2,6,5-10,2,1,0,38.25,0.3333
592,1030268256,earliest_deadline,2,6,5-10,1,1,0,38.25,0.1667
592,1030268256,optimized_global,2,6,5-10,6,0,1,60.75,1.0000
592,1030268256,nearest_global,2,6,5-10,5,1,0,55.75,0.8333
592,1030268256,earliest_deadline_global,2,6,5-10,1,1,0,38.25,0.1667
593,4207224036,optimized,2,20,16-20,2,1,0,27.25,0.1000
593,4207224036,nearest,2,20,16-20,2,1,0,27.25,0.1000
593,4207224036,earliest_deadline,2,20,16-20,0,1,0,27.25,0.0000
593,4207224036,optimized_global,2,20,16-20,2,1,0,27.25,0.1000
593,4207224036,nearest_global,2,20,16-20,1,1,0,27.25,0.0500
593,4207224036,earliest_deadline_global,2,20,16-20,0,1,0,27.25,0.0000
594,1377380164,optimized,3,8,5-10,2,1,0,31.00,0.2500
594,1377380164,nearest,3,8,5-10,2,1,0,31.00,0.2500
594,1377380164,earliest_deadline,3,8,5-10,0,1,0,31.00,0.0000
594,1377380164,optimized_global,3,8,5-10,2,1,0,31.00,0.2500
594,1377380164,nearest_global,3,8,5-10,3,1,0,31.00,0.3750
594,1377380164,earliest_deadline_global,3,8,5-10,0,1,0,31.00,0.0000
595,3444674925,optimized,4,11,11-15,1,1,0,28.50,0.0909
595,3444674925,nearest,4,11,11-15,1,1,0,28.50,0.0909
595,3444674925,earliest_deadline,4,11,11-15,0,1,0,28.50,0.0000
595,3444674925,optimized_global,4,11,11-15,4,1,0,28.50,0.3636
595,3444674925,nearest_global,4,11,11-15,2,1,0,28.50,0.1818
595,3444674925,earliest_deadline_global,4,11,11-15,0,1,0,28.50,0.0000
596,2488351810,optimized,2,9,5-10,0,1,0,28.50,0.0000
596,2488351810,nearest,2,9,5-10,0,1,0,28.50,0.0000
596,2488351810,earliest_deadline,2,9,5-10,0,1,0,28.50,0.0000
596,2488351810,optimized_global,2,9,5-10,1,1,0,28.50,0.1111
596,2488351810,nearest_global,2,9,5-10,0,1,0,28.50,0.0000
596,2488351810,earliest_deadline_global,2,9,5-10,0,1,0,28.50,0.0000
597,3347830544,optimized,4,7,5-10,3,1,0,34.75,0.4286
597,3347830544,nearest,4,7,5-10,3,1,0,34.75,0.4286
597,3347830544,earliest_deadline,4,7,5-10,2,1,0,35.50,0.2857
597,3347830544,optimized_global,4,7,5-10,4,1,0,34.75,0.5714
597,3347830544,nearest_global,4,7,5-10,4,1,0,34.75,0.5714
597,3347830544,earliest_deadline_global,4,7,5-10,2,1,0,35.50,0.2857
598,2696463875,optimized,2,13,11-15,1,1,0,25.75,0.0769
598,2696463875,nearest,2,13,11-15,1,1,0,25.75,0.0769
598,2696463875,earliest_deadline,2,13,11-15,0,1,0,25.75,0.0000
598,2696463875,optimized_global,2,13,11-15,2,1,0,25.75,0.1538
598,2696463875,nearest_global,2,13,11-15,2,1,0,25.75,0.1538
598,2696463875,earliest_deadline_global,2,13,11-15,0,1,0,25.75,0.0000
599,2759444657,optimized,5,20,16-20,4,1,0,31.50,0.2000
599,2759444657,nearest,5,20,16-20,4,1,0,31.50,0.2000
599,2759444657,earliest_deadline,5,20,16-20,2,1,0,31.50,0.1000
599,2759444657,optimized_global,5,20,16-20,5,1,0,31.50,0.2500
599,2759444657,nearest_global,5,20,16-20,4,1,0,31.50,0.2000
599,2759444657,earliest_deadline_global,5,20,16-20,0,1,0,31.50,0.0000
600,2646920022,optimized,4,12,11-15,2,1,0,27.75,0.1667
600,2646920022,nearest,4,12,11-15,2,1,0,27.75,0.1667
600,2646920022,earliest_deadline,4,12,11-15,0,1,0,27.75,0.0000
600,2646920022,optimized_global,4,12,11-15,3,1,0,27.75,0.2500
600,2646920022,nearest_global,4,12,11-15,2,1,0,27.75,0.1667
600,2646920022,earliest_deadline_global,4,12,11-15,0,1,0,27.75,0.0000
601,3345763865,optimized,5,6,5-10,1,1,0,30.00,0.1667
601,3345763865,nearest,5,6,5-10,1,1,0,30.00,0.1667
601,3345763865,earliest_deadline,5,6,5-10,0,1,0,30.00,0.0000
601,3345763865,optimized_global,5,6,5-10,0,1,0,30.00,0.0000
601,3345763865,nearest_global,5,6,5-10,1,1,0,30.00,0.1667
601,3345763865,earliest_deadline_global,5,6,5-10,0,1,0,30.00,0.0000
602,3174165348,optimized,3,14,11-15,1,1,0,26.25,0.0714
602,3174165348,nearest,3,14,11-15,1,1,0,26.25,0.0714
602,3174165348,earliest_deadline,3,14,11-15,0,1,0,26.25,0.0000
602,3174165348,optimized_global,3,14,11-15,1,1,0,26.25,0.0714
602,3174165348,nearest_global,3,14,11-15,1,1,0,26.25,0.0714
602,3174165348,earliest_deadline_global,3,14,11-15,0,1,0,26.25,0.0000
603,577897333,optimized,2,7,5-10,1,1,0,27.50,0.1429
603,577897333,nearest,2,7,5-10,1,1,0,27.50,0.1429
603,577897333,earliest_deadline,2,7,5-10,0,1,0,27.50,0.0000
603,577897333,optimized_global,2,7,5-10,2,1,0,27.50,0.2857
603,577897333,nearest_global,2,7,5-10,2,1,0,27.50,0.2857
603,577897333,earliest_deadline_global,2,7,5-10,0,1,0,27.50,0.0000
604,3547878692,optimized,4,15,11-15,1,1,0,27.50,0.0667
604,3547878692,nearest,4,15,11-15,0,1,0,27.50,0.0000
604,3547878692,earliest_deadline,4,15,11-15,0,1,0,27.50,0.0000
604,3547878692,optimized_global,4,15,11-15,1,1,0,27.50,0.0667
604,3547878692,nearest_global,4,15,11-15,1,1,0,27.50,0.0667
604,3547878692,earliest_deadline_global,4,15,11-15,0,1,0,27.50,0.0000
605,2302394681,optimized,2,15,11-15,1,1,0,25.25,0.0667
605,2302394681,nearest,2,15,11-15,0,1,0,25.25,0.0000
605,2302394681,earliest_deadline,2,15,11-15,0,1,0,25.25,0.0000
605,2302394681,optimized_global,2,15,11-15,2,1,0,25.25,0.1333
605,2302394681,nearest_global,2,15,11-15,2,1,0,25.25,0.1333
605,2302394681,earliest_deadline_global,2,15,11-15,0,1,0,25.25,0.0000
606,1387632738,optimized,5,18,16-20,2,1,0,29.25,0.1111
606,1387632738,nearest,5,18,16-20,2,1,0,29.25,0.1111
606,1387632738,earliest_deadline,5,18,16-20,0,1,0,29.25,0.0000
606,1387632738,optimized_global,5,18,16-20,2,1,0,29.25,0.1111
606,1387632738,nearest_global,5,18,16-20,1,1,0,29.25,0.0556
606,1387632738,earliest_deadline_global,5,18,16-20,0,1,0,29.25,0.0000
607,2208570409,optimized,4,5,5-10,0,1,0,27.75,0.0000
607,2208570409,nearest,4,5,5-10,0,1,0,27.75,0.0000
607,2208570409,earliest_deadline,4,5,5-10,0,1,0,27.75,0.0000
607,2208570409,optimized_global,4,5,5-10,1,1,0,27.75,0.2000
607,2208570409,nearest_global,4,5,5-10,1,1,0,27.75,0.2000
607,2208570409,earliest_deadline_global,4,5,5-10,0,1,0,27.75,0.0000
608,4153162392,optimized,3,5,5-10,3,1,0,33.50,0.6000
608,4153162392,nearest,3,5,5-10,3,1,0,33.50,0.6000
608,4153162392,earliest_deadline,3,5,5-10,1,1,0,34.25,0.2000
608,4153162392,optimized_global,3,5,5-10,3,1,0,33.50,0.6000
608,4153162392,nearest_global,3,5,5-10,3,1,0,33.50,0.6000
608,4153162392,earliest_deadline_global,3,5,5-10,2,1,0,34.25,0.4000
609,3683244311,optimized,4,8,5-10,3,1,0,31.25,0.3750
609,3683244311,nearest,4,8,5-10,3,1,0,31.25,0.3750
609,3683244311,earliest_deadline,4,8,5-10,3,1,0,31.25,0.3750
609,3683244311,optimized_global,4,8,5-10,4,1,0,31.25,0.5000
609,3683244311,nearest_global,4,8,5-10,3,1,0,29.00,0.3750
609,3683244311,earliest_deadline_global,4,8,5-10,1,1,0,29.00,0.1250
610,3580707838,optimized,2,16,16-20,1,1,0,28.25,0.0625
610,3580707838,nearest,2,16,16-20,1,1,0,28.25,0.0625
610,3580707838,earliest_deadline,2,16,16-20,0,1,0,28.25,0.0000
610,3580707838,optimized_global,2,16,16-20,2,1,0,28.25,0.1250
610,3580707838,nearest_global,2,16,16-20,2,1,0,28.25,0.1250
610,3580707838,earliest_deadline_global,2,16,16-20,0,1,0,28.25,0.0000
611,1987708138,optimized,3,17,16-20,2,1,0,24.75,0.1176
611,1987708138,nearest,3,17,16-20,2,1,0,24.75,0.1176
611,1987708138,earliest_deadline,3,17,16-20,0,1,0,24.75,0.0000
611,1987708138,optimized_global,3,17,16-20,1,1,0,24.75,0.0588
611,1987708138,nearest_global,3,17,16-20,1,1,0,24.75,0.0588
611,1987708138,earliest_deadline_global,3,17,16-20,0,1,0,24.75,0.0000
612,3367846390,optimized,5,20,16-20,0,1,0,25.00,0.0000
612,3367846390,nearest,5,20,16-20,0,1,0,25.00,0.0000
612,3367846390,earliest_deadline,5,20,16-20,0,1,0,25.00,0.0000
612,3367846390,optimized_global,5,20,16-20,1,1,0,25.00,0.0500
612,3367846390,nearest_global,5,20,16-20,1,1,0,25.00,0.0500
612,3367846390,earliest_deadline_global,5,20,16-20,0,1,0,25.00,0.0000
613,1653946790,optimized,2,17,16-20,2,1,0,30.50,0.1176
613,1653946790,nearest,2,17,16-20,2,1,0,30.50,0.1176
613,1653946790,earliest_deadline,2,17,16-20,2,1,0,33.00,0.1176
613,1653946790,optimized_global,2,17,16-20,2,1,0,30.50,0.1176
613,1653946790,nearest_global,2,17,16-20,2,1,0,30.50,0.1176
613,1653946790,earliest_deadline_global,2,17,16-20,1,1,0,30.50,0.0588
614,2947058300,optimized,5,8,5-10,0,1,0,25.00,0.0000
614,2947058300,nearest,5,8,5-10,0,1,0,25.00,0.0000
614,2947058300,earliest_deadline,5,8,5-10,0,1,0,25.00,0.0000
614,2947058300,optimized_global,5,8,5-10,0,1,0,25.00,0.0000
614,2947058300,nearest_global,5,8,5-10,0,1,0,25.00,0.0000
614,2947058300,earliest_deadline_global,5,8,5-10,0,1,0,25.00,0.0000
615,2746903332,optimized,2,6,5-10,3,1,0,38.75,0.5000
615,2746903332,nearest,2,6,5-10,2,1,0,37.00,0.3333
615,2746903332,earliest_deadline,2,6,5-10,1,1,0,37.00,0.1667
615,2746903332,optimized_global,2,6,5-10,4,1,0,50.75,0.6667
615,2746903332,nearest_global,2,6,5-10,4,1,0,50.75,0.6667
615,2746903332,earliest_deadline_global,2,6,5-10,1,1,0,37.00,0.1667
616,1072877268,optimized,2,6,5-10,0,1,0,27.50,0.0000
616,1072877268,nearest,2,6,5-10,0,1,0,27.50,0.0000
616,1072877268,earliest_deadline,2,6,5-10,0,1,0,27.50,0.0000
616,1072877268,optimized_global,2,6,5-10,0,1,0,27.50,0.0000
616,1072877268,nearest_global,2,6,5-10,0,1,0,27.50,0.0000
616,1072877268,earliest_deadline_global,2,6,5-10,0,1,0,27.50,0.0000
617,1144451233,optimized,2,12,11-15,2,1,0,27.50,0.1667
617,1144451233,nearest,2,12,11-15,2,1,0,27.50,0.1667
617,1144451233,earliest_deadline,2,12,11-15,0,1,0,27.50,0.0000
617,1144451233,optimized_global,2,12,11-15,2,1,0,27.50,0.1667
617,1144451233,nearest_global,2,12,11-15,2,1,0,27.50,0.1667
617,1144451233,earliest_deadline_global,2,12,11-15,0,1,0,27.50,0.0000
618,262564858,optimized,5,11,11-15,0,1,0,26.75,0.0000
618,262564858,nearest,5,11,11-15,0,1,0,26.75,0.0000
618,262564858,earliest_deadline,5,11,11-15,0,1,0,26.75,0.0000
618,262564858,optimized_global,5,11,11-15,1,1,0,26.75,0.0909
618,262564858,nearest_global,5,11,11-15,3,1,0,26.75,0.2727
618,262564858,earliest_deadline_global,5,11,11-15,0,1,0,26.75,0.0000
619,600300753,optimized,4,12,11-15,4,1,0,33.25,0.3333
619,600300753,nearest,4,12,11-15,4,1,0,33.25,0.3333
619,600300753,earliest_deadline,4,12,11-15,2,1,0,33.25,0.1667
619,600300753,optimized_global,4,12,11-15,3,1,0,33.25,0.2500
619,600300753,nearest_global,4,12,11-15,3,1,0,33.25,0.2500
619,600300753,earliest_deadline_global,4,12,11-15,3,1,0,33.25,0.2500
620,1862377930,optimized,3,15,11-15,2,1,0,28.50,0.1333
620,1862377930,nearest,3,15,11-15,2,1,0,28.50,0.1333
620,1862377930,earliest_deadline,3,15,11-15,0,1,0,28.50,0.0000
620,1862377930,optimized_global,3,15,11-15,2,1,0,28.50,0.1333
620,1862377930,nearest_global,3,15,11-15,2,1,0,28.50,0.1333
620,1862377930,earliest_deadline_global,3,15,11-15,0,1,0,28.50,0.0000
621,2052467262,optimized,2,6,5-10,0,1,0,30.00,0.0000
621,2052467262,nearest,2,6,5-10,0,1,0,30.00,0.0000
621,2052467262,earliest_deadline,2,6,5-10,0,1,0,30.00,0.0000
621,2052467262,optimized_global,2,6,5-10,0,1,0,30.00,0.0000
621,2052467262,nearest_global,2,6,5-10,0,1,0,30.00,0.0000
621,2052467262,earliest_deadline_global,2,6,5-10,0,1,0,30.00,0.0000
622,709188144,optimized,3,16,16-20,2,1,0,31.00,0.1250
622,709188144,nearest,3,16,16-20,3,1,0,31.00,0.1875
622,709188144,earliest_deadline,3,16,16-20,1,1,0,31.00,0.0625
622,709188144,optimized_global,3,16,16-20,3,1,0,31.00,0.1875
622,709188144,nearest_global,3,16,16-20,2,1,0,31.00,0.1250
622,709188144,earliest_deadline_global,3,16,16-20,0,1,0,31.00,0.0000
623,1790526203,optimized,5,15,11-15,1,1,0,28.50,0.0667
623,1790526203,nearest,5,15,11-15,1,1,0,28.50,0.0667
623,1790526203,earliest_deadline,5,15,11-15,0,1,0,28.50,0.0000
623,1790526203,optimized_global,5,15,11-15,5,1,0,28.50,0.3333
623,1790526203,nearest_global,5,15,11-15,4,1,0,28.50,0.2667
623,1790526203,earliest_deadline_global,5,15,11-15,2,1,0,28.50,0.1333
624,2594922685,optimized,5,12,11-15,3,1,0,33.50,0.2500
624,2594922685,nearest,5,12,11-15,3,1,0,33.50,0.2500
624,2594922685,earliest_deadline,5,12,11-15,1,1,0,33.50,0.0833
624,2594922685,optimized_global,5,12,11-15,5,1,0,33.50,0.4167
624,2594922685,nearest_global,5,12,11-15,5,1,0,33.50,0.4167
624,2594922685,earliest_deadline_global,5,12,11-15,1,1,0,33.50,0.0833
625,998880287,optimized,5,14,11-15,3,1,0,27.00,0.2143
625,998880287,nearest,5,14,11-15,3,1,0,27.00,0.2143
625,998880287,earliest_deadline,5,14,11-15,1,1,0,27.00,0.0714
625,998880287,optimized_global,5,14,11-15,5,1,0,27.00,0.3571
625,998880287,nearest_global,5,14,11-15,3,1,0,27.00,0.2143
625,998880287,earliest_deadline_global,5,14,11-15,0,1,0,27.00,0.0000
626,1452716429,optimized,3,16,16-20,1,1,0,24.25,0.0625
626,1452716429,nearest,3,16,16-20,1,1,0,24.25,0.0625
626,1452716429,earliest_deadline,3,16,16-20,0,1,0,24.25,0.0000
626,1452716429,optimized_global,3,16,16-20,1,1,0,24.25,0.0625
626,1452716429,nearest_global,3,16,16-20,1,1,0,24.25,0.0625
626,1452716429,earliest_deadline_global,3,16,16-20,0,1,0,24.25,0.0000
627,1578451204,optimized,4,10,5-10,0,1,0,24.50,0.0000
627,1578451204,nearest,4,10,5-10,0,1,0,24.50,0.0000
627,1578451204,earliest_deadline,4,10,5-10,0,1,0,24.50,0.0000
627,1578451204,optimized_global,4,10,5-10,0,1,0,24.50,0.0000
627,1578451204,nearest_global,4,10,5-10,0,1,0,24.50,0.0000
627,1578451204,earliest_deadline_global,4,10,5-10,0,1,0,24.50,0.0000
628,2169189930,optimized,4,7,5-10,0,1,0,25.00,0.0000
628,2169189930,nearest,4,7,5-10,0,1,0,25.00,0.0000
628,2169189930,earliest_deadline,4,7,5-10,0,1,0,25.00,0.0000
628,2169189930,optimized_global,4,7,5-10,0,1,0,25.00,0.0000
628,2169189930,nearest_global,4,7,5-10,0,1,0,25.00,0.0000
628,2169189930,earliest_deadline_global,4,7,5-10,0,1,0,25.00,0.0000
629,1573643588,optimized,4,6,5-10,6,0,1,46.25,1.0000
629,1573643588,nearest,4,6,5-10,6,0,1,46.25,1.0000
629,1573643588,earliest_deadline,4,6,5-10,4,1,0,46.75,0.6667
629,1573643588,optimized_global,4,6,5-10,6,0,1,46.25,1.0000
629,1573643588,nearest_global,4,6,5-10,2,1,0,34.50,0.3333
629,1573643588,earliest_deadline_global,4,6,5-10,0,1,0,34.50,0.0000
630,3165153033,optimized,2,8,5-10,3,1,0,38.50,0.3750
630,3165153033,nearest,2,8,5-10,3,1,0,38.50,0.3750
630,3165153033,earliest_deadline,2,8,5-10,3,1,0,49.25,0.3750
630,3165153033,optimized_global,2,8,5-10,5,1,0,49.25,0.6250
630,3165153033,nearest_global,2,8,5-10,4,1,0,38.50,0.5000
630,3165153033,earliest_deadline_global,2,8,5-10,2,1,0,41.00,0.2500
631,1406582737,optimized,3,5,5-10,2,1,0,31.50,0.4000
631,1406582737,nearest,3,5,5-10,2,1,0,31.50,0.4000
631,1406582737,earliest_deadline,3,5,5-10,1,1,0,33.00,0.2000
631,1406582737,optimized_global,3,5,5-10,2,1,0,31.50,0.4000
631,1406582737,nearest_global,3,5,5-10,2,1,0,31.50,0.4000
631,1406582737,earliest_deadline_global,3,5,5-10,1,1,0,33.00,0.2000
632,1863572377,optimized,3,20,16-20,2,1,0,25.75,0.1000
632,1863572377,nearest,3,20,16-20,2,1,0,25.75,0.1000
632,1863572377,earliest_deadline,3,20,16-20,0,1,0,25.75,0.0000
632,1863572377,optimized_global,3,20,16-20,1,1,0,25.75,0.0500
632,1863572377,nearest_global,3,20,16-20,1,1,0,25.75,0.0500
632,1863572377,earliest_deadline_global,3,20,16-20,0,1,0,25.75,0.0000
633,1629785811,optimized,2,12,11-15,0,1,0,27.00,0.0000
633,1629785811,nearest,2,12,11-15,0,1,0,27.00,0.0000
633,1629785811,earliest_deadline,2,12,11-15,0,1,0,27.00,0.0000
633,1629785811,optimized_global,2,12,11-15,1,1,0,27.00,0.0833
633,1629785811,nearest_global,2,12,11-15,1,1,0,27.00,0.0833
633,1629785811,earliest_deadline_global,2,12,11-15,0,1,0,27.00,0.0000
634,785617357,optimized,2,5,5-10,3,1,0,48.50,0.6000
634,785617357,nearest,2,5,5-10,3,1,0,48.50,0.6000
634,785617357,earliest_deadline,2,5,5-10,3,1,0,48.50,0.6000
634,785617357,optimized_global,2,5,5-10,3,1,0,48.50,0.6000
634,785617357,nearest_global,2,5,5-10,3,1,0,48.50,0.6000
634,785617357,earliest_deadline_global,2,5,5-10,3,1,0,48.50,0.6000
635,2945245241,optimized,3,13,11-15,3,1,0,34.50,0.2308
635,2945245241,nearest,3,13,11-15,3,1,0,34.50,0.2308
635,2945245241,earliest_deadline,3,13,11-15,3,1,0,41.75,0.2308
635,2945245241,optimized_global,3,13,11-15,3,1,0,30.00,0.2308
635,2945245241,nearest_global,3,13,11-15,3,1,0,30.00,0.2308
635,2945245241,earliest_deadline_global,3,13,11-15,3,1,0,41.75,0.2308
636,1011233574,optimized,2,9,5-10,1,1,0,27.50,0.1111
636,1011233574,nearest,2,9,5-10,1,1,0,27.50,0.1111
636,1011233574,earliest_deadline,2,9,5-10,0,1,0,27.50,0.0000
636,1011233574,optimized_global,2,9,5-10,2,1,0,27.50,0.2222
636,1011233574,nearest_global,2,9,5-10,0,1,0,27.50,0.0000
636,1011233574,earliest_deadline_global,2,9,5-10,0,1,0,27.50,0.0000
637,1275074748,optimized,5,9,5-10,2,1,0,33.25,0.2222
637,1275074748,nearest,5,9,5-10,2,1,0,33.25,0.2222
637,1275074748,earliest_deadline,5,9,5-10,2,1,0,33.25,0.2222
637,1275074748,optimized_global,5,9,5-10,6,1,0,33.25,0.6667
637,1275074748,nearest_global,5,9,5-10,5,1,0,33.25,0.5556
637,1275074748,earliest_deadline_global,5,9,5-10,2,1,0,33.25,0.2222
638,3404843728,optimized,5,12,11-15,7,1,0,42.00,0.5833
638,3404843728,nearest,5,12,11-15,7,1,0,42.00,0.5833
638,3404843728,earliest_deadline,5,12,11-15,4,1,0,37.00,0.3333
638,3404843728,optimized_global,5,12,11-15,7,1,0,51.50,0.5833
638,3404843728,nearest_global,5,12,11-15,7,1,0,48.50,0.5833
638,3404843728,earliest_deadline_global,5,12,11-15,2,1,0,37.00,0.1667
639,4075313762,optimized,3,13,11-15,0,1,0,28.25,0.0000
639,4075313762,nearest,3,13,11-15,0,1,0,28.25,0.0000
639,4075313762,earliest_deadline,3,13,11-15,0,1,0,28.25,0.0000
639,4075313762,optimized_global,3,13,11-15,1,1,0,28.25,0.0769
639,4075313762,nearest_global,3,13,11-15,2,1,0,28.25,0.1538
639,4075313762,earliest_deadline_global,3,13,11-15,0,1,0,28.25,0.0000
640,2881249439,optimized,5,9,5-10,0,1,0,25.00,0.0000
640,2881249439,nearest,5,9,5-10,0,1,0,25.00,0.0000
640,2881249439,earliest_deadline,5,9,5-10,0,1,0,25.00,0.0000
640,2881249439,optimized_global,5,9,5-10,0,1,0,25.00,0.0000
640,2881249439,nearest_global,5,9,5-10,0,1,0,25.00,0.0000
640,2881249439,earliest_deadline_global,5,9,5-10,0,1,0,25.00,0.0000
641,3935684774,optimized,3,8,5-10,3,1,0,33.50,0.3750
641,3935684774,nearest,3,8,5-10,3,1,0,33.50,0.3750
641,3935684774,earliest_deadline,3,8,5-10,2,1,0,36.50,0.2500
641,3935684774,optimized_global,3,8,5-10,3,1,0,33.50,0.3750
641,3935684774,nearest_global,3,8,5-10,3,1,0,33.50,0.3750
641,3935684774,earliest_deadline_global,3,8,5-10,3,1,0,36.75,0.3750
642,3668720833,optimized,4,12,11-15,2,1,0,32.25,0.1667
642,3668720833,nearest,4,12,11-15,3,1,0,32.25,0.2500
642,3668720833,earliest_deadline,4,12,11-15,1,1,0,32.25,0.0833
642,3668720833,optimized_global,4,12,11-15,4,1,0,32.25,0.3333
642,3668720833,nearest_global,4,12,11-15,2,1,0,32.25,0.1667
642,3668720833,earliest_deadline_global,4,12,11-15,2,1,0,32.25,0.1667
643,2065494560,optimized,4,9,5-10,0,1,0,26.00,0.0000
643,2065494560,nearest,4,9,5-10,0,1,0,26.00,0.0000
643,2065494560,earliest_deadline,4,9,5-10,0,1,0,26.00,0.0000
643,2065494560,optimized_global,4,9,5-10,0,1,0,26.00,0.0000
643,2065494560,nearest_global,4,9,5-10,0,1,0,26.00,0.0000
643,2065494560,earliest_deadline_global,4,9,5-10,0,1,0,26.00,0.0000
644,3308371118,optimized,3,20,16-20,2,1,0,27.50,0.1000
644,3308371118,nearest,3,20,16-20,2,1,0,27.50,0.1000
644,3308371118,earliest_deadline,3,20,16-20,0,1,0,27.50,0.0000
644,3308371118,optimized_global,3,20,16-20,3,1,0,27.50,0.1500
644,3308371118,nearest_global,3,20,16-20,2,1,0,27.50,0.1000
644,3308371118,earliest_deadline_global,3,20,16-20,0,1,0,27.50,0.0000
645,1410300635,optimized,2,8,5-10,2,1,0,31.00,0.2500
645,1410300635,nearest,2,8,5-10,2,1,0,31.00,0.2500
645,1410300635,earliest_deadline,2,8,5-10,1,1,0,31.00,0.1250
645,1410300635,optimized_global,2,8,5-10,2,1,0,31.00,0.2500
645,1410300635,nearest_global,2,8,5-10,1,1,0,31.00,0.1250
645,1410300635,earliest_deadline_global,2,8,5-10,0,1,0,31.00,0.0000
646,1977819777,optimized,3,18,16-20,4,1,0,30.50,0.2222
646,1977819777,nearest,3,18,16-20,3,1,0,30.50,0.1667
646,1977819777,earliest_deadline,3,18,16-20,1,1,0,30.50,0.0556
646,1977819777,optimized_global,3,18,16-20,2,1,0,30.50,0.1111
646,1977819777,nearest_global,3,18,16-20,3,1,0,30.50,0.1667
646,1977819777,earliest_deadline_global,3,18,16-20,2,1,0,30.50,0.1111
647,2299674910,optimized,4,9,5-10,1,1,0,30.50,0.1111
647,2299674910,nearest,4,9,5-10,1,1,0,30.50,0.1111
647,2299674910,earliest_deadline,4,9,5-10,1,1,0,30.50,0.1111
647,2299674910,optimized_global,4,9,5-10,2,1,0,30.50,0.2222
647,2299674910,nearest_global,4,9,5-10,2,1,0,30.50,0.2222
647,2299674910,earliest_deadline_global,4,9,5-10,1,1,0,30.50,0.1111
648,4125286097,optimized,2,9,5-10,2,1,0,28.75,0.2222
648,4125286097,nearest,2,9,5-10,2,1,0,28.75,0.2222
648,4125286097,earliest_deadline,2,9,5-10,0,1,0,28.75,0.0000
648,4125286097,optimized_global,2,9,5-10,1,1,0,28.75,0.1111
648,4125286097,nearest_global,2,9,5-10,1,1,0,28.75,0.1111
648,4125286097,earliest_deadline_global,2,9,5-10,0,1,0,28.75,0.0000
649,3644539546,optimized,2,11,11-15,4,1,0,39.00,0.3636
649,3644539546,nearest,2,11,11-15,4,1,0,39.00,0.3636
649,3644539546,earliest_deadline,2,11,11-15,1,1,0,34.00,0.0909
649,3644539546,optimized_global,2,11,11-15,2,1,0,34.00,0.1818
649,3644539546,nearest_global,2,11,11-15,2,1,0,34.00,0.1818
649,3644539546,earliest_deadline_global,2,11,11-15,1,1,0,34.00,0.0909
650,2101325499,optimized,5,17,16-20,3,1,0,25.25,0.1765
650,2101325499,nearest,5,17,16-20,3,1,0,25.25,0.1765
650,2101325499,earliest_deadline,5,17,16-20,0,1,0,25.25,0.0000
650,2101325499,optimized_global,5,17,16-20,4,1,0,25.25,0.2353
650,2101325499,nearest_global,5,17,16-20,4,1,0,25.25,0.2353
650,2101325499,earliest_deadline_global,5,17,16-20,0,1,0,25.25,0.0000
651,2802841284,optimized,4,12,11-15,2,1,0,26.75,0.1667
651,2802841284,nearest,4,12,11-15,2,1,0,26.75,0.1667
651,2802841284,earliest_deadline,4,12,11-15,0,1,0,26.75,0.0000
651,2802841284,optimized_global,4,12,11-15,1,1,0,26.75,0.0833
651,2802841284,nearest_global,4,12,11-15,1,1,0,26.75,0.0833
651,2802841284,earliest_deadline_global,4,12,11-15,0,1,0,26.75,0.0000
652,869114545,optimized,2,5,5-10,1,1,0,30.50,0.2000
652,869114545,nearest,2,5,5-10,1,1,0,30.50,0.2000
652,869114545,earliest_deadline,2,5,5-10,1,1,0,32.50,0.2000
652,869114545,optimized_global,2,5,5-10,2,1,0,30.50,0.4000
652,869114545,nearest_global,2,5,5-10,1,1,0,30.50,0.2000
652,869114545,earliest_deadline_global,2,5,5-10,2,1,0,46.25,0.4000
653,3454836593,optimized,5,14,11-15,1,1,0,31.25,0.0714
653,3454836593,nearest,5,14,11-15,1,1,0,31.25,0.0714
653,3454836593,earliest_deadline,5,14,11-15,0,1,0,31.25,0.0000
653,3454836593,optimized_global,5,14,11-15,3,1,0,31.25,0.2143
653,3454836593,nearest_global,5,14,11-15,3,1,0,31.25,0.2143
653,3454836593,earliest_deadline_global,5,14,11-15,0,1,0,31.25,0.0000
654,2375279940,optimized,2,18,16-20,2,1,0,25.25,0.1111
654,2375279940,nearest,2,18,16-20,2,1,0,25.25,0.1111
654,2375279940,earliest_deadline,2,18,16-20,0,1,0,25.25,0.0000
654,2375279940,optimized_global,2,18,16-20,1,1,0,25.25,0.0556
654,2375279940,nearest_global,2,18,16-20,1,1,0,25.25,0.0556
654,2375279940,earliest_deadline_global,2,18,16-20,0,1,0,25.25,0.0000
655,2288024752,optimized,5,16,16-20,7,1,0,37.25,0.4375
655,2288024752,nearest,5,16,16-20,7,1,0,37.25,0.4375
655,2288024752,earliest_deadline,5,16,16-20,5,1,0,42.50,0.3125
655,2288024752,optimized_global,5,16,16-20,7,1,0,37.25,0.4375
655,2288024752,nearest_global,5,16,16-20,7,1,0,37.25,0.4375
655,2288024752,earliest_deadline_global,5,16,16-20,3,1,0,42.50,0.1875
656,3291162681,optimized,4,12,11-15,5,1,0,36.25,0.4167
656,3291162681,nearest,4,12,11-15,5,1,0,36.25,0.4167
656,3291162681,earliest_deadline,4,12,11-15,2,1,0,36.25,0.1667
656,3291162681,optimized_global,4,12,11-15,4,1,0,35.00,0.3333
656,3291162681,nearest_global,4,12,11-15,6,1,0,36.25,0.5000
656,3291162681,earliest_deadline_global,4,12,11-15,3,1,0,36.25,0.2500
657,2718360517,optimized,5,7,5-10,0,1,0,25.50,0.0000
657,2718360517,nearest,5,7,5-10,0,1,0,25.50,0.0000
657,2718360517,earliest_deadline,5,7,5-10,0,1,0,25.50,0.0000
657,2718360517,optimized_global,5,7,5-10,0,1,0,25.50,0.0000
657,2718360517,nearest_global,5,7,5-10,0,1,0,25.50,0.0000
657,2718360517,earliest_deadline_global,5,7,5-10,0,1,0,25.50,0.0000
658,311243735,optimized,3,17,16-20,0,1,0,24.25,0.0000
658,311243735,nearest,3,17,16-20,0,1,0,24.25,0.0000
658,311243735,earliest_deadline,3,17,16-20,0,1,0,24.25,0.0000
658,311243735,optimized_global,3,17,16-20,1,1,0,24.25,0.0588
658,311243735,nearest_global,3,17,16-20,0,1,0,24.25,0.0000
658,311243735,earliest_deadline_global,3,17,16-20,0,1,0,24.25,0.0000
659,1237618938,optimized,4,15,11-15,2,1,0,32.25,0.1333
659,1237618938,nearest,4,15,11-15,2,1,0,32.25,0.1333
659,1237618938,earliest_deadline,4,15,11-15,2,1,0,34.25,0.1333
659,1237618938,optimized_global,4,15,11-15,4,1,0,32.25,0.2667
659,1237618938,nearest_global,4,15,11-15,4,1,0,32.25,0.2667
659,1237618938,earliest_deadline_global,4,15,11-15,2,1,0,34.25,0.1333
660,759002179,optimized,2,12,11-15,0,1,0,26.00,0.0000
660,759002179,nearest,2,12,11-15,0,1,0,26.00,0.0000
660,759002179,earliest_deadline,2,12,11-15,0,1,0,26.00,0.0000
660,759002179,optimized_global,2,12,11-15,1,1,0,26.00,0.0833
660,759002179,nearest_global,2,12,11-15,0,1,0,26.00,0.0000
660,759002179,earliest_deadline_global,2,12,11-15,0,1,0,26.00,0.0000
661,3156342097,optimized,2,16,16-20,4,1,0,35.00,0.2500
661,3156342097,nearest,2,16,16-20,4,1,0,35.00,0.2500
661,3156342097,earliest_deadline,2,16,16-20,1,1,0,34.00,0.0625
661,3156342097,optimized_global,2,16,16-20,3,1,0,34.00,0.1875
661,3156342097,nearest_global,2,16,16-20,3,1,0,34.00,0.1875
661,3156342097,earliest_deadline_global,2,16,16-20,1,1,0,34.00,0.0625
662,150955953,optimized,4,15,11-15,3,1,0,30.50,0.2000
662,150955953,nearest,4,15,11-15,3,1,0,30.50,0.2000
662,150955953,earliest_deadline,4,15,11-15,0,1,0,30.50,0.0000
662,150955953,optimized_global,4,15,11-15,4,1,0,30.50,0.2667
662,150955953,nearest_global,4,15,11-15,4,1,0,30.50,0.2667
662,150955953,earliest_deadline_global,4,15,11-15,0,1,0,30.50,0.0000
663,869321107,optimized,2,11,11-15,0,1,0,27.00,0.0000
663,869321107,nearest,2,11,11-15,0,1,0,27.00,0.0000
663,869321107,earliest_deadline,2,11,11-15,0,1,0,27.00,0.0000
663,869321107,optimized_global,2,11,11-15,0,1,0,27.00,0.0000
663,869321107,nearest_global,2,11,11-15,0,1,0,27.00,0.0000
663,869321107,earliest_deadline_global,2,11,11-15,0,1,0,27.00,0.0000
664,2566006891,optimized,5,12,11-15,1,1,0,28.25,0.0833
664,2566006891,nearest,5,12,11-15,1,1,0,28.25,0.0833
664,2566006891,earliest_deadline,5,12,11-15,0,1,0,28.25,0.0000
664,2566006891,optimized_global,5,12,11-15,3,1,0,28.25,0.2500
664,2566006891,nearest_global,5,12,11-15,2,1,0,28.25,0.1667
664,2566006891,earliest_deadline_global,5,12,11-15,2,1,0,28.25,0.1667
665,2984135239,optimized,2,9,5-10,2,1,0,31.50,0.2222
665,2984135239,nearest,2,9,5-10,2,1,0,31.50,0.2222
665,2984135239,earliest_deadline,2,9,5-10,0,1,0,31.50,0.0000
665,2984135239,optimized_global,2,9,5-10,1,1,0,31.50,0.1111
665,2984135239,nearest_global,2,9,5-10,1,1,0,31.50,0.1111
665,2984135239,earliest_deadline_global,2,9,5-10,1,1,0,31.50,0.1111
666,2161678080,optimized,4,12,11-15,0,1,0,24.75,0.0000
666,2161678080,nearest,4,12,11-15,0,1,0,24.75,0.0000
666,2161678080,earliest_deadline,4,12,11-15,0,1,0,24.75,0.0000
666,2161678080,optimized_global,4,12,11-15,0,1,0,24.75,0.0000
666,2161678080,nearest_global,4,12,11-15,0,1,0,24.75,0.0000
666,2161678080,earliest_deadline_global,4,12,11-15,0,1,0,24.75,0.0000
667,3696760248,optimized,4,7,5-10,1,1,0,25.00,0.1429
667,3696760248,nearest,4,7,5-10,1,1,0,25.00,0.1429
667,3696760248,earliest_deadline,4,7,5-10,0,1,0,25.00,0.0000
667,3696760248,optimized_global,4,7,5-10,1,1,0,25.00,0.1429
667,3696760248,nearest_global,4,7,5-10,0,1,0,25.00,0.0000
667,3696760248,earliest_deadline_global,4,7,5-10,0,1,0,25.00,0.0000
668,3946817619,optimized,5,6,5-10,3,1,0,45.00,0.5000
668,3946817619,nearest,5,6,5-10,3,1,0,45.00,0.5000
668,3946817619,earliest_deadline,5,6,5-10,3,1,0,45.00,0.5000
668,3946817619,optimized_global,5,6,5-10,6,0,1,43.75,1.0000
668,3946817619,nearest_global,5,6,5-10,4,1,0,45.00,0.6667
668,3946817619,earliest_deadline_global,5,6,5-10,4,1,0,45.00,0.6667
669,567377364,optimized,5,6,5-10,1,1,0,28.50,0.1667
669,567377364,nearest,5,6,5-10,1,1,0,28.50,0.1667
669,567377364,earliest_deadline,5,6,5-10,0,1,0,28.50,0.0000
669,567377364,optimized_global,5,6,5-10,1,1,0,28.50,0.1667
669,567377364,nearest_global,5,6,5-10,2,1,0,28.50,0.3333
669,567377364,earliest_deadline_global,5,6,5-10,1,1,0,28.50,0.1667
670,4091003993,optimized,3,20,16-20,6,1,0,34.25,0.3000
670,4091003993,nearest,3,20,16-20,6,1,0,34.25,0.3000
670,4091003993,earliest_deadline,3,20,16-20,4,1,0,35.75,0.2000
670,4091003993,optimized_global,3,20,16-20,4,1,0,34.25,0.2000
670,4091003993,nearest_global,3,20,16-20,5,1,0,34.25,0.2500
670,4091003993,earliest_deadline_global,3,20,16-20,4,1,0,37.00,0.2000
671,2638740891,optimized,3,20,16-20,0,1,0,26.75,0.0000
671,2638740891,nearest,3,20,16-20,0,1,0,26.75,0.0000
671,2638740891,earliest_deadline,3,20,16-20,0,1,0,26.75,0.0000
671,2638740891,optimized_global,3,20,16-20,1,1,0,26.75,0.0500
671,2638740891,nearest_global,3,20,16-20,0,1,0,26.75,0.0000
671,2638740891,earliest_deadline_global,3,20,16-20,0,1,0,26.75,0.0000
672,2732540465,optimized,5,18,16-20,1,1,0,26.75,0.0556
672,2732540465,nearest,5,18,16-20,1,1,0,26.75,0.0556
672,2732540465,earliest_deadline,5,18,16-20,0,1,0,26.75,0.0000
672,2732540465,optimized_global,5,18,16-20,2,1,0,26.75,0.1111
672,2732540465,nearest_global,5,18,16-20,1,1,0,26.75,0.0556
672,2732540465,earliest_deadline_global,5,18,16-20,0,1,0,26.75,0.0000
673,408433127,optimized,5,19,16-20,1,1,0,26.25,0.0526
673,408433127,nearest,5,19,16-20,1,1,0,26.25,0.0526
673,408433127,earliest_deadline,5,19,16-20,0,1,0,26.25,0.0000
673,408433127,optimized_global,5,19,16-20,1,1,0,26.25,0.0526
673,408433127,nearest_global,5,19,16-20,1,1,0,26.25,0.0526
673,408433127,earliest_deadline_global,5,19,16-20,0,1,0,26.25,0.0000
674,2670919381,optimized,4,16,16-20,2,1,0,27.75,0.1250
674,2670919381,nearest,4,16,16-20,2,1,0,27.75,0.1250
674,2670919381,earliest_deadline,4,16,16-20,0,1,0,27.75,0.0000
674,2670919381,optimized_global,4,16,16-20,2,1,0,27.75,0.1250
674,2670919381,nearest_global,4,16,16-20,2,1,0,27.75,0.1250
674,2670919381,earliest_deadline_global,4,16,16-20,0,1,0,27.75,0.0000
675,3116924888,optimized,2,8,5-10,0,1,0,25.25,0.0000
675,3116924888,nearest,2,8,5-10,0,1,0,25.25,0.0000
675,3116924888,earliest_deadline,2,8,5-10,0,1,0,25.25,0.0000
675,3116924888,optimized_global,2,8,5-10,0,1,0,25.25,0.0000
675,3116924888,nearest_global,2,8,5-10,0,1,0,25.25,0.0000
675,3116924888,earliest_deadline_global,2,8,5-10,0,1,0,25.25,0.0000
676,2494478909,optimized,4,5,5-10,1,1,0,27.00,0.2000
676,2494478909,nearest,4,5,5-10,1,1,0,27.00,0.2000
676,2494478909,earliest_deadline,4,5,5-10,0,1,0,27.00,0.0000
676,2494478909,optimized_global,4,5,5-10,1,1,0,27.00,0.2000
676,2494478909,nearest_global,4,5,5-10,0,1,0,27.00,0.0000
676,2494478909,earliest_deadline_global,4,5,5-10,0,1,0,27.00,0.0000
677,362895610,optimized,2,9,5-10,1,2,0,25.25,0.1111
677,362895610,nearest,2,9,5-10,1,2,0,25.25,0.1111
677,362895610,earliest_deadline,2,9,5-10,0,2,0,25.25,0.0000
677,362895610,optimized_global,2,9,5-10,2,2,0,25.25,0.2222
677,362895610,nearest_global,2,9,5-10,2,2,0,25.25,0.2222
677,362895610,earliest_deadline_global,2,9,5-10,0,2,0,25.25,0.0000
678,2247244795,optimized,4,10,5-10,3,1,0,30.25,0.3000
678,2247244795,nearest,4,10,5-10,3,1,0,30.25,0.3000
678,2247244795,earliest_deadline,4,10,5-10,2,1,0,30.25,0.2000
678,2247244795,optimized_global,4,10,5-10,4,2,0,33.75,0.4000
678,2247244795,nearest_global,4,10,5-10,3,2,0,33.75,0.3000
678,2247244795,earliest_deadline_global,4,10,5-10,2,1,0,30.25,0.2000
679,4019830928,optimized,2,13,11-15,2,1,0,30.50,0.1538
679,4019830928,nearest,2,13,11-15,2,1,0,30.50,0.1538
679,4019830928,earliest_deadline,2,13,11-15,0,1,0,30.50,0.0000
679,4019830928,optimized_global,2,13,11-15,1,1,0,30.50,0.0769
679,4019830928,nearest_global,2,13,11-15,1,1,0,30.50,0.0769
679,4019830928,earliest_deadline_global,2,13,11-15,0,1,0,30.50,0.0000
680,3107050258,optimized,4,15,11-15,2,1,0,27.25,0.1333
680,3107050258,nearest,4,15,11-15,2,1,0,27.25,0.1333
680,3107050258,earliest_deadline,4,15,11-15,0,1,0,27.25,0.0000
680,3107050258,optimized_global,4,15,11-15,2,1,0,27.25,0.1333
680,3107050258,nearest_global,4,15,11-15,1,1,0,27.25,0.0667
680,3107050258,earliest_deadline_global,4,15,11-15,0,1,0,27.25,0.0000
681,590162564,optimized,4,16,16-20,1,1,0,25.75,0.0625
681,590162564,nearest,4,16,16-20,1,1,0,25.75,0.0625
681,590162564,earliest_deadline,4,16,16-20,0,1,0,25.75,0.0000
681,590162564,optimized_global,4,16,16-20,4,1,0,25.75,0.2500
681,590162564,nearest_global,4,16,16-20,3,1,0,25.75,0.1875
681,590162564,earliest_deadline_global,4,16,16-20,0,1,0,25.75,0.0000
682,4122904477,optimized,5,18,16-20,6,1,0,33.75,0.3333
682,4122904477,nearest,5,18,16-20,6,1,0,33.75,0.3333
682,4122904477,earliest_deadline,5,18,16-20,4,1,0,34.50,0.2222
682,4122904477,optimized_global,5,18,16-20,4,1,0,33.75,0.2222
682,4122904477,nearest_global,5,18,16-20,6,1,0,33.75,0.3333
682,4122904477,earliest_deadline_global,5,18,16-20,3,1,0,34.75,0.1667
683,4118359295,optimized,3,9,5-10,0,1,0,29.25,0.0000
683,4118359295,nearest,3,9,5-10,0,1,0,29.25,0.0000
683,4118359295,earliest_deadline,3,9,5-10,0,1,0,29.25,0.0000
683,4118359295,optimized_global,3,9,5-10,1,1,0,29.25,0.1111
683,4118359295,nearest_global,3,9,5-10,1,1,0,29.25,0.1111
683,4118359295,earliest_deadline_global,3,9,5-10,0,1,0,29.25,0.0000
684,727548248,optimized,2,7,5-10,1,1,0,33.25,0.1429
684,727548248,nearest,2,7,5-10,1,1,0,33.25,0.1429
684,727548248,earliest_deadline,2,7,5-10,0,1,0,33.25,0.0000
684,727548248,optimized_global,2,7,5-10,2,1,0,33.25,0.2857
684,727548248,nearest_global,2,7,5-10,2,1,0,33.25,0.2857
684,727548248,earliest_deadline_global,2,7,5-10,1,1,0,33.25,0.1429
685,3439771343,optimized,3,18,16-20,2,1,0,27.00,0.1111
685,3439771343,nearest,3,18,16-20,2,1,0,27.00,0.1111
685,3439771343,earliest_deadline,3,18,16-20,0,1,0,27.00,0.0000
685,3439771343,optimized_global,3,18,16-20,2,1,0,27.00,0.1111
685,3439771343,nearest_global,3,18,16-20,1,1,0,27.00,0.0556
685,3439771343,earliest_deadline_global,3,18,16-20,0,1,0,27.00,0.0000
686,1746836670,optimized,4,7,5-10,0,1,0,26.75,0.0000
686,1746836670,nearest,4,7,5-10,0,1,0,26.75,0.0000
686,1746836670,earliest_deadline,4,7,5-10,0,1,0,26.75,0.0000
686,1746836670,optimized_global,4,7,5-10,1,1,0,26.75,0.1429
686,1746836670,nearest_global,4,7,5-10,1,1,0,26.75,0.1429
686,1746836670,earliest_deadline_global,4,7,5-10,0,1,0,26.75,0.0000
687,2549844792,optimized,5,6,5-10,1,1,0,31.75,0.1667
687,2549844792,nearest,5,6,5-10,1,1,0,31.75,0.1667
687,2549844792,earliest_deadline,5,6,5-10,1,1,0,31.75,0.1667
687,2549844792,optimized_global,5,6,5-10,1,1,0,31.75,0.1667
687,2549844792,nearest_global,5,6,5-10,1,1,0,31.75,0.1667
687,2549844792,earliest_deadline_global,5,6,5-10,1,1,0,31.75,0.1667
688,1912060642,optimized,3,8,5-10,0,1,0,26.25,0.0000
688,1912060642,nearest,3,8,5-10,0,1,0,26.25,0.0000
688,1912060642,earliest_deadline,3,8,5-10,0,1,0,26.25,0.0000
688,1912060642,optimized_global,3,8,5-10,0,1,0,26.25,0.0000
688,1912060642,nearest_global,3,8,5-10,0,1,0,26.25,0.0000
688,1912060642,earliest_deadline_global,3,8,5-10,0,1,0,26.25,0.0000
689,3361344933,optimized,4,9,5-10,1,1,0,27.50,0.1111
689,3361344933,nearest,4,9,5-10,1,1,0,27.50,0.1111
689,3361344933,earliest_deadline,4,9,5-10,0,1,0,27.50,0.0000
689,3361344933,optimized_global,4,9,5-10,1,1,0,27.50,0.1111
689,3361344933,nearest_global,4,9,5-10,1,1,0,27.50,0.1111
689,3361344933,earliest_deadline_global,4,9,5-10,1,1,0,27.50,0.1111
690,4280621493,optimized,5,19,16-20,0,1,0,26.50,0.0000
690,4280621493,nearest,5,19,16-20,0,1,0,26.50,0.0000
690,4280621493,earliest_deadline,5,19,16-20,0,1,0,26.50,0.0000
690,4280621493,optimized_global,5,19,16-20,1,1,0,26.50,0.0526
690,4280621493,nearest_global,5,19,16-20,0,1,0,26.50,0.0000
690,4280621493,earliest_deadline_global,5,19,16-20,0,1,0,26.50,0.0000
691,3414992228,optimized,4,5,5-10,5,0,1,67.50,1.0000
691,3414992228,nearest,4,5,5-10,5,0,1,67.50,1.0000
691,3414992228,earliest_deadline,4,5,5-10,5,0,1,67.50,1.0000
691,3414992228,optimized_global,4,5,5-10,5,0,1,49.75,1.0000
691,3414992228,nearest_global,4,5,5-10,4,1,0,72.00,0.8000
691,3414992228,earliest_deadline_global,4,5,5-10,4,1,0,52.00,0.8000
692,4000209826,optimized,2,8,5-10,1,1,0,31.25,0.1250
692,4000209826,nearest,2,8,5-10,1,1,0,31.25,0.1250
692,4000209826,earliest_deadline,2,8,5-10,0,1,0,31.25,0.0000
692,4000209826,optimized_global,2,8,5-10,1,1,0,31.25,0.1250
692,4000209826,nearest_global,2,8,5-10,1,1,0,31.25,0.1250
692,4000209826,earliest_deadline_global,2,8,5-10,0,1,0,31.25,0.0000
693,4063155294,optimized,5,13,11-15,2,1,0,30.75,0.1538
693,4063155294,nearest,5,13,11-15,2,1,0,30.75,0.1538
693,4063155294,earliest_deadline,5,13,11-15,0,1,0,30.75,0.0000
693,4063155294,optimized_global,5,13,11-15,4,1,0,30.75,0.3077
693,4063155294,nearest_global,5,13,11-15,5,1,0,30.75,0.3846
693,4063155294,earliest_deadline_global,5,13,11-15,1,1,0,30.75,0.0769
694,386999887,optimized,4,9,5-10,1,1,0,30.25,0.1111
694,386999887,nearest,4,9,5-10,1,1,0,30.25,0.1111
694,386999887,earliest_deadline,4,9,5-10,0,1,0,30.25,0.0000
694,386999887,optimized_global,4,9,5-10,2,1,0,30.25,0.2222
694,386999887,nearest_global,4,9,5-10,2,1,0,30.25,0.2222
694,386999887,earliest_deadline_global,4,9,5-10,0,1,0,30.25,0.0000
695,1088273217,optimized,4,8,5-10,5,1,0,39.25,0.6250
695,1088273217,nearest,4,8,5-10,5,1,0,39.25,0.6250
695,1088273217,earliest_deadline,4,8,5-10,6,1,0,54.50,0.7500
695,1088273217,optimized_global,4,8,5-10,4,1,0,39.25,0.5000
695,1088273217,nearest_global,4,8,5-10,4,1,0,39.25,0.5000
695,1088273217,earliest_deadline_global,4,8,5-10,2,1,0,39.25,0.2500
696,3100350357,optimized,2,19,16-20,1,1,0,25.75,0.0526
696,3100350357,nearest,2,19,16-20,1,1,0,25.75,0.0526
696,3100350357,earliest_deadline,2,19,16-20,0,1,0,25.75,0.0000
696,3100350357,optimized_global,2,19,16-20,1,1,0,25.75,0.0526
696,3100350357,nearest_global,2,19,16-20,1,1,0,25.75,0.0526
696,3100350357,earliest_deadline_global,2,19,16-20,1,1,0,25.75,0.0526
697,2534356671,optimized,3,8,5-10,2,1,0,32.25,0.2500
697,2534356671,nearest,3,8,5-10,2,1,0,32.25,0.2500
697,2534356671,earliest_deadline,3,8,5-10,1,1,0,32.25,0.1250
697,2534356671,optimized_global,3,8,5-10,3,1,0,32.25,0.3750
697,2534356671,nearest_global,3,8,5-10,3,1,0,32.25,0.3750
697,2534356671,earliest_deadline_global,3,8,5-10,2,1,0,32.25,0.2500
698,215376165,optimized,4,14,11-15,0,1,0,27.25,0.0000
698,215376165,nearest,4,14,11-15,0,1,0,27.25,0.0000
698,215376165,earliest_deadline,4,14,11-15,0,1,0,27.25,0.0000
698,215376165,optimized_global,4,14,11-15,4,1,0,27.25,0.2857
698,215376165,nearest_global,4,14,11-15,1,1,0,27.25,0.0714
698,215376165,earliest_deadline_global,4,14,11-15,0,1,0,27.25,0.0000
699,408233194,optimized,5,20,16-20,3,1,0,30.25,0.1500
699,408233194,nearest,5,20,16-20,3,1,0,30.25,0.1500
699,408233194,earliest_deadline,5,20,16-20,1,1,0,30.25,0.0500
699,408233194,optimized_global,5,20,16-20,4,1,0,30.25,0.2000
699,408233194,nearest_global,5,20,16-20,4,1,0,30.25,0.2000
699,408233194,earliest_deadline_global,5,20,16-20,2,1,0,30.25,0.1000
700,2235734018,optimized,2,17,16-20,2,1,0,26.00,0.1176
700,2235734018,nearest,2,17,16-20,2,1,0,26.00,0.1176
700,2235734018,earliest_deadline,2,17,16-20,0,1,0,26.00,0.0000
700,2235734018,optimized_global,2,17,16-20,1,1,0,26.00,0.0588
700,2235734018,nearest_global,2,17,16-20,1,1,0,26.00,0.0588
700,2235734018,earliest_deadline_global,2,17,16-20,0,1,0,26.00,0.0000
701,2646411529,optimized,4,9,5-10,1,1,0,26.25,0.1111
701,2646411529,nearest,4,9,5-10,1,1,0,26.25,0.1111
701,2646411529,earliest_deadline,4,9,5-10,0,1,0,26.25,0.0000
701,2646411529,optimized_global,4,9,5-10,2,1,0,26.25,0.2222
701,2646411529,nearest_global,4,9,5-10,1,1,0,26.25,0.1111
701,2646411529,earliest_deadline_global,4,9,5-10,0,1,0,26.25,0.0000
702,720349087,optimized,3,8,5-10,1,1,0,31.25,0.1250
702,720349087,nearest,3,8,5-10,1,1,0,31.25,0.1250
702,720349087,earliest_deadline,3,8,5-10,0,1,0,31.25,0.0000
702,720349087,optimized_global,3,8,5-10,1,1,0,31.25,0.1250
702,720349087,nearest_global,3,8,5-10,3,1,0,31.25,0.3750
702,720349087,earliest_deadline_global,3,8,5-10,0,1,0,31.25,0.0000
703,735690548,optimized,3,16,16-20,1,1,0,26.75,0.0625
703,735690548,nearest,3,16,16-20,1,1,0,26.75,0.0625
703,735690548,earliest_deadline,3,16,16-20,0,1,0,26.75,0.0000
703,735690548,optimized_global,3,16,16-20,3,1,0,26.75,0.1875
703,735690548,nearest_global,3,16,16-20,1,1,0,26.75,0.0625
703,735690548,earliest_deadline_global,3,16,16-20,0,1,0,26.75,0.0000
704,555512018,optimized,5,11,11-15,1,1,0,27.00,0.0909
704,555512018,nearest,5,11,11-15,1,1,0,27.00,0.0909
704,555512018,earliest_deadline,5,11,11-15,1,1,0,27.00,0.0909
704,555512018,optimized_global,5,11,11-15,1,1,0,27.00,0.0909
704,555512018,nearest_global,5,11,11-15,1,1,0,27.00,0.0909
704,555512018,earliest_deadline_global,5,11,11-15,1,1,0,27.00,0.0909
705,2426444399,optimized,4,18,16-20,4,1,0,31.00,0.2222
705,2426444399,nearest,4,18,16-20,4,1,0,31.00,0.2222
705,2426444399,earliest_deadline,4,18,16-20,0,1,0,31.00,0.0000
705,2426444399,optimized_global,4,18,16-20,5,1,0,31.00,0.2778
705,2426444399,nearest_global,4,18,16-20,5,1,0,31.00,0.2778
705,2426444399,earliest_deadline_global,4,18,16-20,0,1,0,31.00,0.0000
706,33731129,optimized,5,10,5-10,1,1,0,25.50,0.1000
706,33731129,nearest,5,10,5-10,1,1,0,25.50,0.1000
706,33731129,earliest_deadline,5,10,5-10,0,1,0,25.50,0.0000
706,33731129,optimized_global,5,10,5-10,1,1,0,25.50,0.1000
706,33731129,nearest_global,5,10,5-10,1,1,0,25.50,0.1000
706,33731129,earliest_deadline_global,5,10,5-10,0,1,0,25.50,0.0000
707,2458570336,optimized,4,20,16-20,4,1,0,34.50,0.2000
707,2458570336,nearest,4,20,16-20,4,1,0,34.50,0.2000
707,2458570336,earliest_deadline,4,20,16-20,4,1,0,37.00,0.2000
707,2458570336,optimized_global,4,20,16-20,6,1,0,34.50,0.3000
707,2458570336,nearest_global,4,20,16-20,5,1,0,34.50,0.2500
707,2458570336,earliest_deadline_global,4,20,16-20,4,1,0,38.50,0.2000
708,2044098042,optimized,5,20,16-20,3,1,0,29.00,0.1500
708,2044098042,nearest,5,20,16-20,3,1,0,29.00,0.1500
708,2044098042,earliest_deadline,5,20,16-20,0,1,0,29.00,0.0000
708,2044098042,optimized_global,5,20,16-20,5,1,0,29.00,0.2500
708,2044098042,nearest_global,5,20,16-20,5,1,0,29.00,0.2500
708,2044098042,earliest_deadline_global,5,20,16-20,0,1,0,29.00,0.0000
709,2001390991,optimized,3,15,11-15,2,1,0,27.50,0.1333
709,2001390991,nearest,3,15,11-15,2,1,0,27.50,0.1333
709,2001390991,earliest_deadline,3,15,11-15,0,1,0,27.50,0.0000
709,2001390991,optimized_global,3,15,11-15,1,1,0,27.50,0.0667
709,2001390991,nearest_global,3,15,11-15,2,1,0,27.50,0.1333
709,2001390991,earliest_deadline_global,3,15,11-15,0,1,0,27.50,0.0000
710,2917469332,optimized,5,16,16-20,2,1,0,28.25,0.1250
710,2917469332,nearest,5,16,16-20,2,1,0,28.25,0.1250
710,2917469332,earliest_deadline,5,16,16-20,0,1,0,28.25,0.0000
710,2917469332,optimized_global,5,16,16-20,1,1,0,28.25,0.0625
710,2917469332,nearest_global,5,16,16-20,1,1,0,28.25,0.0625
710,2917469332,earliest_deadline_global,5,16,16-20,0,1,0,28.25,0.0000
711,2244686382,optimized,2,12,11-15,3,1,0,31.00,0.2500
711,2244686382,nearest,2,12,11-15,3,1,0,31.00,0.2500
711,2244686382,earliest_deadline,2,12,11-15,2,1,0,34.25,0.1667
711,2244686382,optimized_global,2,12,11-15,3,1,0,31.00,0.2500
711,2244686382,nearest_global,2,12,11-15,3,1,0,31.00,0.2500
711,2244686382,earliest_deadline_global,2,12,11-15,2,1,0,34.25,0.1667
712,3125657104,optimized,5,12,11-15,1,1,0,26.50,0.0833
712,3125657104,nearest,5,12,11-15,1,1,0,26.50,0.0833
712,3125657104,earliest_deadline,5,12,11-15,0,1,0,26.50,0.0000
712,3125657104,optimized_global,5,12,11-15,1,1,0,26.50,0.0833
712,3125657104,nearest_global,5,12,11-15,1,1,0,26.50,0.0833
712,3125657104,earliest_deadline_global,5,12,11-15,0,1,0,26.50,0.0000
713,3281025975,optimized,4,16,16-20,0,1,0,25.50,0.0000
713,3281025975,nearest,4,16,16-20,0,1,0,25.50,0.0000
713,3281025975,earliest_deadline,4,16,16-20,0,1,0,25.50,0.0000
713,3281025975,optimized_global,4,16,16-20,1,1,0,25.50,0.0625
713,3281025975,nearest_global,4,16,16-20,0,1,0,25.50,0.0000
713,3281025975,earliest_deadline_global,4,16,16-20,0,1,0,25.50,0.0000
714,3951875641,optimized,3,6,5-10,0,1,0,27.25,0.0000
714,3951875641,nearest,3,6,5-10,0,1,0,27.25,0.0000
714,3951875641,earliest_deadline,3,6,5-10,0,1,0,27.25,0.0000
714,3951875641,optimized_global,3,6,5-10,0,1,0,27.25,0.0000
714,3951875641,nearest_global,3,6,5-10,0,1,0,27.25,0.0000
714,3951875641,earliest_deadline_global,3,6,5-10,0,1,0,27.25,0.0000
715,3432729917,optimized,4,5,5-10,5,0,1,52.75,1.0000
715,3432729917,nearest,4,5,5-10,5,0,1,52.75,1.0000
715,3432729917,earliest_deadline,4,5,5-10,5,0,1,54.25,1.0000
715,3432729917,optimized_global,4,5,5-10,5,0,1,38.50,1.0000
715,3432729917,nearest_global,4,5,5-10,5,0,1,56.25,1.0000
715,3432729917,earliest_deadline_global,4,5,5-10,3,1,0,48.75,0.6000
716,2223531162,optimized,5,17,16-20,0,1,0,24.75,0.0000
716,2223531162,nearest,5,17,16-20,0,1,0,24.75,0.0000
716,2223531162,earliest_deadline,5,17,16-20,0,1,0,24.75,0.0000
716,2223531162,optimized_global,5,17,16-20,3,1,0,24.75,0.1765
716,2223531162,nearest_global,5,17,16-20,2,1,0,24.75,0.1176
716,2223531162,earliest_deadline_global,5,17,16-20,0,1,0,24.75,0.0000
717,2113781964,optimized,5,15,11-15,4,1,0,33.75,0.2667
717,2113781964,nearest,5,15,11-15,4,1,0,33.75,0.2667
717,2113781964,earliest_deadline,5,15,11-15,3,1,0,33.75,0.2000
717,2113781964,optimized_global,5,15,11-15,6,1,0,33.75,0.4000
717,2113781964,nearest_global,5,15,11-15,6,1,0,33.75,0.4000
717,2113781964,earliest_deadline_global,5,15,11-15,3,1,0,33.75,0.2000
718,1012360682,optimized,3,13,11-15,3,1,0,31.50,0.2308
718,1012360682,nearest,3,13,11-15,3,1,0,31.50,0.2308
718,1012360682,earliest_deadline,3,13,11-15,1,1,0,31.50,0.0769
718,1012360682,optimized_global,3,13,11-15,3,1,0,31.50,0.2308
718,1012360682,nearest_global,3,13,11-15,2,1,0,31.50,0.1538
718,1012360682,earliest_deadline_global,3,13,11-15,0,1,0,31.50,0.0000
719,2575234221,optimized,3,12,11-15,0,1,0,25.00,0.0000
719,2575234221,nearest,3,12,11-15,0,1,0,25.00,0.0000
719,2575234221,earliest_deadline,3,12,11-15,0,1,0,25.00,0.0000
719,2575234221,optimized_global,3,12,11-15,1,1,0,25.00,0.0833
719,2575234221,nearest_global,3,12,11-15,1,1,0,25.00,0.0833
719,2575234221,earliest_deadline_global,3,12,11-15,0,1,0,25.00,0.0000
720,597582174,optimized,5,13,11-15,4,1,0,34.00,0.3077
720,597582174,nearest,5,13,11-15,4,1,0,34.00,0.3077
720,597582174,earliest_deadline,5,13,11-15,4,1,0,36.25,0.3077
720,597582174,optimized_global,5,13,11-15,4,1,0,31.75,0.3077
720,597582174,nearest_global,5,13,11-15,5,1,0,31.75,0.3846
720,597582174,earliest_deadline_global,5,13,11-15,3,1,0,36.25,0.2308
721,3999629176,optimized,2,18,16-20,0,1,0,24.25,0.0000
721,3999629176,nearest,2,18,16-20,0,1,0,24.25,0.0000
721,3999629176,earliest_deadline,2,18,16-20,0,1,0,24.25,0.0000
721,3999629176,optimized_global,2,18,16-20,0,1,0,24.25,0.0000
721,3999629176,nearest_global,2,18,16-20,0,1,0,24.25,0.0000
721,3999629176,earliest_deadline_global,2,18,16-20,0,1,0,24.25,0.0000
722,3629437454,optimized,4,9,5-10,4,1,0,35.00,0.4444
722,3629437454,nearest,4,9,5-10,4,1,0,35.00,0.4444
722,3629437454,earliest_deadline,4,9,5-10,4,1,0,43.75,0.4444
722,3629437454,optimized_global,4,9,5-10,5,1,0,35.00,0.5556
722,3629437454,nearest_global,4,9,5-10,7,1,0,55.00,0.7778
722,3629437454,earliest_deadline_global,4,9,5-10,4,1,0,43.75,0.4444
723,514251845,optimized,3,11,11-15,2,1,0,27.50,0.1818
723,514251845,nearest,3,11,11-15,2,1,0,27.50,0.1818
723,514251845,earliest_deadline,3,11,11-15,0,1,0,27.50,0.0000
723,514251845,optimized_global,3,11,11-15,1,1,0,27.50,0.0909
723,514251845,nearest_global,3,11,11-15,2,1,0,27.50,0.1818
723,514251845,earliest_deadline_global,3,11,11-15,0,1,0,27.50,0.0000
724,3375654805,optimized,2,8,5-10,1,1,0,32.25,0.1250
724,3375654805,nearest,2,8,5-10,1,1,0,32.25,0.1250
724,3375654805,earliest_deadline,2,8,5-10,0,1,0,32.25,0.0000
724,3375654805,optimized_global,2,8,5-10,0,1,0,32.25,0.0000
724,3375654805,nearest_global,2,8,5-10,1,1,0,32.25,0.1250
724,3375654805,earliest_deadline_global,2,8,5-10,0,1,0,32.25,0.0000
725,502955984,optimized,4,5,5-10,0,1,0,26.50,0.0000
725,502955984,nearest,4,5,5-10,0,1,0,26.50,0.0000
725,502955984,earliest_deadline,4,5,5-10,0,1,0,26.50,0.0000
725,502955984,optimized_global,4,5,5-10,0,1,0,26.50,0.0000
725,502955984,nearest_global,4,5,5-10,0,1,0,26.50,0.0000
725,502955984,earliest_deadline_global,4,5,5-10,0,1,0,26.50,0.0000
726,3097638599,optimized,2,16,16-20,1,1,0,27.75,0.0625
726,3097638599,nearest,2,16,16-20,1,1,0,27.75,0.0625
726,3097638599,earliest_deadline,2,16,16-20,0,1,0,27.75,0.0000
726,3097638599,optimized_global,2,16,16-20,1,1,0,27.75,0.0625
726,3097638599,nearest_global,2,16,16-20,2,1,0,27.75,0.1250
726,3097638599,earliest_deadline_global,2,16,16-20,0,1,0,27.75,0.0000
727,376707336,optimized,4,19,16-20,0,1,0,23.75,0.0000
727,376707336,nearest,4,19,16-20,0,1,0,23.75,0.0000
727,376707336,earliest_deadline,4,19,16-20,0,1,0,23.75,0.0000
727,376707336,optimized_global,4,19,16-20,0,1,0,23.75,0.0000
727,376707336,nearest_global,4,19,16-20,0,1,0,23.75,0.0000
727,376707336,earliest_deadline_global,4,19,16-20,0,1,0,23.75,0.0000
728,2096774763,optimized,3,16,16-20,1,1,0,24.00,0.0625
728,2096774763,nearest,3,16,16-20,0,1,0,24.00,0.0000
728,2096774763,earliest_deadline,3,16,16-20,0,1,0,24.00,0.0000
728,2096774763,optimized_global,3,16,16-20,1,1,0,24.00,0.0625
728,2096774763,nearest_global,3,16,16-20,1,1,0,24.00,0.0625
728,2096774763,earliest_deadline_global,3,16,16-20,0,1,0,24.00,0.0000
729,2825501293,optimized,2,14,11-15,3,1,0,32.50,0.2143
729,2825501293,nearest,2,14,11-15,3,1,0,32.50,0.2143
729,2825501293,earliest_deadline,2,14,11-15,1,1,0,32.50,0.0714
729,2825501293,optimized_global,2,14,11-15,4,1,0,33.00,0.2857
729,2825501293,nearest_global,2,14,11-15,4,1,0,33.00,0.2857
729,2825501293,earliest_deadline_global,2,14,11-15,2,1,0,32.50,0.1429
730,3130218721,optimized,4,8,5-10,1,1,0,26.25,0.1250
730,3130218721,nearest,4,8,5-10,1,1,0,26.25,0.1250
730,3130218721,earliest_deadline,4,8,5-10,0,1,0,26.25,0.0000
730,3130218721,optimized_global,4,8,5-10,0,1,0,26.25,0.0000
730,3130218721,nearest_global,4,8,5-10,1,1,0,26.25,0.1250
730,3130218721,earliest_deadline_global,4,8,5-10,0,1,0,26.25,0.0000
731,1797908960,optimized,4,16,16-20,2,1,0,29.50,0.1250
731,1797908960,nearest,4,16,16-20,2,1,0,29.50,0.1250
731,1797908960,earliest_deadline,4,16,16-20,0,1,0,29.50,0.0000
731,1797908960,optimized_global,4,16,16-20,4,1,0,29.50,0.2500
731,1797908960,nearest_global,4,16,16-20,4,1,0,29.50,0.2500
731,1797908960,earliest_deadline_global,4,16,16-20,2,1,0,29.50,0.1250
732,3958342646,optimized,4,13,11-15,1,1,0,26.25,0.0769
732,3958342646,nearest,4,13,11-15,1,1,0,26.25,0.0769
732,3958342646,earliest_deadline,4,13,11-15,0,1,0,26.25,0.0000
732,3958342646,optimized_global,4,13,11-15,1,1,0,26.25,0.0769
732,3958342646,nearest_global,4,13,11-15,0,1,0,26.25,0.0000
732,3958342646,earliest_deadline_global,4,13,11-15,0,1,0,26.25,0.0000
733,3325685157,optimized,3,20,16-20,0,1,0,23.25,0.0000
733,3325685157,nearest,3,20,16-20,0,1,0,23.25,0.0000
733,3325685157,earliest_deadline,3,20,16-20,0,1,0,23.25,0.0000
733,3325685157,optimized_global,3,20,16-20,0,1,0,23.25,0.0000
733,3325685157,nearest_global,3,20,16-20,0,1,0,23.25,0.0000
733,3325685157,earliest_deadline_global,3,20,16-20,0,1,0,23.25,0.0000
734,894490320,optimized,3,18,16-20,3,1,0,28.75,0.1667
734,894490320,nearest,3,18,16-20,3,1,0,28.75,0.1667
734,894490320,earliest_deadline,3,18,16-20,0,1,0,28.75,0.0000
734,894490320,optimized_global,3,18,16-20,3,1,0,28.75,0.1667
734,894490320,nearest_global,3,18,16-20,3,1,0,28.75,0.1667
734,894490320,earliest_deadline_global,3,18,16-20,0,1,0,28.75,0.0000
735,2882916967,optimized,5,16,16-20,4,1,0,35.00,0.2500
735,2882916967,nearest,5,16,16-20,5,1,0,36.50,0.3125
735,2882916967,earliest_deadline,5,16,16-20,2,1,0,35.00,0.1250
735,2882916967,optimized_global,5,16,16-20,4,1,0,34.50,0.2500
735,2882916967,nearest_global,5,16,16-20,3,1,0,34.50,0.1875
735,2882916967,earliest_deadline_global,5,16,16-20,3,1,0,36.50,0.1875
736,3137622152,optimized,5,5,5-10,0,1,0,24.50,0.0000
736,3137622152,nearest,5,5,5-10,0,1,0,24.50,0.0000
736,3137622152,earliest_deadline,5,5,5-10,0,1,0,24.50,0.0000
736,3137622152,optimized_global,5,5,5-10,0,1,0,24.50,0.0000
736,3137622152,nearest_global,5,5,5-10,0,1,0,24.50,0.0000
736,3137622152,earliest_deadline_global,5,5,5-10,0,1,0,24.50,0.0000
737,1432963259,optimized,5,14,11-15,1,1,0,25.00,0.0714
737,1432963259,nearest,5,14,11-15,1,1,0,25.00,0.0714
737,1432963259,earliest_deadline,5,14,11-15,0,1,0,25.00,0.0000
737,1432963259,optimized_global,5,14,11-15,1,1,0,25.00,0.0714
737,1432963259,nearest_global,5,14,11-15,1,1,0,25.00,0.0714
737,1432963259,earliest_deadline_global,5,14,11-15,0,1,0,25.00,0.0000
738,3170679380,optimized,2,8,5-10,1,1,0,31.25,0.1250
738,3170679380,nearest,2,8,5-10,1,1,0,31.25,0.1250
738,3170679380,earliest_deadline,2,8,5-10,1,1,0,36.00,0.1250
738,3170679380,optimized_global,2,8,5-10,2,1,0,31.25,0.2500
738,3170679380,nearest_global,2,8,5-10,0,1,0,31.25,0.0000
738,3170679380,earliest_deadline_global,2,8,5-10,2,1,0,38.50,0.2500
739,3858454939,optimized,5,18,16-20,0,1,0,24.50,0.0000
739,3858454939,nearest,5,18,16-20,0,1,0,24.50,0.0000
739,3858454939,earliest_deadline,5,18,16-20,0,1,0,24.50,0.0000
739,3858454939,optimized_global,5,18,16-20,0,1,0,24.50,0.0000
739,3858454939,nearest_global,5,18,16-20,0,1,0,24.50,0.0000
739,3858454939,earliest_deadline_global,5,18,16-20,0,1,0,24.50,0.0000
740,3509479131,optimized,5,18,16-20,1,1,0,26.75,0.0556
740,3509479131,nearest,5,18,16-20,1,1,0,26.75,0.0556
740,3509479131,earliest_deadline,5,18,16-20,0,1,0,26.75,0.0000
740,3509479131,optimized_global,5,18,16-20,1,1,0,26.75,0.0556
740,3509479131,nearest_global,5,18,16-20,1,1,0,26.75,0.0556
740,3509479131,earliest_deadline_global,5,18,16-20,0,1,0,26.75,0.0000
741,3275050632,optimized,5,13,11-15,1,1,0,28.25,0.0769
741,3275050632,nearest,5,13,11-15,1,1,0,28.25,0.0769
741,3275050632,earliest_deadline,5,13,11-15,1,1,0,28.25,0.0769
741,3275050632,optimized_global,5,13,11-15,1,1,0,28.25,0.0769
741,3275050632,nearest_global,5,13,11-15,2,1,0,28.25,0.1538
741,3275050632,earliest_deadline_global,5,13,11-15,0,1,0,28.25,0.0000
742,2725145743,optimized,5,11,11-15,1,1,0,28.00,0.0909
742,2725145743,nearest,5,11,11-15,1,1,0,28.00,0.0909
742,2725145743,earliest_deadline,5,11,11-15,0,1,0,28.00,0.0000
742,2725145743,optimized_global,5,11,11-15,3,1,0,28.00,0.2727
742,2725145743,nearest_global,5,11,11-15,1,1,0,28.00,0.0909
742,2725145743,earliest_deadline_global,5,11,11-15,0,1,0,28.00,0.0000
743,1161938722,optimized,3,14,11-15,0,1,0,23.00,0.0000
743,1161938722,nearest,3,14,11-15,0,1,0,23.00,0.0000
743,1161938722,earliest_deadline,3,14,11-15,0,1,0,23.00,0.0000
743,1161938722,optimized_global,3,14,11-15,0,1,0,23.00,0.0000
743,1161938722,nearest_global,3,14,11-15,0,1,0,23.00,0.0000
743,1161938722,earliest_deadline_global,3,14,11-15,0,1,0,23.00,0.0000
744,3415456556,optimized,2,18,16-20,1,1,0,27.00,0.0556
744,3415456556,nearest,2,18,16-20,1,1,0,27.00,0.0556
744,3415456556,earliest_deadline,2,18,16-20,0,1,0,27.00,0.0000
744,3415456556,optimized_global,2,18,16-20,0,1,0,27.00,0.0000
744,3415456556,nearest_global,2,18,16-20,0,1,0,27.00,0.0000
744,3415456556,earliest_deadline_global,2,18,16-20,0,1,0,27.00,0.0000
745,1564192804,optimized,5,7,5-10,3,1,0,33.75,0.4286
745,1564192804,nearest,5,7,5-10,3,1,0,33.75,0.4286
745,1564192804,earliest_deadline,5,7,5-10,2,1,0,34.50,0.2857
745,1564192804,optimized_global,5,7,5-10,3,1,0,33.75,0.4286
745,1564192804,nearest_global,5,7,5-10,4,1,0,33.75,0.5714
745,1564192804,earliest_deadline_global,5,7,5-10,2,1,0,34.50,0.2857
746,2285767937,optimized,2,13,11-15,0,1,0,25.00,0.0000
746,2285767937,nearest,2,13,11-15,0,1,0,25.00,0.0000
746,2285767937,earliest_deadline,2,13,11-15,0,1,0,25.00,0.0000
746,2285767937,optimized_global,2,13,11-15,0,1,0,25.00,0.0000
746,2285767937,nearest_global,2,13,11-15,0,1,0,25.00,0.0000
746,2285767937,earliest_deadline_global,2,13,11-15,0,1,0,25.00,0.0000
747,1350509430,optimized,4,8,5-10,4,1,0,37.75,0.5000
747,1350509430,nearest,4,8,5-10,4,1,0,37.75,0.5000
747,1350509430,earliest_deadline,4,8,5-10,4,1,0,41.25,0.5000
747,1350509430,optimized_global,4,8,5-10,2,1,0,30.00,0.2500
747,1350509430,nearest_global,4,8,5-10,3,1,0,30.00,0.3750
747,1350509430,earliest_deadline_global,4,8,5-10,3,1,0,37.50,0.3750
748,1344398092,optimized,5,11,11-15,1,1,0,28.00,0.0909
748,1344398092,nearest,5,11,11-15,1,1,0,28.00,0.0909
748,1344398092,earliest_deadline,5,11,11-15,0,1,0,28.00,0.0000
748,1344398092,optimized_global,5,11,11-15,3,1,0,28.00,0.2727
748,1344398092,nearest_global,5,11,11-15,2,1,0,28.00,0.1818
748,1344398092,earliest_deadline_global,5,11,11-15,0,1,0,28.00,0.0000
749,676936875,optimized,5,11,11-15,0,1,0,27.75,0.0000
749,676936875,nearest,5,11,11-15,0,1,0,27.75,0.0000
749,676936875,earliest_deadline,5,11,11-15,0,1,0,27.75,0.0000
749,676936875,optimized_global,5,11,11-15,1,1,0,27.75,0.0909
749,676936875,nearest_global,5,11,11-15,0,1,0,27.75,0.0000
749,676936875,earliest_deadline_global,5,11,11-15,0,1,0,27.75,0.0000
750,4128742087,optimized,3,18,16-20,4,2,0,33.00,0.2222
750,4128742087,nearest,3,18,16-20,4,2,0,33.00,0.2222
750,4128742087,earliest_deadline,3,18,16-20,2,1,0,33.00,0.1111
750,4128742087,optimized_global,3,18,16-20,4,1,0,33.00,0.2222
750,4128742087,nearest_global,3,18,16-20,5,1,0,33.00,0.2778
750,4128742087,earliest_deadline_global,3,18,16-20,1,1,0,33.00,0.0556
751,634724750,optimized,4,20,16-20,1,1,0,25.50,0.0500
751,634724750,nearest,4,20,16-20,2,1,0,25.50,0.1000
751,634724750,earliest_deadline,4,20,16-20,0,1,0,25.50,0.0000
751,634724750,optimized_global,4,20,16-20,3,1,0,25.50,0.1500
751,634724750,nearest_global,4,20,16-20,2,1,0,25.50,0.1000
751,634724750,earliest_deadline_global,4,20,16-20,0,1,0,25.50,0.0000
752,370478785,optimized,3,8,5-10,0,1,0,29.00,0.0000
752,370478785,nearest,3,8,5-10,0,1,0,29.00,0.0000
752,370478785,earliest_deadline,3,8,5-10,0,1,0,29.00,0.0000
752,370478785,optimized_global,3,8,5-10,2,1,0,29.00,0.2500
752,370478785,nearest_global,3,8,5-10,3,1,0,29.00,0.3750
752,370478785,earliest_deadline_global,3,8,5-10,0,1,0,29.00,0.0000
753,4020636839,optimized,5,20,16-20,1,1,0,25.25,0.0500
753,4020636839,nearest,5,20,16-20,1,1,0,25.25,0.0500
753,4020636839,earliest_deadline,5,20,16-20,0,1,0,25.25,0.0000
753,4020636839,optimized_global,5,20,16-20,2,1,0,25.25,0.1000
753,4020636839,nearest_global,5,20,16-20,1,1,0,25.25,0.0500
753,4020636839,earliest_deadline_global,5,20,16-20,0,1,0,25.25,0.0000
754,2383763399,optimized,2,8,5-10,0,1,0,25.75,0.0000
754,2383763399,nearest,2,8,5-10,0,1,0,25.75,0.0000
754,2383763399,earliest_deadline,2,8,5-10,0,1,0,25.75,0.0000
754,2383763399,optimized_global,2,8,5-10,0,1,0,25.75,0.0000
754,2383763399,nearest_global,2,8,5-10,0,1,0,25.75,0.0000
754,2383763399,earliest_deadline_global,2,8,5-10,0,1,0,25.75,0.0000
755,1880783517,optimized,2,19,16-20,0,1,0,23.75,0.0000
755,1880783517,nearest,2,19,16-20,0,1,0,23.75,0.0000
755,1880783517,earliest_deadline,2,19,16-20,0,1,0,23.75,0.0000
755,1880783517,optimized_global,2,19,16-20,0,1,0,23.75,0.0000
755,1880783517,nearest_global,2,19,16-20,0,1,0,23.75,0.0000
755,1880783517,earliest_deadline_global,2,19,16-20,0,1,0,23.75,0.0000
756,3167501230,optimized,2,20,16-20,1,1,0,30.00,0.0500
756,3167501230,nearest,2,20,16-20,1,1,0,30.00,0.0500
756,3167501230,earliest_deadline,2,20,16-20,0,1,0,30.00,0.0000
756,3167501230,optimized_global,2,20,16-20,2,1,0,30.00,0.1000
756,3167501230,nearest_global,2,20,16-20,2,1,0,30.00,0.1000
756,3167501230,earliest_deadline_global,2,20,16-20,0,1,0,30.00,0.0000
757,1646346101,optimized,2,5,5-10,0,1,0,24.75,0.0000
757,1646346101,nearest,2,5,5-10,0,1,0,24.75,0.0000
757,1646346101,earliest_deadline,2,5,5-10,0,1,0,24.75,0.0000
757,1646346101,optimized_global,2,5,5-10,0,1,0,24.75,0.0000
757,1646346101,nearest_global,2,5,5-10,0,1,0,24.75,0.0000
757,1646346101,earliest_deadline_global,2,5,5-10,0,1,0,24.75,0.0000
758,549419168,optimized,2,13,11-15,3,1,0,35.25,0.2308
758,549419168,nearest,2,13,11-15,3,1,0,35.25,0.2308
758,549419168,earliest_deadline,2,13,11-15,2,1,0,36.00,0.1538
758,549419168,optimized_global,2,13,11-15,3,1,0,35.25,0.2308
758,549419168,nearest_global,2,13,11-15,3,1,0,35.25,0.2308
758,549419168,earliest_deadline_global,2,13,11-15,2,1,0,36.00,0.1538
759,3133976254,optimized,2,6,5-10,2,1,0,30.50,0.3333
759,3133976254,nearest,2,6,5-10,2,1,0,30.50,0.3333
759,3133976254,earliest_deadline,2,6,5-10,0,1,0,30.50,0.0000
759,3133976254,optimized_global,2,6,5-10,2,1,0,30.50,0.3333
759,3133976254,nearest_global,2,6,5-10,2,1,0,30.50,0.3333
759,3133976254,earliest_deadline_global,2,6,5-10,0,1,0,30.50,0.0000
760,755912094,optimized,4,20,16-20,0,1,0,24.50,0.0000
760,755912094,nearest,4,20,16-20,0,1,0,24.50,0.0000
760,755912094,earliest_deadline,4,20,16-20,0,1,0,24.50,0.0000
760,755912094,optimized_global,4,20,16-20,2,1,0,24.50,0.1000
760,755912094,nearest_global,4,20,16-20,0,1,0,24.50,0.0000
760,755912094,earliest_deadline_global,4,20,16-20,0,1,0,24.50,0.0000
761,2375087129,optimized,4,19,16-20,2,1,0,28.75,0.1053
761,2375087129,nearest,4,19,16-20,2,1,0,28.75,0.1053
761,2375087129,earliest_deadline,4,19,16-20,0,1,0,28.75,0.0000
761,2375087129,optimized_global,4,19,16-20,2,1,0,28.75,0.1053
761,2375087129,nearest_global,4,19,16-20,2,1,0,28.75,0.1053
761,2375087129,earliest_deadline_global,4,19,16-20,0,1,0,28.75,0.0000
762,4076208020,optimized,5,20,16-20,1,1,0,24.75,0.0500
762,4076208020,nearest,5,20,16-20,1,1,0,24.75,0.0500
762,4076208020,earliest_deadline,5,20,16-20,0,1,0,24.75,0.0000
762,4076208020,optimized_global,5,20,16-20,2,1,0,24.75,0.1000
762,4076208020,nearest_global,5,20,16-20,3,1,0,24.75,0.1500
762,4076208020,earliest_deadline_global,5,20,16-20,0,1,0,24.75,0.0000
763,4020690626,optimized,5,19,16-20,0,1,0,24.50,0.0000
763,4020690626,nearest,5,19,16-20,0,1,0,24.50,0.0000
763,4020690626,earliest_deadline,5,19,16-20,0,1,0,24.50,0.0000
763,4020690626,optimized_global,5,19,16-20,2,1,0,24.50,0.1053
763,4020690626,nearest_global,5,19,16-20,1,1,0,24.50,0.0526
763,4020690626,earliest_deadline_global,5,19,16-20,0,1,0,24.50,0.0000
764,1549551136,optimized,5,5,5-10,5,0,1,49.50,1.0000
764,1549551136,nearest,5,5,5-10,5,0,1,49.50,1.0000
764,1549551136,earliest_deadline,5,5,5-10,5,0,1,49.50,1.0000
764,1549551136,optimized_global,5,5,5-10,5,0,1,36.50,1.0000
764,1549551136,nearest_global,5,5,5-10,5,0,1,51.75,1.0000
764,1549551136,earliest_deadline_global,5,5,5-10,5,0,1,52.00,1.0000
765,3351369396,optimized,2,9,5-10,1,1,0,29.75,0.1111
765,3351369396,nearest,2,9,5-10,1,1,0,29.75,0.1111
765,3351369396,earliest_deadline,2,9,5-10,0,1,0,29.75,0.0000
765,3351369396,optimized_global,2,9,5-10,2,1,0,29.75,0.2222
765,3351369396,nearest_global,2,9,5-10,1,1,0,29.75,0.1111
765,3351369396,earliest_deadline_global,2,9,5-10,0,1,0,29.75,0.0000
766,2631422516,optimized,4,16,16-20,1,1,0,24.50,0.0625
766,2631422516,nearest,4,16,16-20,1,1,0,24.50,0.0625
766,2631422516,earliest_deadline,4,16,16-20,0,1,0,24.50,0.0000
766,2631422516,optimized_global,4,16,16-20,2,1,0,24.50,0.1250
766,2631422516,nearest_global,4,16,16-20,2,1,0,24.50,0.1250
766,2631422516,earliest_deadline_global,4,16,16-20,0,1,0,24.50,0.0000
767,2058876599,optimized,4,19,16-20,2,1,0,28.75,0.1053
767,2058876599,nearest,4,19,16-20,2,1,0,28.75,0.1053
767,2058876599,earliest_deadline,4,19,16-20,0,1,0,28.75,0.0000
767,2058876599,optimized_global,4,19,16-20,3,1,0,28.75,0.1579
767,2058876599,nearest_global,4,19,16-20,1,1,0,28.75,0.0526
767,2058876599,earliest_deadline_global,4,19,16-20,1,1,0,28.75,0.0526
768,600986681,optimized,2,8,5-10,1,1,0,31.50,0.1250
768,600986681,nearest,2,8,5-10,1,1,0,31.50,0.1250
768,600986681,earliest_deadline,2,8,5-10,1,1,0,35.50,0.1250
768,600986681,optimized_global,2,8,5-10,1,1,0,31.50,0.1250
768,600986681,nearest_global,2,8,5-10,2,1,0,31.50,0.2500
768,600986681,earliest_deadline_global,2,8,5-10,1,1,0,35.50,0.1250
769,1616451629,optimized,2,12,11-15,2,1,0,29.50,0.1667
769,1616451629,nearest,2,12,11-15,2,1,0,29.50,0.1667
769,1616451629,earliest_deadline,2,12,11-15,1,1,0,29.50,0.0833
769,1616451629,optimized_global,2,12,11-15,2,1,0,29.50,0.1667
769,1616451629,nearest_global,2,12,11-15,1,1,0,29.50,0.0833
769,1616451629,earliest_deadline_global,2,12,11-15,1,1,0,29.50,0.0833
770,2799966840,optimized,4,6,5-10,0,1,0,25.25,0.0000
770,2799966840,nearest,4,6,5-10,0,1,0,25.25,0.0000
770,2799966840,earliest_deadline,4,6,5-10,0,1,0,25.25,0.0000
770,2799966840,optimized_global,4,6,5-10,0,1,0,25.25,0.0000
770,2799966840,nearest_global,4,6,5-10,0,1,0,25.25,0.0000
770,2799966840,earliest_deadline_global,4,6,5-10,0,1,0,25.25,0.0000
771,4237550217,optimized,3,16,16-20,3,1,0,29.00,0.1875
771,4237550217,nearest,3,16,16-20,3,1,0,29.00,0.1875
771,4237550217,earliest_deadline,3,16,16-20,1,1,0,29.00,0.0625
771,4237550217,optimized_global,3,16,16-20,2,1,0,29.00,0.1250
771,4237550217,nearest_global,3,16,16-20,2,1,0,29.00,0.1250
771,4237550217,earliest_deadline_global,3,16,16-20,2,1,0,29.00,0.1250
772,21004871,optimized,4,5,5-10,4,1,0,43.50,0.8000
772,21004871,nearest,4,5,5-10,4,1,0,43.50,0.8000
772,21004871,earliest_deadline,4,5,5-10,2,1,0,34.25,0.4000
772,21004871,optimized_global,4,5,5-10,5,0,1,33.50,1.0000
772,21004871,nearest_global,4,5,5-10,5,0,1,32.25,1.0000
772,21004871,earliest_deadline_global,4,5,5-10,3,1,0,34.25,0.6000
773,3082756739,optimized,2,7,5-10,4,1,0,53.25,0.5714
773,3082756739,nearest,2,7,5-10,4,1,0,53.25,0.5714
773,3082756739,earliest_deadline,2,7,5-10,1,1,0,41.50,0.1429
773,3082756739,optimized_global,2,7,5-10,4,1,0,53.25,0.5714
773,3082756739,nearest_global,2,7,5-10,4,1,0,53.25,0.5714
773,3082756739,earliest_deadline_global,2,7,5-10,3,1,0,46.50,0.4286
774,3634989160,optimized,5,6,5-10,1,1,0,28.25,0.1667
774,3634989160,nearest,5,6,5-10,1,1,0,28.25,0.1667
774,3634989160,earliest_deadline,5,6,5-10,0,1,0,28.25,0.0000
774,3634989160,optimized_global,5,6,5-10,1,1,0,28.25,0.1667
774,3634989160,nearest_global,5,6,5-10,2,1,0,28.25,0.3333
774,3634989160,earliest_deadline_global,5,6,5-10,0,1,0,28.25,0.0000
775,4085349955,optimized,4,11,11-15,3,1,0,30.00,0.2727
775,4085349955,nearest,4,11,11-15,3,1,0,30.00,0.2727
775,4085349955,earliest_deadline,4,11,11-15,2,1,0,30.00,0.1818
775,4085349955,optimized_global,4,11,11-15,3,1,0,30.00,0.2727
775,4085349955,nearest_global,4,11,11-15,2,1,0,30.00,0.1818
775,4085349955,earliest_deadline_global,4,11,11-15,3,1,0,30.00,0.2727
776,1820222988,optimized,2,12,11-15,2,1,0,31.75,0.1667
776,1820222988,nearest,2,12,11-15,2,1,0,31.75,0.1667
776,1820222988,earliest_deadline,2,12,11-15,1,1,0,31.75,0.0833
776,1820222988,optimized_global,2,12,11-15,2,1,0,31.75,0.1667
776,1820222988,nearest_global,2,12,11-15,2,1,0,31.75,0.1667
776,1820222988,earliest_deadline_global,2,12,11-15,1,1,0,31.75,0.0833
777,508861613,optimized,5,13,11-15,0,1,0,25.25,0.0000
777,508861613,nearest,5,13,11-15,0,1,0,25.25,0.0000
777,508861613,earliest_deadline,5,13,11-15,0,1,0,25.25,0.0000
777,508861613,optimized_global,5,13,11-15,1,1,0,25.25,0.0769
777,508861613,nearest_global,5,13,11-15,2,1,0,25.25,0.1538
777,508861613,earliest_deadline_global,5,13,11-15,0,1,0,25.25,0.0000
778,1163795189,optimized,2,16,16-20,1,1,0,27.00,0.0625
778,1163795189,nearest,2,16,16-20,1,1,0,27.00,0.0625
778,1163795189,earliest_deadline,2,16,16-20,0,1,0,27.00,0.0000
778,1163795189,optimized_global,2,16,16-20,2,1,0,27.00,0.1250
778,1163795189,nearest_global,2,16,16-20,1,1,0,27.00,0.0625
778,1163795189,earliest_deadline_global,2,16,16-20,0,1,0,27.00,0.0000
779,3653014335,optimized,3,15,11-15,5,1,0,40.50,0.3333
779,3653014335,nearest,3,15,11-15,5,1,0,40.50,0.3333
779,3653014335,earliest_deadline,3,15,11-15,5,1,0,44.75,0.3333
779,3653014335,optimized_global,3,15,11-15,5,1,0,45.00,0.3333
779,3653014335,nearest_global,3,15,11-15,7,1,0,48.75,0.4667
779,3653014335,earliest_deadline_global,3,15,11-15,5,1,0,45.00,0.3333
780,3770701769,optimized,2,6,5-10,1,1,0,34.50,0.1667
780,3770701769,nearest,2,6,5-10,1,1,0,34.50,0.1667
780,3770701769,earliest_deadline,2,6,5-10,1,1,0,34.50,0.1667
780,3770701769,optimized_global,2,6,5-10,1,1,0,34.50,0.1667
780,3770701769,nearest_global,2,6,5-10,1,1,0,34.50,0.1667
780,3770701769,earliest_deadline_global,2,6,5-10,1,1,0,34.50,0.1667
781,2736211495,optimized,2,20,16-20,3,1,0,35.25,0.1500
781,2736211495,nearest,2,20,16-20,3,1,0,35.25,0.1500
781,2736211495,earliest_deadline,2,20,16-20,1,1,0,37.00,0.0500
781,2736211495,optimized_global,2,20,16-20,2,1,0,35.25,0.1000
781,2736211495,nearest_global,2,20,16-20,2,1,0,35.25,0.1000
781,2736211495,earliest_deadline_global,2,20,16-20,1,1,0,37.00,0.0500
782,527166402,optimized,4,13,11-15,2,1,0,36.00,0.1538
782,527166402,nearest,4,13,11-15,3,1,0,36.00,0.2308
782,527166402,earliest_deadline,4,13,11-15,2,1,0,36.25,0.1538
782,527166402,optimized_global,4,13,11-15,4,1,0,36.00,0.3077
782,527166402,nearest_global,4,13,11-15,4,1,0,36.00,0.3077
782,527166402,earliest_deadline_global,4,13,11-15,2,1,0,36.00,0.1538
783,523649620,optimized,5,6,5-10,4,1,0,35.25,0.6667
783,523649620,nearest,5,6,5-10,4,1,0,35.25,0.6667
783,523649620,earliest_deadline,5,6,5-10,3,1,0,35.25,0.5000
783,523649620,optimized_global,5,6,5-10,6,0,1,34.25,1.0000
783,523649620,nearest_global,5,6,5-10,3,1,0,34.75,0.5000
783,523649620,earliest_deadline_global,5,6,5-10,4,1,0,35.25,0.6667
784,2053733590,optimized,2,14,11-15,0,1,0,28.75,0.0000
784,2053733590,nearest,2,14,11-15,0,1,0,28.75,0.0000
784,2053733590,earliest_deadline,2,14,11-15,0,1,0,28.75,0.0000
784,2053733590,optimized_global,2,14,11-15,2,1,0,28.75,0.1429
784,2053733590,nearest_global,2,14,11-15,1,1,0,28.75,0.0714
784,2053733590,earliest_deadline_global,2,14,11-15,0,1,0,28.75,0.0000
785,2526548870,optimized,2,18,16-20,1,1,0,25.00,0.0556
785,2526548870,nearest,2,18,16-20,1,1,0,25.00,0.0556
785,2526548870,earliest_deadline,2,18,16-20,0,1,0,25.00,0.0000
785,2526548870,optimized_global,2,18,16-20,1,1,0,25.00,0.0556
785,2526548870,nearest_global,2,18,16-20,1,1,0,25.00,0.0556
785,2526548870,earliest_deadline_global,2,18,16-20,0,1,0,25.00,0.0000
786,139065131,optimized,2,9,5-10,1,1,0,26.75,0.1111
786,139065131,nearest,2,9,5-10,1,1,0,26.75,0.1111
786,139065131,earliest_deadline,2,9,5-10,0,1,0,26.75,0.0000
786,139065131,optimized_global,2,9,5-10,1,1,0,26.75,0.1111
786,139065131,nearest_global,2,9,5-10,2,1,0,26.75,0.2222
786,139065131,earliest_deadline_global,2,9,5-10,0,1,0,26.75,0.0000
787,2946761449,optimized,5,13,11-15,2,1,0,28.75,0.1538
787,2946761449,nearest,5,13,11-15,2,1,0,28.75,0.1538
787,2946761449,earliest_deadline,5,13,11-15,0,1,0,28.75,0.0000
787,2946761449,optimized_global,5,13,11-15,4,1,0,28.75,0.3077
787,2946761449,nearest_global,5,13,11-15,3,1,0,28.75,0.2308
787,2946761449,earliest_deadline_global,5,13,11-15,1,1,0,28.75,0.0769
788,2338652735,optimized,5,14,11-15,0,1,0,27.75,0.0000
788,2338652735,nearest,5,14,11-15,0,1,0,27.75,0.0000
788,2338652735,earliest_deadline,5,14,11-15,0,1,0,27.75,0.0000
788,2338652735,optimized_global,5,14,11-15,2,1,0,27.75,0.1429
788,2338652735,nearest_global,5,14,11-15,2,1,0,27.75,0.1429
788,2338652735,earliest_deadline_global,5,14,11-15,0,1,0,27.75,0.0000
789,52839632,optimized,2,13,11-15,0,1,0,25.75,0.0000
789,52839632,nearest,2,13,11-15,1,1,0,25.75,0.0769
789,52839632,earliest_deadline,2,13,11-15,0,1,0,25.75,0.0000
789,52839632,optimized_global,2,13,11-15,0,1,0,25.75,0.0000
789,52839632,nearest_global,2,13,11-15,1,1,0,25.75,0.0769
789,52839632,earliest_deadline_global,2,13,11-15,0,1,0,25.75,0.0000
790,410931907,optimized,4,6,5-10,1,1,0,31.75,0.1667
790,410931907,nearest,4,6,5-10,1,1,0,31.75,0.1667
790,410931907,earliest_deadline,4,6,5-10,1,1,0,31.75,0.1667
790,410931907,optimized_global,4,6,5-10,2,1,0,31.75,0.3333
790,410931907,nearest_global,4,6,5-10,2,1,0,31.75,0.3333
790,410931907,earliest_deadline_global,4,6,5-10,2,1,0,31.75,0.3333
791,1951280787,optimized,3,14,11-15,1,1,0,25.75,0.0714
791,1951280787,nearest,3,14,11-15,1,1,0,25.75,0.0714
791,1951280787,earliest_deadline,3,14,11-15,0,1,0,25.75,0.0000
791,1951280787,optimized_global,3,14,11-15,0,1,0,25.75,0.0000
791,1951280787,nearest_global,3,14,11-15,0,1,0,25.75,0.0000
791,1951280787,earliest_deadline_global,3,14,11-15,0,1,0,25.75,0.0000
792,3103480813,optimized,3,19,16-20,4,1,0,32.25,0.2105
792,3103480813,nearest,3,19,16-20,5,1,0,32.25,0.2632
792,3103480813,earliest_deadline,3,19,16-20,1,1,0,32.25,0.0526
792,3103480813,optimized_global,3,19,16-20,4,1,0,32.25,0.2105
792,3103480813,nearest_global,3,19,16-20,3,1,0,32.25,0.1579
792,3103480813,earliest_deadline_global,3,19,16-20,2,1,0,32.25,0.1053
793,3545063905,optimized,5,9,5-10,0,1,0,26.50,0.0000
793,3545063905,nearest,5,9,5-10,0,1,0,26.50,0.0000
793,3545063905,earliest_deadline,5,9,5-10,0,1,0,26.50,0.0000
793,3545063905,optimized_global,5,9,5-10,0,1,0,26.50,0.0000
793,3545063905,nearest_global,5,9,5-10,1,1,0,26.50,0.1111
793,3545063905,earliest_deadline_global,5,9,5-10,0,1,0,26.50,0.0000
794,1852426237,optimized,2,19,16-20,0,1,0,24.75,0.0000
794,1852426237,nearest,2,19,16-20,0,1,0,24.75,0.0000
794,1852426237,earliest_deadline,2,19,16-20,0,1,0,24.75,0.0000
794,1852426237,optimized_global,2,19,16-20,0,1,0,24.75,0.0000
794,1852426237,nearest_global,2,19,16-20,0,1,0,24.75,0.0000
794,1852426237,earliest_deadline_global,2,19,16-20,0,1,0,24.75,0.0000
795,1268557353,optimized,4,17,16-20,0,1,0,25.50,0.0000
795,1268557353,nearest,4,17,16-20,0,1,0,25.50,0.0000
795,1268557353,earliest_deadline,4,17,16-20,0,1,0,25.50,0.0000
795,1268557353,optimized_global,4,17,16-20,1,1,0,25.50,0.0588
795,1268557353,nearest_global,4,17,16-20,2,1,0,25.50,0.1176
795,1268557353,earliest_deadline_global,4,17,16-20,0,1,0,25.50,0.0000
796,4158861279,optimized,2,13,11-15,1,1,0,30.00,0.0769
796,4158861279,nearest,2,13,11-15,1,1,0,30.00,0.0769
796,4158861279,earliest_deadline,2,13,11-15,0,1,0,30.00,0.0000
796,4158861279,optimized_global,2,13,11-15,2,1,0,30.00,0.1538
796,4158861279,nearest_global,2,13,11-15,2,1,0,30.00,0.1538
796,4158861279,earliest_deadline_global,2,13,11-15,1,1,0,30.00,0.0769
797,1969449013,optimized,5,19,16-20,3,1,0,28.25,0.1579
797,1969449013,nearest,5,19,16-20,3,1,0,28.25,0.1579
797,1969449013,earliest_deadline,5,19,16-20,0,1,0,28.25,0.0000
797,1969449013,optimized_global,5,19,16-20,4,1,0,28.25,0.2105
797,1969449013,nearest_global,5,19,16-20,4,1,0,28.25,0.2105
797,1969449013,earliest_deadline_global,5,19,16-20,0,1,0,28.25,0.0000
798,1354588534,optimized,5,6,5-10,0,1,0,33.00,0.0000
798,1354588534,nearest,5,6,5-10,0,1,0,33.00,0.0000
798,1354588534,earliest_deadline,5,6,5-10,0,1,0,33.00,0.0000
798,1354588534,optimized_global,5,6,5-10,1,1,0,33.00,0.1667
798,1354588534,nearest_global,5,6,5-10,1,1,0,33.00,0.1667
798,1354588534,earliest_deadline_global,5,6,5-10,0,1,0,33.00,0.0000
799,1899724709,optimized,4,13,11-15,4,1,0,32.25,0.3077
799,1899724709,nearest,4,13,11-15,4,1,0,32.25,0.3077
799,1899724709,earliest_deadline,4,13,11-15,1,1,0,32.25,0.0769
799,1899724709,optimized_global,4,13,11-15,5,1,0,32.25,0.3846
799,1899724709,nearest_global,4,13,11-15,5,1,0,32.25,0.3846
799,1899724709,earliest_deadline_global,4,13,11-15,0,1,0,32.25,0.0000
800,51933242,optimized,3,9,5-10,2,1,0,30.50,0.2222
800,51933242,nearest,3,9,5-10,2,1,0,30.50,0.2222
800,51933242,earliest_deadline,3,9,5-10,1,1,0,30.50,0.1111
800,51933242,optimized_global,3,9,5-10,3,1,0,30.50,0.3333
800,51933242,nearest_global,3,9,5-10,4,1,0,30.50,0.4444
800,51933242,earliest_deadline_global,3,9,5-10,1,1,0,30.50,0.1111
801,1296768271,optimized,2,19,16-20,2,1,0,28.00,0.1053
801,1296768271,nearest,2,19,16-20,2,1,0,28.00,0.1053
801,1296768271,earliest_deadline,2,19,16-20,0,1,0,28.00,0.0000
801,1296768271,optimized_global,2,19,16-20,2,1,0,28.00,0.1053
801,1296768271,nearest_global,2,19,16-20,1,1,0,28.00,0.0526
801,1296768271,earliest_deadline_global,2,19,16-20,0,1,0,28.00,0.0000
802,2214289531,optimized,5,12,11-15,2,1,0,26.25,0.1667
802,2214289531,nearest,5,12,11-15,2,1,0,26.25,0.1667
802,2214289531,earliest_deadline,5,12,11-15,0,1,0,26.25,0.0000
802,2214289531,optimized_global,5,12,11-15,3,1,0,26.25,0.2500
802,2214289531,nearest_global,5,12,11-15,2,1,0,26.25,0.1667
802,2214289531,earliest_deadline_global,5,12,11-15,0,1,0,26.25,0.0000
803,3944677903,optimized,5,10,5-10,1,1,0,26.75,0.1000
803,3944677903,nearest,5,10,5-10,1,1,0,26.75,0.1000
803,3944677903,earliest_deadline,5,10,5-10,0,1,0,26.75,0.0000
803,3944677903,optimized_global,5,10,5-10,2,1,0,26.75,0.2000
803,3944677903,nearest_global,5,10,5-10,1,1,0,26.75,0.1000
803,3944677903,earliest_deadline_global,5,10,5-10,0,1,0,26.75,0.0000
804,3170656832,optimized,2,8,5-10,1,1,0,31.00,0.1250
804,3170656832,nearest,2,8,5-10,1,1,0,31.00,0.1250
804,3170656832,earliest_deadline,2,8,5-10,0,1,0,31.00,0.0000
804,3170656832,optimized_global,2,8,5-10,2,1,0,31.00,0.2500
804,3170656832,nearest_global,2,8,5-10,2,1,0,31.00,0.2500
804,3170656832,earliest_deadline_global,2,8,5-10,0,1,0,31.00,0.0000
805,3355632329,optimized,3,19,16-20,4,1,0,30.25,0.2105
805,3355632329,nearest,3,19,16-20,4,1,0,30.25,0.2105
805,3355632329,earliest_deadline,3,19,16-20,2,1,0,32.25,0.1053
805,3355632329,optimized_global,3,19,16-20,3,1,0,30.25,0.1579
805,3355632329,nearest_global,3,19,16-20,4,1,0,30.25,0.2105
805,3355632329,earliest_deadline_global,3,19,16-20,2,1,0,32.25,0.1053
806,2340334984,optimized,3,8,5-10,1,1,0,30.25,0.1250
806,2340334984,nearest,3,8,5-10,1,1,0,30.25,0.1250
806,2340334984,earliest_deadline,3,8,5-10,0,1,0,30.25,0.0000
806,2340334984,optimized_global,3,8,5-10,2,1,0,30.25,0.2500
806,2340334984,nearest_global,3,8,5-10,2,1,0,30.25,0.2500
806,2340334984,earliest_deadline_global,3,8,5-10,0,1,0,30.25,0.0000
807,474973607,optimized,4,9,5-10,7,1,0,45.75,0.7778
807,474973607,nearest,4,9,5-10,7,1,0,45.75,0.7778
807,474973607,earliest_deadline,4,9,5-10,3,1,0,37.75,0.3333
807,474973607,optimized_global,4,9,5-10,5,1,0,35.00,0.5556
807,474973607,nearest_global,4,9,5-10,7,1,0,43.25,0.7778
807,474973607,earliest_deadline_global,4,9,5-10,2,1,0,37.75,0.2222
808,1679016413,optimized,4,14,11-15,1,1,0,25.75,0.0714
808,1679016413,nearest,4,14,11-15,1,1,0,25.75,0.0714
808,1679016413,earliest_deadline,4,14,11-15,0,1,0,25.75,0.0000
808,1679016413,optimized_global,4,14,11-15,2,1,0,25.75,0.1429
808,1679016413,nearest_global,4,14,11-15,1,1,0,25.75,0.0714
808,1679016413,earliest_deadline_global,4,14,11-15,0,1,0,25.75,0.0000
809,4282231247,optimized,5,18,16-20,5,1,0,31.25,0.2778
809,4282231247,nearest,5,18,16-20,5,1,0,31.25,0.2778
809,4282231247,earliest_deadline,5,18,16-20,0,1,0,31.25,0.0000
809,4282231247,optimized_global,5,18,16-20,5,1,0,31.25,0.2778
809,4282231247,nearest_global,5,18,16-20,4,1,0,31.25,0.2222
809,4282231247,earliest_deadline_global,5,18,16-20,0,1,0,31.25,0.0000
810,189713035,optimized,4,13,11-15,0,2,0,24.25,0.0000
810,189713035,nearest,4,13,11-15,0,2,0,24.25,0.0000
810,189713035,earliest_deadline,4,13,11-15,0,2,0,24.25,0.0000
810,189713035,optimized_global,4,13,11-15,0,2,0,24.25,0.0000
810,189713035,nearest_global,4,13,11-15,0,2,0,24.25,0.0000
810,189713035,earliest_deadline_global,4,13,11-15,0,2,0,24.25,0.0000
811,3776135350,optimized,3,20,16-20,2,1,0,27.25,0.1000
811,3776135350,nearest,3,20,16-20,2,1,0,27.25,0.1000
811,3776135350,earliest_deadline,3,20,16-20,0,1,0,27.25,0.0000
811,3776135350,optimized_global,3,20,16-20,3,1,0,27.25,0.1500
811,3776135350,nearest_global,3,20,16-20,2,1,0,27.25,0.1000
811,3776135350,earliest_deadline_global,3,20,16-20,0,1,0,27.25,0.0000
812,2939886492,optimized,4,9,5-10,0,1,0,31.50,0.0000
812,2939886492,nearest,4,9,5-10,0,1,0,31.50,0.0000
812,2939886492,earliest_deadline,4,9,5-10,1,1,0,31.50,0.1111
812,2939886492,optimized_global,4,9,5-10,4,1,0,31.50,0.4444
812,2939886492,nearest_global,4,9,5-10,2,1,0,31.50,0.2222
812,2939886492,earliest_deadline_global,4,9,5-10,0,1,0,31.50,0.0000
813,1219377454,optimized,4,9,5-10,1,1,0,30.75,0.1111
813,1219377454,nearest,4,9,5-10,1,1,0,30.75,0.1111
813,1219377454,earliest_deadline,4,9,5-10,1,1,0,30.75,0.1111
813,1219377454,optimized_global,4,9,5-10,2,1,0,30.75,0.2222
813,1219377454,nearest_global,4,9,5-10,2,1,0,30.75,0.2222
813,1219377454,earliest_deadline_global,4,9,5-10,2,1,0,30.75,0.2222
814,3341435921,optimized,4,15,11-15,2,1,0,24.50,0.1333
814,3341435921,nearest,4,15,11-15,2,1,0,24.50,0.1333
814,3341435921,earliest_deadline,4,15,11-15,0,1,0,24.50,0.0000
814,3341435921,optimized_global,4,15,11-15,2,1,0,24.50,0.1333
814,3341435921,nearest_global,4,15,11-15,1,1,0,24.50,0.0667
814,3341435921,earliest_deadline_global,4,15,11-15,0,1,0,24.50,0.0000
815,3594443438,optimized,3,19,16-20,0,1,0,24.75,0.0000
815,3594443438,nearest,3,19,16-20,0,1,0,24.75,0.0000
815,3594443438,earliest_deadline,3,19,16-20,0,1,0,24.75,0.0000
815,3594443438,optimized_global,3,19,16-20,1,1,0,24.75,0.0526
815,3594443438,nearest_global,3,19,16-20,1,1,0,24.75,0.0526
815,3594443438,earliest_deadline_global,3,19,16-20,0,1,0,24.75,0.0000
816,185624607,optimized,4,13,11-15,4,1,0,31.25,0.3077
816,185624607,nearest,4,13,11-15,2,1,0,31.25,0.1538
816,185624607,earliest_deadline,4,13,11-15,2,1,0,34.50,0.1538
816,185624607,optimized_global,4,13,11-15,4,1,0,31.25,0.3077
816,185624607,nearest_global,4,13,11-15,5,1,0,31.25,0.3846
816,185624607,earliest_deadline_global,4,13,11-15,3,1,0,34.50,0.2308
817,457068408,optimized,3,15,11-15,2,1,0,28.25,0.1333
817,457068408,nearest,3,15,11-15,2,1,0,28.25,0.1333
817,457068408,earliest_deadline,3,15,11-15,0,1,0,28.25,0.0000
817,457068408,optimized_global,3,15,11-15,1,1,0,28.25,0.0667
817,457068408,nearest_global,3,15,11-15,1,1,0,28.25,0.0667
817,457068408,earliest_deadline_global,3,15,11-15,0,1,0,28.25,0.0000
818,2859372814,optimized,2,13,11-15,2,1,0,30.75,0.1538
818,2859372814,nearest,2,13,11-15,2,1,0,30.75,0.1538
818,2859372814,earliest_deadline,2,13,11-15,1,1,0,30.75,0.0769
818,2859372814,optimized_global,2,13,11-15,2,1,0,30.75,0.1538
818,2859372814,nearest_global,2,13,11-15,2,1,0,30.75,0.1538
818,2859372814,earliest_deadline_global,2,13,11-15,0,1,0,30.75,0.0000
819,4291122141,optimized,5,15,11-15,1,1,0,25.25,0.0667
819,4291122141,nearest,5,15,11-15,0,1,0,25.25,0.0000
819,4291122141,earliest_deadline,5,15,11-15,0,1,0,25.25,0.0000
819,4291122141,optimized_global,5,15,11-15,1,1,0,25.25,0.0667
819,4291122141,nearest_global,5,15,11-15,1,1,0,25.25,0.0667
819,4291122141,earliest_deadline_global,5,15,11-15,0,1,0,25.25,0.0000
820,102935488,optimized,4,8,5-10,1,1,0,32.00,0.1250
820,102935488,nearest,4,8,5-10,1,1,0,32.00,0.1250
820,102935488,earliest_deadline,4,8,5-10,0,1,0,32.00,0.0000
820,102935488,optimized_global,4,8,5-10,4,1,0,32.00,0.5000
820,102935488,nearest_global,4,8,5-10,3,1,0,32.00,0.3750
820,102935488,earliest_deadline_global,4,8,5-10,0,1,0,32.00,0.0000
821,2859094170,optimized,3,14,11-15,3,1,0,34.25,0.2143
821,2859094170,nearest,3,14,11-15,3,1,0,34.25,0.2143
821,2859094170,earliest_deadline,3,14,11-15,2,1,0,34.25,0.1429
821,2859094170,optimized_global,3,14,11-15,3,1,0,34.25,0.2143
821,2859094170,nearest_global,3,14,11-15,3,1,0,34.25,0.2143
821,2859094170,earliest_deadline_global,3,14,11-15,2,1,0,34.25,0.1429
822,586368531,optimized,4,17,16-20,1,1,0,28.75,0.0588
822,586368531,nearest,4,17,16-20,1,1,0,28.75,0.0588
822,586368531,earliest_deadline,4,17,16-20,0,1,0,28.75,0.0000
822,586368531,optimized_global,4,17,16-20,2,1,0,28.75,0.1176
822,586368531,nearest_global,4,17,16-20,3,1,0,28.75,0.1765
822,586368531,earliest_deadline_global,4,17,16-20,1,1,0,28.75,0.0588
823,2792265679,optimized,3,8,5-10,2,1,0,28.75,0.2500
823,2792265679,nearest,3,8,5-10,1,1,0,28.75,0.1250
823,2792265679,earliest_deadline,3,8,5-10,0,1,0,28.75,0.0000
823,2792265679,optimized_global,3,8,5-10,1,1,0,28.75,0.1250
823,2792265679,nearest_global,3,8,5-10,1,1,0,28.75,0.1250
823,2792265679,earliest_deadline_global,3,8,5-10,0,1,0,28.75,0.0000
824,2677116985,optimized,5,18,16-20,3,1,0,28.50,0.1667
824,2677116985,nearest,5,18,16-20,3,1,0,28.50,0.1667
824,2677116985,earliest_deadline,5,18,16-20,0,1,0,28.50,0.0000
824,2677116985,optimized_global,5,18,16-20,4,1,0,28.50,0.2222
824,2677116985,nearest_global,5,18,16-20,3,1,0,28.50,0.1667
824,2677116985,earliest_deadline_global,5,18,16-20,1,1,0,28.50,0.0556
825,388439963,optimized,4,10,5-10,0,1,0,24.00,0.0000
825,388439963,nearest,4,10,5-10,0,1,0,24.00,0.0000
825,388439963,earliest_deadline,4,10,5-10,0,1,0,24.00,0.0000
825,388439963,optimized_global,4,10,5-10,0,1,0,24.00,0.0000
825,388439963,nearest_global,4,10,5-10,0,1,0,24.00,0.0000
825,388439963,earliest_deadline_global,4,10,5-10,0,1,0,24.00,0.0000
826,2923704924,optimized,5,15,11-15,1,1,0,26.75,0.0667
826,2923704924,nearest,5,15,11-15,1,1,0,26.75,0.0667
826,2923704924,earliest_deadline,5,15,11-15,0,1,0,26.75,0.0000
826,2923704924,optimized_global,5,15,11-15,1,1,0,26.75,0.0667
826,2923704924,nearest_global,5,15,11-15,1,1,0,26.75,0.0667
826,2923704924,earliest_deadline_global,5,15,11-15,0,1,0,26.75,0.0000
827,3852729110,optimized,2,18,16-20,2,1,0,28.25,0.1111
827,3852729110,nearest,2,18,16-20,2,1,0,28.25,0.1111
827,3852729110,earliest_deadline,2,18,16-20,0,1,0,28.25,0.0000
827,3852729110,optimized_global,2,18,16-20,2,1,0,28.25,0.1111
827,3852729110,nearest_global,2,18,16-20,2,1,0,28.25,0.1111
827,3852729110,earliest_deadline_global,2,18,16-20,2,1,0,29.00,0.1111
828,3708462295,optimized,4,16,16-20,2,1,0,27.50,0.1250
828,3708462295,nearest,4,16,16-20,2,1,0,27.50,0.1250
828,3708462295,earliest_deadline,4,16,16-20,0,1,0,27.50,0.0000
828,3708462295,optimized_global,4,16,16-20,3,1,0,27.50,0.1875
828,3708462295,nearest_global,4,16,16-20,1,1,0,27.50,0.0625
828,3708462295,earliest_deadline_global,4,16,16-20,0,1,0,27.50,0.0000
829,124551916,optimized,3,14,11-15,1,1,0,26.00,0.0714
829,124551916,nearest,3,14,11-15,1,1,0,26.00,0.0714
829,124551916,earliest_deadline,3,14,11-15,0,1,0,26.00,0.0000
829,124551916,optimized_global,3,14,11-15,1,1,0,26.00,0.0714
829,124551916,nearest_global,3,14,11-15,1,1,0,26.00,0.0714
829,124551916,earliest_deadline_global,3,14,11-15,0,1,0,26.00,0.0000
830,1056203545,optimized,2,15,11-15,0,1,0,27.25,0.0000
830,1056203545,nearest,2,15,11-15,0,1,0,27.25,0.0000
830,1056203545,earliest_deadline,2,15,11-15,0,1,0,27.25,0.0000
830,1056203545,optimized_global,2,15,11-15,0,1,0,27.25,0.0000
830,1056203545,nearest_global,2,15,11-15,0,1,0,27.25,0.0000
830,1056203545,earliest_deadline_global,2,15,11-15,0,1,0,27.25,0.0000
831,1034348632,optimized,2,10,5-10,0,1,0,28.25,0.0000
831,1034348632,nearest,2,10,5-10,0,1,0,28.25,0.0000
831,1034348632,earliest_deadline,2,10,5-10,0,1,0,28.25,0.0000
831,1034348632,optimized_global,2,10,5-10,0,1,0,28.25,0.0000
831,1034348632,nearest_global,2,10,5-10,1,1,0,28.25,0.1000
831,1034348632,earliest_deadline_global,2,10,5-10,0,1,0,28.25,0.0000
832,1946875732,optimized,2,19,16-20,2,1,0,30.75,0.1053
832,1946875732,nearest,2,19,16-20,2,1,0,30.75,0.1053
832,1946875732,earliest_deadline,2,19,16-20,0,1,0,30.75,0.0000
832,1946875732,optimized_global,2,19,16-20,2,1,0,30.75,0.1053
832,1946875732,nearest_global,2,19,16-20,2,1,0,30.75,0.1053
832,1946875732,earliest_deadline_global,2,19,16-20,0,1,0,30.75,0.0000
833,614274275,optimized,5,18,16-20,1,1,0,24.00,0.0556
833,614274275,nearest,5,18,16-20,1,1,0,24.00,0.0556
833,614274275,earliest_deadline,5,18,16-20,0,1,0,24.00,0.0000
833,614274275,optimized_global,5,18,16-20,2,1,0,24.00,0.1111
833,614274275,nearest_global,5,18,16-20,2,1,0,24.00,0.1111
833,614274275,earliest_deadline_global,5,18,16-20,0,1,0,24.00,0.0000
834,3669390889,optimized,2,13,11-15,1,1,0,26.00,0.0769
834,3669390889,nearest,2,13,11-15,1,1,0,26.00,0.0769
834,3669390889,earliest_deadline,2,13,11-15,0,1,0,26.00,0.0000
834,3669390889,optimized_global,2,13,11-15,1,1,0,26.00,0.0769
834,3669390889,nearest_global,2,13,11-15,1,1,0,26.00,0.0769
834,3669390889,earliest_deadline_global,2,13,11-15,0,1,0,26.00,0.0000
835,3336192900,optimized,3,5,5-10,1,1,0,34.00,0.2000
835,3336192900,nearest,3,5,5-10,1,1,0,34.00,0.2000
835,3336192900,earliest_deadline,3,5,5-10,2,1,0,37.00,0.4000
835,3336192900,optimized_global,3,5,5-10,5,0,1,49.75,1.0000
835,3336192900,nearest_global,3,5,5-10,2,1,0,34.00,0.4000
835,3336192900,earliest_deadline_global,3,5,5-10,5,0,1,56.50,1.0000
836,3471835755,optimized,2,17,16-20,1,1,0,31.50,0.0588
836,3471835755,nearest,2,17,16-20,2,1,0,31.50,0.1176
836,3471835755,earliest_deadline,2,17,16-20,1,1,0,34.00,0.0588
836,3471835755,optimized_global,2,17,16-20,2,1,0,31.50,0.1176
836,3471835755,nearest_global,2,17,16-20,2,1,0,31.50,0.1176
836,3471835755,earliest_deadline_global,2,17,16-20,1,1,0,34.00,0.0588
837,851280672,optimized,5,18,16-20,1,1,0,25.75,0.0556
837,851280672,nearest,5,18,16-20,1,1,0,25.75,0.0556
837,851280672,earliest_deadline,5,18,16-20,0,1,0,25.75,0.0000
837,851280672,optimized_global,5,18,16-20,1,1,0,25.75,0.0556
837,851280672,nearest_global,5,18,16-20,1,1,0,25.75,0.0556
837,851280672,earliest_deadline_global,5,18,16-20,0,1,0,25.75,0.0000
838,62588776,optimized,3,12,11-15,0,1,0,26.25,0.0000
838,62588776,nearest,3,12,11-15,0,1,0,26.25,0.0000
838,62588776,earliest_deadline,3,12,11-15,0,1,0,26.25,0.0000
838,62588776,optimized_global,3,12,11-15,0,1,0,26.25,0.0000
838,62588776,nearest_global,3,12,11-15,0,1,0,26.25,0.0000
838,62588776,earliest_deadline_global,3,12,11-15,0,1,0,26.25,0.0000
839,3911161403,optimized,4,16,16-20,0,1,0,24.25,0.0000
839,3911161403,nearest,4,16,16-20,0,1,0,24.25,0.0000
839,3911161403,earliest_deadline,4,16,16-20,0,1,0,24.25,0.0000
839,3911161403,optimized_global,4,16,16-20,0,1,0,24.25,0.0000
839,3911161403,nearest_global,4,16,16-20,0,1,0,24.25,0.0000
839,3911161403,earliest_deadline_global,4,16,16-20,0,1,0,24.25,0.0000
840,1240852165,optimized,4,19,16-20,3,1,0,29.50,0.1579
840,1240852165,nearest,4,19,16-20,3,1,0,29.50,0.1579
840,1240852165,earliest_deadline,4,19,16-20,1,1,0,29.50,0.0526
840,1240852165,optimized_global,4,19,16-20,3,1,0,29.50,0.1579
840,1240852165,nearest_global,4,19,16-20,4,1,0,29.50,0.2105
840,1240852165,earliest_deadline_global,4,19,16-20,0,1,0,29.50,0.0000
841,2818654060,optimized,3,16,16-20,0,1,0,23.25,0.0000
841,2818654060,nearest,3,16,16-20,0,1,0,23.25,0.0000
841,2818654060,earliest_deadline,3,16,16-20,0,1,0,23.25,0.0000
841,2818654060,optimized_global,3,16,16-20,1,1,0,23.25,0.0625
841,2818654060,nearest_global,3,16,16-20,1,1,0,23.25,0.0625
841,2818654060,earliest_deadline_global,3,16,16-20,0,1,0,23.25,0.0000
842,3906000169,optimized,3,6,5-10,1,1,0,32.25,0.1667
842,3906000169,nearest,3,6,5-10,1,1,0,32.25,0.1667
842,3906000169,earliest_deadline,3,6,5-10,0,1,0,32.25,0.0000
842,3906000169,optimized_global,3,6,5-10,1,1,0,32.25,0.1667
842,3906000169,nearest_global,3,6,5-10,0,1,0,32.25,0.0000
842,3906000169,earliest_deadline_global,3,6,5-10,0,1,0,32.25,0.0000
843,155317657,optimized,2,7,5-10,1,1,0,28.75,0.1429
843,155317657,nearest,2,7,5-10,1,1,0,28.75,0.1429
843,155317657,earliest_deadline,2,7,5-10,0,1,0,28.75,0.0000
843,155317657,optimized_global,2,7,5-10,2,1,0,28.75,0.2857
843,155317657,nearest_global,2,7,5-10,2,1,0,28.75,0.2857
843,155317657,earliest_deadline_global,2,7,5-10,0,1,0,28.75,0.0000
844,23507951,optimized,2,9,5-10,2,1,0,28.50,0.2222
844,23507951,nearest,2,9,5-10,2,1,0,28.50,0.2222
844,23507951,earliest_deadline,2,9,5-10,0,1,0,28.50,0.0000
844,23507951,optimized_global,2,9,5-10,2,1,0,28.50,0.2222
844,23507951,nearest_global,2,9,5-10,2,1,0,28.50,0.2222
844,23507951,earliest_deadline_global,2,9,5-10,0,1,0,28.50,0.0000
845,23320959,optimized,2,20,16-20,2,1,0,27.75,0.1000
845,23320959,nearest,2,20,16-20,2,1,0,27.75,0.1000
845,23320959,earliest_deadline,2,20,16-20,0,1,0,27.75,0.0000
845,23320959,optimized_global,2,20,16-20,2,1,0,27.75,0.1000
845,23320959,nearest_global,2,20,16-20,2,1,0,27.75,0.1000
845,23320959,earliest_deadline_global,2,20,16-20,0,1,0,27.75,0.0000
846,671413949,optimized,3,14,11-15,1,1,0,26.25,0.0714
846,671413949,nearest,3,14,11-15,1,1,0,26.25,0.0714
846,671413949,earliest_deadline,3,14,11-15,0,1,0,26.25,0.0000
846,671413949,optimized_global,3,14,11-15,2,1,0,26.25,0.1429
846,671413949,nearest_global,3,14,11-15,2,1,0,26.25,0.1429
846,671413949,earliest_deadline_global,3,14,11-15,0,1,0,26.25,0.0000
847,221869063,optimized,3,6,5-10,0,1,0,26.75,0.0000
847,221869063,nearest,3,6,5-10,0,1,0,26.75,0.0000
847,221869063,earliest_deadline,3,6,5-10,0,1,0,26.75,0.0000
847,221869063,optimized_global,3,6,5-10,0,1,0,26.75,0.0000
847,221869063,nearest_global,3,6,5-10,0,1,0,26.75,0.0000
847,221869063,earliest_deadline_global,3,6,5-10,0,1,0,26.75,0.0000
848,3521790940,optimized,5,5,5-10,5,0,1,40.00,1.0000
848,3521790940,nearest,5,5,5-10,5,0,1,40.25,1.0000
848,3521790940,earliest_deadline,5,5,5-10,5,0,1,49.75,1.0000
848,3521790940,optimized_global,5,5,5-10,5,0,1,36.25,1.0000
848,3521790940,nearest_global,5,5,5-10,5,0,1,64.00,1.0000
848,3521790940,earliest_deadline_global,5,5,5-10,5,0,1,59.75,1.0000
849,2602428820,optimized,4,16,16-20,4,1,0,38.25,0.2500
849,2602428820,nearest,4,16,16-20,4,1,0,38.25,0.2500
849,2602428820,earliest_deadline,4,16,16-20,5,1,0,43.25,0.3125
849,2602428820,optimized_global,4,16,16-20,4,1,0,31.50,0.2500
849,2602428820,nearest_global,4,16,16-20,3,1,0,31.50,0.1875
849,2602428820,earliest_deadline_global,4,16,16-20,3,1,0,41.00,0.1875
850,4209268730,optimized,5,10,5-10,5,1,0,36.50,0.5000
850,4209268730,nearest,5,10,5-10,4,1,0,36.50,0.4000
850,4209268730,earliest_deadline,5,10,5-10,4,1,0,41.00,0.4000
850,4209268730,optimized_global,5,10,5-10,6,1,0,46.25,0.6000
850,4209268730,nearest_global,5,10,5-10,5,1,0,36.50,0.5000
850,4209268730,earliest_deadline_global,5,10,5-10,4,1,0,37.50,0.4000
851,3442338164,optimized,5,10,5-10,0,1,0,24.00,0.0000
851,3442338164,nearest,5,10,5-10,0,1,0,24.00,0.0000
851,3442338164,earliest_deadline,5,10,5-10,0,1,0,24.00,0.0000
851,3442338164,optimized_global,5,10,5-10,0,1,0,24.00,0.0000
851,3442338164,nearest_global,5,10,5-10,0,1,0,24.00,0.0000
851,3442338164,earliest_deadline_global,5,10,5-10,0,1,0,24.00,0.0000
852,4136860557,optimized,2,9,5-10,2,1,0,28.50,0.2222
852,4136860557,nearest,2,9,5-10,2,1,0,28.50,0.2222
852,4136860557,earliest_deadline,2,9,5-10,0,1,0,28.50,0.0000
852,4136860557,optimized_global,2,9,5-10,2,1,0,28.50,0.2222
852,4136860557,nearest_global,2,9,5-10,2,1,0,28.50,0.2222
852,4136860557,earliest_deadline_global,2,9,5-10,0,1,0,28.50,0.0000
853,1024576561,optimized,4,12,11-15,1,1,0,24.75,0.0833
853,1024576561,nearest,4,12,11-15,1,1,0,24.75,0.0833
853,1024576561,earliest_deadline,4,12,11-15,0,1,0,24.75,0.0000
853,1024576561,optimized_global,4,12,11-15,1,1,0,24.75,0.0833
853,1024576561,nearest_global,4,12,11-15,0,1,0,24.75,0.0000
853,1024576561,earliest_deadline_global,4,12,11-15,0,1,0,24.75,0.0000
854,1236089846,optimized,3,5,5-10,0,1,0,23.50,0.0000
854,1236089846,nearest,3,5,5-10,0,1,0,23.50,0.0000
854,1236089846,earliest_deadline,3,5,5-10,0,1,0,23.50,0.0000
854,1236089846,optimized_global,3,5,5-10,0,1,0,23.50,0.0000
854,1236089846,nearest_global,3,5,5-10,0,1,0,23.50,0.0000
854,1236089846,earliest_deadline_global,3,5,5-10,0,1,0,23.50,0.0000
855,3648183200,optimized,5,20,16-20,4,1,0,30.00,0.2000
855,3648183200,nearest,5,20,16-20,4,1,0,30.00,0.2000
855,3648183200,earliest_deadline,5,20,16-20,0,1,0,30.00,0.0000
855,3648183200,optimized_global,5,20,16-20,5,1,0,30.00,0.2500
855,3648183200,nearest_global,5,20,16-20,4,1,0,30.00,0.2000
855,3648183200,earliest_deadline_global,5,20,16-20,0,1,0,30.00,0.0000
856,1051763575,optimized,4,12,11-15,2,1,0,33.50,0.1667
856,1051763575,nearest,4,12,11-15,2,1,0,33.50,0.1667
856,1051763575,earliest_deadline,4,12,11-15,2,1,0,36.25,0.1667
856,1051763575,optimized_global,4,12,11-15,4,1,0,33.50,0.3333
856,1051763575,nearest_global,4,12,11-15,4,1,0,33.50,0.3333
856,1051763575,earliest_deadline_global,4,12,11-15,3,1,0,36.25,0.2500
857,245809310,optimized,2,7,5-10,2,1,0,33.50,0.2857
857,245809310,nearest,2,7,5-10,2,1,0,33.50,0.2857
857,245809310,earliest_deadline,2,7,5-10,0,1,0,33.50,0.0000
857,245809310,optimized_global,2,7,5-10,1,1,0,33.50,0.1429
857,245809310,nearest_global,2,7,5-10,2,1,0,33.50,0.2857
857,245809310,earliest_deadline_global,2,7,5-10,0,1,0,33.50,0.0000
858,2873892009,optimized,4,15,11-15,5,1,0,32.00,0.3333
858,2873892009,nearest,4,15,11-15,5,1,0,32.00,0.3333
858,2873892009,earliest_deadline,4,15,11-15,1,1,0,32.00,0.0667
858,2873892009,optimized_global,4,15,11-15,4,1,0,32.00,0.2667
858,2873892009,nearest_global,4,15,11-15,5,1,0,32.00,0.3333
858,2873892009,earliest_deadline_global,4,15,11-15,1,1,0,32.00,0.0667
859,3440113555,optimized,3,7,5-10,5,1,0,56.25,0.7143
859,3440113555,nearest,3,7,5-10,5,1,0,56.25,0.7143
859,3440113555,earliest_deadline,3,7,5-10,3,1,0,46.00,0.4286
859,3440113555,optimized_global,3,7,5-10,4,1,0,44.00,0.5714
859,3440113555,nearest_global,3,7,5-10,4,1,0,44.00,0.5714
859,3440113555,earliest_deadline_global,3,7,5-10,3,1,0,44.00,0.4286
860,4158371090,optimized,5,11,11-15,5,1,0,41.75,0.4545
860,4158371090,nearest,5,11,11-15,5,1,0,41.75,0.4545
860,4158371090,earliest_deadline,5,11,11-15,4,1,0,41.75,0.3636
860,4158371090,optimized_global,5,11,11-15,6,1,0,41.75,0.5455
860,4158371090,nearest_global,5,11,11-15,6,1,0,41.75,0.5455
860,4158371090,earliest_deadline_global,5,11,11-15,5,1,0,41.75,0.4545
861,3984851028,optimized,3,10,5-10,0,1,0,28.50,0.0000
861,3984851028,nearest,3,10,5-10,0,1,0,28.50,0.0000
861,3984851028,earliest_deadline,3,10,5-10,0,1,0,28.50,0.0000
861,3984851028,optimized_global,3,10,5-10,1,1,0,28.50,0.1000
861,3984851028,nearest_global,3,10,5-10,1,1,0,28.50,0.1000
861,3984851028,earliest_deadline_global,3,10,5-10,0,1,0,28.50,0.0000
862,516386370,optimized,2,17,16-20,1,1,0,28.75,0.0588
862,516386370,nearest,2,17,16-20,1,1,0,28.75,0.0588
862,516386370,earliest_deadline,2,17,16-20,0,1,0,28.75,0.0000
862,516386370,optimized_global,2,17,16-20,1,1,0,28.75,0.0588
862,516386370,nearest_global,2,17,16-20,2,1,0,28.75,0.1176
862,516386370,earliest_deadline_global,2,17,16-20,0,1,0,28.75,0.0000
863,3316180322,optimized,5,17,16-20,4,1,0,28.25,0.2353
863,3316180322,nearest,5,17,16-20,4,1,0,28.25,0.2353
863,3316180322,earliest_deadline,5,17,16-20,2,1,0,28.25,0.1176
863,3316180322,optimized_global,5,17,16-20,3,1,0,28.25,0.1765
863,3316180322,nearest_global,5,17,16-20,3,1,0,28.25,0.1765
863,3316180322,earliest_deadline_global,5,17,16-20,2,1,0,28.25,0.1176
864,3634091692,optimized,3,7,5-10,0,1,0,27.00,0.0000
864,3634091692,nearest,3,7,5-10,0,1,0,27.00,0.0000
864,3634091692,earliest_deadline,3,7,5-10,0,1,0,27.00,0.0000
864,3634091692,optimized_global,3,7,5-10,0,1,0,27.00,0.0000
864,3634091692,nearest_global,3,7,5-10,0,1,0,27.00,0.0000
864,3634091692,earliest_deadline_global,3,7,5-10,0,1,0,27.00,0.0000
865,2998405934,optimized,2,15,11-15,2,1,0,35.75,0.1333
865,2998405934,nearest,2,15,11-15,2,1,0,35.75,0.1333
865,2998405934,earliest_deadline,2,15,11-15,1,1,0,37.50,0.0667
865,2998405934,optimized_global,2,15,11-15,3,1,0,35.75,0.2000
865,2998405934,nearest_global,2,15,11-15,4,1,0,35.75,0.2667
865,2998405934,earliest_deadline_global,2,15,11-15,2,1,0,37.50,0.1333
866,3521012911,optimized,4,18,16-20,0,1,0,25.50,0.0000
866,3521012911,nearest,4,18,16-20,0,1,0,25.50,0.0000
866,3521012911,earliest_deadline,4,18,16-20,0,1,0,25.50,0.0000
866,3521012911,optimized_global,4,18,16-20,2,1,0,25.50,0.1111
866,3521012911,nearest_global,4,18,16-20,2,1,0,25.50,0.1111
866,3521012911,earliest_deadline_global,4,18,16-20,0,1,0,25.50,0.0000
867,3599097632,optimized,2,16,16-20,2,1,0,31.25,0.1250
867,3599097632,nearest,2,16,16-20,2,1,0,31.25,0.1250
867,3599097632,earliest_deadline,2,16,16-20,0,1,0,31.25,0.0000
867,3599097632,optimized_global,2,16,16-20,2,1,0,31.25,0.1250
867,3599097632,nearest_global,2,16,16-20,2,1,0,31.25,0.1250
867,3599097632,earliest_deadline_global,2,16,16-20,0,1,0,31.25,0.0000
868,1917918464,optimized,2,6,5-10,1,1,0,31.00,0.1667
868,1917918464,nearest,2,6,5-10,1,1,0,31.00,0.1667
868,1917918464,earliest_deadline,2,6,5-10,0,1,0,31.00,0.0000
868,1917918464,optimized_global,2,6,5-10,1,1,0,31.00,0.1667
868,1917918464,nearest_global,2,6,5-10,1,1,0,31.00,0.1667
868,1917918464,earliest_deadline_global,2,6,5-10,0,1,0,31.00,0.0000
869,172448517,optimized,3,19,16-20,1,1,0,27.25,0.0526
869,172448517,nearest,3,19,16-20,1,1,0,27.25,0.0526
869,172448517,earliest_deadline,3,19,16-20,0,1,0,27.25,0.0000
869,172448517,optimized_global,3,19,16-20,2,1,0,27.25,0.1053
869,172448517,nearest_global,3,19,16-20,1,1,0,27.25,0.0526
869,172448517,earliest_deadline_global,3,19,16-20,0,1,0,27.25,0.0000
870,1959339861,optimized,3,6,5-10,2,1,0,33.00,0.3333
870,1959339861,nearest,3,6,5-10,2,1,0,33.00,0.3333
870,1959339861,earliest_deadline,3,6,5-10,1,1,0,33.00,0.1667
870,1959339861,optimized_global,3,6,5-10,2,1,0,33.00,0.3333
870,1959339861,nearest_global,3,6,5-10,2,1,0,33.00,0.3333
870,1959339861,earliest_deadline_global,3,6,5-10,2,1,0,33.00,0.3333
871,866647565,optimized,4,5,5-10,1,1,0,31.25,0.2000
871,866647565,nearest,4,5,5-10,1,1,0,31.25,0.2000
871,866647565,earliest_deadline,4,5,5-10,0,1,0,31.25,0.0000
871,866647565,optimized_global,4,5,5-10,3,1,0,31.25,0.6000
871,866647565,nearest_global,4,5,5-10,1,1,0,31.25,0.2000
871,866647565,earliest_deadline_global,4,5,5-10,0,1,0,31.25,0.0000
872,488464106,optimized,4,9,5-10,3,1,0,29.75,0.3333
872,488464106,nearest,4,9,5-10,3,1,0,29.75,0.3333
872,488464106,earliest_deadline,4,9,5-10,2,1,0,29.75,0.2222
872,488464106,optimized_global,4,9,5-10,3,1,0,29.75,0.3333
872,488464106,nearest_global,4,9,5-10,4,1,0,29.75,0.4444
872,488464106,earliest_deadline_global,4,9,5-10,3,1,0,34.00,0.3333
873,536543116,optimized,4,5,5-10,0,1,0,25.00,0.0000
873,536543116,nearest,4,5,5-10,0,1,0,25.00,0.0000
873,536543116,earliest_deadline,4,5,5-10,0,1,0,25.00,0.0000
873,536543116,optimized_global,4,5,5-10,0,1,0,25.00,0.0000
873,536543116,nearest_global,4,5,5-10,0,1,0,25.00,0.0000
873,536543116,earliest_deadline_global,4,5,5-10,0,1,0,25.00,0.0000
874,2995198447,optimized,2,9,5-10,1,1,0,24.75,0.1111
874,2995198447,nearest,2,9,5-10,1,1,0,24.75,0.1111
874,2995198447,earliest_deadline,2,9,5-10,0,1,0,24.75,0.0000
874,2995198447,optimized_global,2,9,5-10,1,1,0,24.75,0.1111
874,2995198447,nearest_global,2,9,5-10,0,1,0,24.75,0.0000
874,2995198447,earliest_deadline_global,2,9,5-10,0,1,0,24.75,0.0000
875,2166944101,optimized,5,10,5-10,1,1,0,29.25,0.1000
875,2166944101,nearest,5,10,5-10,1,1,0,29.25,0.1000
875,2166944101,earliest_deadline,5,10,5-10,0,1,0,29.25,0.0000
875,2166944101,optimized_global,5,10,5-10,3,1,0,29.25,0.3000
875,2166944101,nearest_global,5,10,5-10,2,1,0,29.25,0.2000
875,2166944101,earliest_deadline_global,5,10,5-10,3,1,0,37.25,0.3000
876,2318589548,optimized,5,5,5-10,5,0,1,37.00,1.0000
876,2318589548,nearest,5,5,5-10,5,0,1,37.00,1.0000
876,2318589548,earliest_deadline,5,5,5-10,4,1,0,48.00,0.8000
876,2318589548,optimized_global,5,5,5-10,5,0,1,37.00,1.0000
876,2318589548,nearest_global,5,5,5-10,4,1,0,48.75,0.8000
876,2318589548,earliest_deadline_global,5,5,5-10,5,0,1,37.00,1.0000
877,3200558639,optimized,2,10,5-10,0,1,0,28.50,0.0000
877,3200558639,nearest,2,10,5-10,0,1,0,28.50,0.0000
877,3200558639,earliest_deadline,2,10,5-10,0,1,0,28.50,0.0000
877,3200558639,optimized_global,2,10,5-10,0,1,0,28.50,0.0000
877,3200558639,nearest_global,2,10,5-10,0,1,0,28.50,0.0000
877,3200558639,earliest_deadline_global,2,10,5-10,0,1,0,28.50,0.0000
878,2354792152,optimized,2,9,5-10,2,1,0,28.50,0.2222
878,2354792152,nearest,2,9,5-10,2,1,0,28.50,0.2222
878,2354792152,earliest_deadline,2,9,5-10,1,1,0,28.50,0.1111
878,2354792152,optimized_global,2,9,5-10,2,1,0,28.50,0.2222
878,2354792152,nearest_global,2,9,5-10,2,1,0,28.50,0.2222
878,2354792152,earliest_deadline_global,2,9,5-10,0,1,0,28.50,0.0000
879,2705880267,optimized,4,17,16-20,1,1,0,25.00,0.0588
879,2705880267,nearest,4,17,16-20,1,1,0,25.00,0.0588
879,2705880267,earliest_deadline,4,17,16-20,0,1,0,25.00,0.0000
879,2705880267,optimized_global,4,17,16-20,2,1,0,25.00,0.1176
879,2705880267,nearest_global,4,17,16-20,1,1,0,25.00,0.0588
879,2705880267,earliest_deadline_global,4,17,16-20,0,1,0,25.00,0.0000
880,369472311,optimized,4,14,11-15,1,1,0,26.75,0.0714
880,369472311,nearest,4,14,11-15,1,1,0,26.75,0.0714
880,369472311,earliest_deadline,4,14,11-15,0,1,0,26.75,0.0000
880,369472311,optimized_global,4,14,11-15,0,1,0,26.75,0.0000
880,369472311,nearest_global,4,14,11-15,1,1,0,26.75,0.0714
880,369472311,earliest_deadline_global,4,14,11-15,0,1,0,26.75,0.0000
881,3655580237,optimized,3,11,11-15,1,1,0,28.00,0.0909
881,3655580237,nearest,3,11,11-15,1,1,0,28.00,0.0909
881,3655580237,earliest_deadline,3,11,11-15,0,1,0,28.00,0.0000
881,3655580237,optimized_global,3,11,11-15,1,1,0,28.00,0.0909
881,3655580237,nearest_global,3,11,11-15,1,1,0,28.00,0.0909
881,3655580237,earliest_deadline_global,3,11,11-15,0,1,0,28.00,0.0000
882,1927498723,optimized,4,7,5-10,5,1,0,32.50,0.7143
882,1927498723,nearest,4,7,5-10,5,1,0,32.50,0.7143
882,1927498723,earliest_deadline,4,7,5-10,3,1,0,32.50,0.4286
882,1927498723,optimized_global,4,7,5-10,4,1,0,31.00,0.5714
882,1927498723,nearest_global,4,7,5-10,4,1,0,31.00,0.5714
882,1927498723,earliest_deadline_global,4,7,5-10,4,1,0,37.75,0.5714
883,666634725,optimized,2,9,5-10,1,1,0,27.25,0.1111
883,666634725,nearest,2,9,5-10,1,1,0,27.25,0.1111
883,666634725,earliest_deadline,2,9,5-10,0,1,0,27.25,0.0000
883,666634725,optimized_global,2,9,5-10,1,1,0,27.25,0.1111
883,666634725,nearest_global,2,9,5-10,1,1,0,27.25,0.1111
883,666634725,earliest_deadline_global,2,9,5-10,0,1,0,27.25,0.0000
884,3493219221,optimized,4,18,16-20,2,1,0,26.00,0.1111
884,3493219221,nearest,4,18,16-20,2,1,0,26.00,0.1111
884,3493219221,earliest_deadline,4,18,16-20,1,1,0,26.00,0.0556
884,3493219221,optimized_global,4,18,16-20,3,1,0,26.00,0.1667
884,3493219221,nearest_global,4,18,16-20,3,1,0,26.00,0.1667
884,3493219221,earliest_deadline_global,4,18,16-20,0,1,0,26.00,0.0000
885,3155173563,optimized,5,8,5-10,2,1,0,28.25,0.2500
885,3155173563,nearest,5,8,5-10,2,1,0,28.25,0.2500
885,3155173563,earliest_deadline,5,8,5-10,0,1,0,28.25,0.0000
885,3155173563,optimized_global,5,8,5-10,2,1,0,28.25,0.2500
885,3155173563,nearest_global,5,8,5-10,3,1,0,28.25,0.3750
885,3155173563,earliest_deadline_global,5,8,5-10,2,1,0,28.25,0.2500
886,227744653,optimized,5,18,16-20,0,1,0,26.00,0.0000
886,227744653,nearest,5,18,16-20,0,1,0,26.00,0.0000
886,227744653,earliest_deadline,5,18,16-20,0,1,0,26.00,0.0000
886,227744653,optimized_global,5,18,16-20,2,1,0,26.00,0.1111
886,227744653,nearest_global,5,18,16-20,1,1,0,26.00,0.0556
886,227744653,earliest_deadline_global,5,18,16-20,0,1,0,26.00,0.0000
887,829106889,optimized,4,6,5-10,2,1,0,35.75,0.3333
887,829106889,nearest,4,6,5-10,2,1,0,35.75,0.3333
887,829106889,earliest_deadline,4,6,5-10,1,1,0,35.75,0.1667
887,829106889,optimized_global,4,6,5-10,4,1,0,35.75,0.6667
887,829106889,nearest_global,4,6,5-10,2,1,0,35.75,0.3333
887,829106889,earliest_deadline_global,4,6,5-10,2,1,0,35.75,0.3333
888,67643340,optimized,5,8,5-10,3,1,0,33.00,0.3750
888,67643340,nearest,5,8,5-10,3,1,0,33.00,0.3750
888,67643340,earliest_deadline,5,8,5-10,0,1,0,33.00,0.0000
888,67643340,optimized_global,5,8,5-10,5,1,0,33.00,0.6250
888,67643340,nearest_global,5,8,5-10,5,1,0,33.00,0.6250
888,67643340,earliest_deadline_global,5,8,5-10,2,1,0,33.00,0.2500
889,1162899981,optimized,5,19,16-20,4,1,0,29.25,0.2105
889,1162899981,nearest,5,19,16-20,4,1,0,29.25,0.2105
889,1162899981,earliest_deadline,5,19,16-20,0,1,0,29.25,0.0000
889,1162899981,optimized_global,5,19,16-20,3,1,0,29.25,0.1579
889,1162899981,nearest_global,5,19,16-20,4,1,0,29.25,0.2105
889,1162899981,earliest_deadline_global,5,19,16-20,0,1,0,29.25,0.0000
890,429412427,optimized,4,5,5-10,1,1,0,27.00,0.2000
890,429412427,nearest,4,5,5-10,1,1,0,27.00,0.2000
890,429412427,earliest_deadline,4,5,5-10,0,1,0,27.00,0.0000
890,429412427,optimized_global,4,5,5-10,0,1,0,27.00,0.0000
890,429412427,nearest_global,4,5,5-10,2,1,0,27.00,0.4000
890,429412427,earliest_deadline_global,4,5,5-10,0,1,0,27.00,0.0000
891,3049017457,optimized,3,14,11-15,1,1,0,26.75,0.0714
891,3049017457,nearest,3,14,11-15,1,1,0,26.75,0.0714
891,3049017457,earliest_deadline,3,14,11-15,0,1,0,26.75,0.0000
891,3049017457,optimized_global,3,14,11-15,1,1,0,26.75,0.0714
891,3049017457,nearest_global,3,14,11-15,1,1,0,26.75,0.0714
891,3049017457,earliest_deadline_global,3,14,11-15,0,1,0,26.75,0.0000
892,2244348609,optimized,4,10,5-10,1,1,0,28.00,0.1000
892,2244348609,nearest,4,10,5-10,1,1,0,28.00,0.1000
892,2244348609,earliest_deadline,4,10,5-10,0,1,0,28.00,0.0000
892,2244348609,optimized_global,4,10,5-10,2,1,0,28.00,0.2000
892,2244348609,nearest_global,4,10,5-10,1,1,0,28.00,0.1000
892,2244348609,earliest_deadline_global,4,10,5-10,0,1,0,28.00,0.0000
893,4209947493,optimized,5,13,11-15,5,1,0,34.50,0.3846
893,4209947493,nearest,5,13,11-15,5,1,0,34.50,0.3846
893,4209947493,earliest_deadline,5,13,11-15,5,1,0,37.00,0.3846
893,4209947493,optimized_global,5,13,11-15,6,1,0,33.25,0.4615
893,4209947493,nearest_global,5,13,11-15,5,1,0,33.25,0.3846
893,4209947493,earliest_deadline_global,5,13,11-15,2,1,0,37.00,0.1538
894,3218751873,optimized,5,14,11-15,0,1,0,24.75,0.0000
894,3218751873,nearest,5,14,11-15,0,1,0,24.75,0.0000
894,3218751873,earliest_deadline,5,14,11-15,0,1,0,24.75,0.0000
894,3218751873,optimized_global,5,14,11-15,2,1,0,24.75,0.1429
894,3218751873,nearest_global,5,14,11-15,1,1,0,24.75,0.0714
894,3218751873,earliest_deadline_global,5,14,11-15,0,1,0,24.75,0.0000
895,2626559786,optimized,2,8,5-10,1,1,0,32.25,0.1250
895,2626559786,nearest,2,8,5-10,1,1,0,32.25,0.1250
895,2626559786,earliest_deadline,2,8,5-10,0,1,0,32.25,0.0000
895,2626559786,optimized_global,2,8,5-10,1,1,0,32.25,0.1250
895,2626559786,nearest_global,2,8,5-10,1,1,0,32.25,0.1250
895,2626559786,earliest_deadline_global,2,8,5-10,0,1,0,32.25,0.0000
896,2187484199,optimized,2,16,16-20,2,1,0,29.00,0.1250
896,2187484199,nearest,2,16,16-20,2,1,0,29.00,0.1250
896,2187484199,earliest_deadline,2,16,16-20,0,1,0,29.00,0.0000
896,2187484199,optimized_global,2,16,16-20,2,1,0,29.00,0.1250
896,2187484199,nearest_global,2,16,16-20,2,1,0,29.00,0.1250
896,2187484199,earliest_deadline_global,2,16,16-20,0,1,0,29.00,0.0000
897,234077069,optimized,3,20,16-20,3,1,0,29.50,0.1500
897,234077069,nearest,3,20,16-20,3,1,0,29.50,0.1500
897,234077069,earliest_deadline,3,20,16-20,0,1,0,29.50,0.0000
897,234077069,optimized_global,3,20,16-20,3,1,0,29.50,0.1500
897,234077069,nearest_global,3,20,16-20,3,1,0,29.50,0.1500
897,234077069,earliest_deadline_global,3,20,16-20,0,1,0,29.50,0.0000
898,301512002,optimized,5,18,16-20,1,1,0,24.25,0.0556
898,301512002,nearest,5,18,16-20,1,1,0,24.25,0.0556
898,301512002,earliest_deadline,5,18,16-20,0,1,0,24.25,0.0000
898,301512002,optimized_global,5,18,16-20,1,1,0,24.25,0.0556
898,301512002,nearest_global,5,18,16-20,1,1,0,24.25,0.0556
898,301512002,earliest_deadline_global,5,18,16-20,0,1,0,24.25,0.0000
899,2647026869,optimized,2,6,5-10,2,1,0,33.75,0.3333
899,2647026869,nearest,2,6,5-10,2,1,0,33.75,0.3333
899,2647026869,earliest_deadline,2,6,5-10,0,1,0,33.75,0.0000
899,2647026869,optimized_global,2,6,5-10,2,1,0,33.75,0.3333
899,2647026869,nearest_global,2,6,5-10,1,1,0,33.75,0.1667
899,2647026869,earliest_deadline_global,2,6,5-10,0,1,0,33.75,0.0000
900,18808427,optimized,3,20,16-20,2,1,0,26.00,0.1000
900,18808427,nearest,3,20,16-20,1,1,0,26.00,0.0500
900,18808427,earliest_deadline,3,20,16-20,0,1,0,26.00,0.0000
900,18808427,optimized_global,3,20,16-20,2,1,0,26.00,0.1000
900,18808427,nearest_global,3,20,16-20,2,1,0,26.00,0.1000
900,18808427,earliest_deadline_global,3,20,16-20,0,1,0,26.00,0.0000
901,181894233,optimized,2,15,11-15,2,1,0,31.75,0.1333
901,181894233,nearest,2,15,11-15,1,1,0,31.75,0.0667
901,181894233,earliest_deadline,2,15,11-15,1,1,0,31.75,0.0667
901,181894233,optimized_global,2,15,11-15,2,1,0,31.75,0.1333
901,181894233,nearest_global,2,15,11-15,2,1,0,31.75,0.1333
901,181894233,earliest_deadline_global,2,15,11-15,0,1,0,31.75,0.0000
902,941180835,optimized,2,7,5-10,1,1,0,31.25,0.1429
902,941180835,nearest,2,7,5-10,1,1,0,31.25,0.1429
902,941180835,earliest_deadline,2,7,5-10,0,1,0,31.25,0.0000
902,941180835,optimized_global,2,7,5-10,2,1,0,31.25,0.2857
902,941180835,nearest_global,2,7,5-10,1,1,0,31.25,0.1429
902,941180835,earliest_deadline_global,2,7,5-10,1,1,0,31.25,0.1429
903,3797376914,optimized,5,16,16-20,1,1,0,25.75,0.0625
903,3797376914,nearest,5,16,16-20,1,1,0,25.75,0.0625
903,3797376914,earliest_deadline,5,16,16-20,0,1,0,25.75,0.0000
903,3797376914,optimized_global,5,16,16-20,2,1,0,25.75,0.1250
903,3797376914,nearest_global,5,16,16-20,1,1,0,25.75,0.0625
903,3797376914,earliest_deadline_global,5,16,16-20,0,1,0,25.75,0.0000
904,1971089903,optimized,4,5,5-10,2,1,0,36.00,0.4000
904,1971089903,nearest,4,5,5-10,2,1,0,36.00,0.4000
904,1971089903,earliest_deadline,4,5,5-10,2,1,0,36.75,0.4000
904,1971089903,optimized_global,4,5,5-10,2,1,0,36.00,0.4000
904,1971089903,nearest_global,4,5,5-10,3,1,0,36.00,0.6000
904,1971089903,earliest_deadline_global,4,5,5-10,2,1,0,36.75,0.4000
905,3047615527,optimized,5,10,5-10,2,1,0,28.50,0.2000
905,3047615527,nearest,5,10,5-10,2,1,0,28.50,0.2000
905,3047615527,earliest_deadline,5,10,5-10,1,1,0,28.50,0.1000
905,3047615527,optimized_global,5,10,5-10,1,1,0,28.50,0.1000
905,3047615527,nearest_global,5,10,5-10,3,1,0,28.50,0.3000
905,3047615527,earliest_deadline_global,5,10,5-10,0,1,0,28.50,0.0000
906,1767646432,optimized,3,15,11-15,1,1,0,29.00,0.0667
906,1767646432,nearest,3,15,11-15,2,1,0,29.00,0.1333
906,1767646432,earliest_deadline,3,15,11-15,0,1,0,29.00,0.0000
906,1767646432,optimized_global,3,15,11-15,2,1,0,29.00,0.1333
906,1767646432,nearest_global,3,15,11-15,3,1,0,29.00,0.2000
906,1767646432,earliest_deadline_global,3,15,11-15,0,1,0,29.00,0.0000
907,743578437,optimized,2,7,5-10,2,1,0,34.25,0.2857
907,743578437,nearest,2,7,5-10,2,1,0,34.25,0.2857
907,743578437,earliest_deadline,2,7,5-10,1,1,0,34.25,0.1429
907,743578437,optimized_global,2,7,5-10,2,1,0,34.25,0.2857
907,743578437,nearest_global,2,7,5-10,2,1,0,34.25,0.2857
907,743578437,earliest_deadline_global,2,7,5-10,1,1,0,34.25,0.1429
908,1594105119,optimized,3,15,11-15,1,1,0,27.25,0.0667
908,1594105119,nearest,3,15,11-15,1,1,0,27.25,0.0667
908,1594105119,earliest_deadline,3,15,11-15,0,1,0,27.25,0.0000
908,1594105119,optimized_global,3,15,11-15,2,1,0,27.25,0.1333
908,1594105119,nearest_global,3,15,11-15,3,1,0,27.25,0.2000
908,1594105119,earliest_deadline_global,3,15,11-15,0,1,0,27.25,0.0000
909,393938719,optimized,4,16,16-20,0,1,0,24.25,0.0000
909,393938719,nearest,4,16,16-20,0,1,0,24.25,0.0000
909,393938719,earliest_deadline,4,16,16-20,0,1,0,24.25,0.0000
909,393938719,optimized_global,4,16,16-20,1,1,0,24.25,0.0625
909,393938719,nearest_global,4,16,16-20,1,1,0,24.25,0.0625
909,393938719,earliest_deadline_global,4,16,16-20,0,1,0,24.25,0.0000
910,3308212037,optimized,2,17,16-20,2,1,0,28.75,0.1176
910,3308212037,nearest,2,17,16-20,2,1,0,28.75,0.1176
910,3308212037,earliest_deadline,2,17,16-20,0,1,0,28.75,0.0000
910,3308212037,optimized_global,2,17,16-20,2,1,0,28.75,0.1176
910,3308212037,nearest_global,2,17,16-20,2,1,0,28.75,0.1176
910,3308212037,earliest_deadline_global,2,17,16-20,0,1,0,28.75,0.0000
911,788269214,optimized,2,7,5-10,1,1,0,35.75,0.1429
911,788269214,nearest,2,7,5-10,1,1,0,35.75,0.1429
911,788269214,earliest_deadline,2,7,5-10,2,1,0,48.00,0.2857
911,788269214,optimized_global,2,7,5-10,2,1,0,35.75,0.2857
911,788269214,nearest_global,2,7,5-10,2,1,0,35.75,0.2857
911,788269214,earliest_deadline_global,2,7,5-10,2,1,0,48.00,0.2857
912,1616526168,optimized,5,7,5-10,5,1,0,40.00,0.7143
912,1616526168,nearest,5,7,5-10,5,1,0,40.00,0.7143
912,1616526168,earliest_deadline,5,7,5-10,7,0,1,54.75,1.0000
912,1616526168,optimized_global,5,7,5-10,6,1,0,40.75,0.8571
912,1616526168,nearest_global,5,7,5-10,6,1,0,53.75,0.8571
912,1616526168,earliest_deadline_global,5,7,5-10,2,1,0,40.00,0.2857
913,4209184684,optimized,3,9,5-10,2,1,0,35.00,0.2222
913,4209184684,nearest,3,9,5-10,2,1,0,35.00,0.2222
913,4209184684,earliest_deadline,3,9,5-10,2,1,0,41.25,0.2222
913,4209184684,optimized_global,3,9,5-10,3,1,0,35.00,0.3333
913,4209184684,nearest_global,3,9,5-10,3,1,0,35.00,0.3333
913,4209184684,earliest_deadline_global,3,9,5-10,3,1,0,44.50,0.3333
914,2542462768,optimized,2,9,5-10,3,1,0,33.25,0.3333
914,2542462768,nearest,2,9,5-10,2,1,0,33.25,0.2222
914,2542462768,earliest_deadline,2,9,5-10,0,1,0,33.25,0.0000
914,2542462768,optimized_global,2,9,5-10,1,1,0,33.25,0.1111
914,2542462768,nearest_global,2,9,5-10,2,1,0,33.25,0.2222
914,2542462768,earliest_deadline_global,2,9,5-10,0,1,0,33.25,0.0000
915,1969502961,optimized,4,5,5-10,4,1,0,38.50,0.8000
915,1969502961,nearest,4,5,5-10,4,1,0,38.50,0.8000
915,1969502961,earliest_deadline,4,5,5-10,5,0,1,37.25,1.0000
915,1969502961,optimized_global,4,5,5-10,2,1,0,34.75,0.4000
915,1969502961,nearest_global,4,5,5-10,2,1,0,34.75,0.4000
915,1969502961,earliest_deadline_global,4,5,5-10,4,1,0,55.25,0.8000
916,2332222084,optimized,3,17,16-20,2,1,0,26.25,0.1176
916,2332222084,nearest,3,17,16-20,2,1,0,26.25,0.1176
916,2332222084,earliest_deadline,3,17,16-20,0,1,0,26.25,0.0000
916,2332222084,optimized_global,3,17,16-20,2,1,0,26.25,0.1176
916,2332222084,nearest_global,3,17,16-20,2,1,0,26.25,0.1176
916,2332222084,earliest_deadline_global,3,17,16-20,0,1,0,26.25,0.0000
917,3367602029,optimized,5,11,11-15,1,1,0,28.00,0.0909
917,3367602029,nearest,5,11,11-15,1,1,0,28.00,0.0909
917,3367602029,earliest_deadline,5,11,11-15,0,1,0,28.00,0.0000
917,3367602029,optimized_global,5,11,11-15,2,1,0,28.00,0.1818
917,3367602029,nearest_global,5,11,11-15,1,1,0,28.00,0.0909
917,3367602029,earliest_deadline_global,5,11,11-15,0,1,0,28.00,0.0000
918,1092990916,optimized,2,14,11-15,1,1,0,25.00,0.0714
918,1092990916,nearest,2,14,11-15,1,1,0,25.00,0.0714
918,1092990916,earliest_deadline,2,14,11-15,0,1,0,25.00,0.0000
918,1092990916,optimized_global,2,14,11-15,1,1,0,25.00,0.0714
918,1092990916,nearest_global,2,14,11-15,1,1,0,25.00,0.0714
918,1092990916,earliest_deadline_global,2,14,11-15,0,1,0,25.00,0.0000
919,2733353015,optimized,4,16,16-20,1,1,0,24.50,0.0625
919,2733353015,nearest,4,16,16-20,1,1,0,24.50,0.0625
919,2733353015,earliest_deadline,4,16,16-20,0,1,0,24.50,0.0000
919,2733353015,optimized_global,4,16,16-20,2,1,0,24.50,0.1250
919,2733353015,nearest_global,4,16,16-20,1,1,0,24.50,0.0625
919,2733353015,earliest_deadline_global,4,16,16-20,0,1,0,24.50,0.0000
920,3748181515,optimized,2,6,5-10,0,1,0,25.50,0.0000
920,3748181515,nearest,2,6,5-10,0,1,0,25.50,0.0000
920,3748181515,earliest_deadline,2,6,5-10,0,1,0,25.50,0.0000
920,3748181515,optimized_global,2,6,5-10,0,1,0,25.50,0.0000
920,3748181515,nearest_global,2,6,5-10,0,1,0,25.50,0.0000
920,3748181515,earliest_deadline_global,2,6,5-10,0,1,0,25.50,0.0000
921,2458495757,optimized,2,20,16-20,0,1,0,24.00,0.0000
921,2458495757,nearest,2,20,16-20,0,1,0,24.00,0.0000
921,2458495757,earliest_deadline,2,20,16-20,0,1,0,24.00,0.0000
921,2458495757,optimized_global,2,20,16-20,0,1,0,24.00,0.0000
921,2458495757,nearest_global,2,20,16-20,0,1,0,24.00,0.0000
921,2458495757,earliest_deadline_global,2,20,16-20,0,1,0,24.00,0.0000
922,1917874900,optimized,2,5,5-10,0,1,0,25.25,0.0000
922,1917874900,nearest,2,5,5-10,0,1,0,25.25,0.0000
922,1917874900,earliest_deadline,2,5,5-10,0,1,0,25.25,0.0000
922,1917874900,optimized_global,2,5,5-10,0,1,0,25.25,0.0000
922,1917874900,nearest_global,2,5,5-10,0,1,0,25.25,0.0000
922,1917874900,earliest_deadline_global,2,5,5-10,0,1,0,25.25,0.0000
923,623329696,optimized,5,12,11-15,0,1,0,25.00,0.0000
923,623329696,nearest,5,12,11-15,0,1,0,25.00,0.0000
923,623329696,earliest_deadline,5,12,11-15,0,1,0,25.00,0.0000
923,623329696,optimized_global,5,12,11-15,1,1,0,25.00,0.0833
923,623329696,nearest_global,5,12,11-15,0,1,0,25.00,0.0000
923,623329696,earliest_deadline_global,5,12,11-15,0,1,0,25.00,0.0000
924,1066395354,optimized,2,18,16-20,2,1,0,28.00,0.1111
924,1066395354,nearest,2,18,16-20,2,1,0,28.00,0.1111
924,1066395354,earliest_deadline,2,18,16-20,0,1,0,28.00,0.0000
924,1066395354,optimized_global,2,18,16-20,2,1,0,28.00,0.1111
924,1066395354,nearest_global,2,18,16-20,1,1,0,28.00,0.0556
924,1066395354,earliest_deadline_global,2,18,16-20,0,1,0,28.00,0.0000
925,4063144088,optimized,5,6,5-10,4,1,0,41.75,0.6667
925,4063144088,nearest,5,6,5-10,4,1,0,41.75,0.6667
925,4063144088,earliest_deadline,5,6,5-10,3,1,0,40.50,0.5000
925,4063144088,optimized_global,5,6,5-10,5,1,0,40.50,0.8333
925,4063144088,nearest_global,5,6,5-10,4,1,0,37.50,0.6667
925,4063144088,earliest_deadline_global,5,6,5-10,3,1,0,39.25,0.5000
926,2324693792,optimized,3,15,11-15,0,1,0,24.25,0.0000
926,2324693792,nearest,3,15,11-15,0,1,0,24.25,0.0000
926,2324693792,earliest_deadline,3,15,11-15,0,1,0,24.25,0.0000
926,2324693792,optimized_global,3,15,11-15,0,1,0,24.25,0.0000
926,2324693792,nearest_global,3,15,11-15,0,1,0,24.25,0.0000
926,2324693792,earliest_deadline_global,3,15,11-15,0,1,0,24.25,0.0000
927,1294256750,optimized,4,12,11-15,1,1,0,24.25,0.0833
927,1294256750,nearest,4,12,11-15,1,1,0,24.25,0.0833
927,1294256750,earliest_deadline,4,12,11-15,0,1,0,24.25,0.0000
927,1294256750,optimized_global,4,12,11-15,1,1,0,24.25,0.0833
927,1294256750,nearest_global,4,12,11-15,1,1,0,24.25,0.0833
927,1294256750,earliest_deadline_global,4,12,11-15,0,1,0,24.25,0.0000
928,1796878301,optimized,5,20,16-20,1,1,0,26.50,0.0500
928,1796878301,nearest,5,20,16-20,1,1,0,26.50,0.0500
928,1796878301,earliest_deadline,5,20,16-20,0,1,0,26.50,0.0000
928,1796878301,optimized_global,5,20,16-20,2,1,0,26.50,0.1000
928,1796878301,nearest_global,5,20,16-20,1,1,0,26.50,0.0500
928,1796878301,earliest_deadline_global,5,20,16-20,0,1,0,26.50,0.0000
929,2482565037,optimized,2,9,5-10,2,1,0,30.00,0.2222
929,2482565037,nearest,2,9,5-10,2,1,0,30.00,0.2222
929,2482565037,earliest_deadline,2,9,5-10,0,1,0,30.00,0.0000
929,2482565037,optimized_global,2,9,5-10,2,1,0,30.00,0.2222
929,2482565037,nearest_global,2,9,5-10,1,1,0,30.00,0.1111
929,2482565037,earliest_deadline_global,2,9,5-10,1,1,0,30.00,0.1111
930,2308747426,optimized,4,9,5-10,4,1,0,35.75,0.4444
930,2308747426,nearest,4,9,5-10,4,1,0,35.75,0.4444
930,2308747426,earliest_deadline,4,9,5-10,3,1,0,35.75,0.3333
930,2308747426,optimized_global,4,9,5-10,6,1,0,39.00,0.6667
930,2308747426,nearest_global,4,9,5-10,6,1,0,36.50,0.6667
930,2308747426,earliest_deadline_global,4,9,5-10,2,1,0,35.75,0.2222
931,3005514795,optimized,5,10,5-10,5,1,0,42.25,0.5000
931,3005514795,nearest,5,10,5-10,5,1,0,42.25,0.5000
931,3005514795,earliest_deadline,5,10,5-10,5,1,0,43.25,0.5000
931,3005514795,optimized_global,5,10,5-10,5,1,0,42.25,0.5000
931,3005514795,nearest_global,5,10,5-10,4,1,0,34.00,0.4000
931,3005514795,earliest_deadline_global,5,10,5-10,5,1,0,42.25,0.5000
932,1105922456,optimized,2,5,5-10,0,1,0,32.25,0.0000
932,1105922456,nearest,2,5,5-10,0,1,0,32.25,0.0000
932,1105922456,earliest_deadline,2,5,5-10,0,1,0,32.25,0.0000
932,1105922456,optimized_global,2,5,5-10,1,1,0,32.25,0.2000
932,1105922456,nearest_global,2,5,5-10,1,1,0,32.25,0.2000
932,1105922456,earliest_deadline_global,2,5,5-10,0,1,0,32.25,0.0000
933,2788435168,optimized,3,8,5-10,2,1,0,28.75,0.2500
933,2788435168,nearest,3,8,5-10,2,1,0,28.75,0.2500
933,2788435168,earliest_deadline,3,8,5-10,0,1,0,28.75,0.0000
933,2788435168,optimized_global,3,8,5-10,2,1,0,28.75,0.2500
933,2788435168,nearest_global,3,8,5-10,2,1,0,28.75,0.2500
933,2788435168,earliest_deadline_global,3,8,5-10,0,1,0,28.75,0.0000
934,1901284041,optimized,2,14,11-15,0,1,0,27.50,0.0000
934,1901284041,nearest,2,14,11-15,0,1,0,27.50,0.0000
934,1901284041,earliest_deadline,2,14,11-15,0,1,0,27.50,0.0000
934,1901284041,optimized_global,2,14,11-15,0,1,0,27.50,0.0000
934,1901284041,nearest_global,2,14,11-15,0,1,0,27.50,0.0000
934,1901284041,earliest_deadline_global,2,14,11-15,0,1,0,27.50,0.0000
935,4039822227,optimized,3,15,11-15,4,1,0,29.75,0.2667
935,4039822227,nearest,3,15,11-15,4,1,0,29.75,0.2667
935,4039822227,earliest_deadline,3,15,11-15,1,1,0,29.75,0.0667
935,4039822227,optimized_global,3,15,11-15,3,1,0,29.75,0.2000
935,4039822227,nearest_global,3,15,11-15,2,1,0,29.75,0.1333
935,4039822227,earliest_deadline_global,3,15,11-15,0,1,0,29.75,0.0000
936,678273217,optimized,3,13,11-15,2,1,0,28.00,0.1538
936,678273217,nearest,3,13,11-15,2,1,0,28.00,0.1538
936,678273217,earliest_deadline,3,13,11-15,1,1,0,28.00,0.0769
936,678273217,optimized_global,3,13,11-15,3,1,0,28.00,0.2308
936,678273217,nearest_global,3,13,11-15,2,1,0,28.00,0.1538
936,678273217,earliest_deadline_global,3,13,11-15,1,1,0,28.00,0.0769
937,637540606,optimized,2,10,5-10,1,1,0,25.25,0.1000
937,637540606,nearest,2,10,5-10,1,1,0,25.25,0.1000
937,637540606,earliest_deadline,2,10,5-10,0,1,0,25.25,0.0000
937,637540606,optimized_global,2,10,5-10,2,1,0,25.25,0.2000
937,637540606,nearest_global,2,10,5-10,1,1,0,25.25,0.1000
937,637540606,earliest_deadline_global,2,10,5-10,0,1,0,25.25,0.0000
938,1982807992,optimized,4,12,11-15,2,1,0,31.25,0.1667
938,1982807992,nearest,4,12,11-15,2,1,0,31.25,0.1667
938,1982807992,earliest_deadline,4,12,11-15,2,1,0,31.25,0.1667
938,1982807992,optimized_global,4,12,11-15,3,1,0,33.25,0.2500
938,1982807992,nearest_global,4,12,11-15,2,1,0,33.25,0.1667
938,1982807992,earliest_deadline_global,4,12,11-15,2,1,0,31.25,0.1667
939,2183358385,optimized,3,16,16-20,2,1,0,26.50,0.1250
939,2183358385,nearest,3,16,16-20,2,1,0,26.50,0.1250
939,2183358385,earliest_deadline,3,16,16-20,1,1,0,26.50,0.0625
939,2183358385,optimized_global,3,16,16-20,2,1,0,26.50,0.1250
939,2183358385,nearest_global,3,16,16-20,2,1,0,26.50,0.1250
939,2183358385,earliest_deadline_global,3,16,16-20,0,1,0,26.50,0.0000
940,2967286394,optimized,5,13,11-15,2,1,0,30.75,0.1538
940,2967286394,nearest,5,13,11-15,1,1,0,30.75,0.0769
940,2967286394,earliest_deadline,5,13,11-15,1,1,0,30.75,0.0769
940,2967286394,optimized_global,5,13,11-15,3,1,0,30.75,0.2308
940,2967286394,nearest_global,5,13,11-15,4,1,0,30.75,0.3077
940,2967286394,earliest_deadline_global,5,13,11-15,1,1,0,30.75,0.0769
941,1735314493,optimized,2,9,5-10,1,1,0,34.75,0.1111
941,1735314493,nearest,2,9,5-10,1,1,0,34.75,0.1111
941,1735314493,earliest_deadline,2,9,5-10,1,1,0,36.50,0.1111
941,1735314493,optimized_global,2,9,5-10,2,1,0,34.75,0.2222
941,1735314493,nearest_global,2,9,5-10,2,1,0,34.75,0.2222
941,1735314493,earliest_deadline_global,2,9,5-10,2,1,0,36.50,0.2222
942,3924379875,optimized,2,13,11-15,0,1,0,26.50,0.0000
942,3924379875,nearest,2,13,11-15,0,1,0,26.50,0.0000
942,3924379875,earliest_deadline,2,13,11-15,0,1,0,26.50,0.0000
942,3924379875,optimized_global,2,13,11-15,1,1,0,26.50,0.0769
942,3924379875,nearest_global,2,13,11-15,1,1,0,26.50,0.0769
942,3924379875,earliest_deadline_global,2,13,11-15,0,1,0,26.50,0.0000
943,2036539184,optimized,2,5,5-10,3,1,0,41.75,0.6000
943,2036539184,nearest,2,5,5-10,3,1,0,41.75,0.6000
943,2036539184,earliest_deadline,2,5,5-10,1,1,0,41.75,0.2000
943,2036539184,optimized_global,2,5,5-10,1,1,0,32.50,0.2000
943,2036539184,nearest_global,2,5,5-10,2,1,0,32.50,0.4000
943,2036539184,earliest_deadline_global,2,5,5-10,2,1,0,41.75,0.4000
944,555495630,optimized,3,12,11-15,6,1,0,41.25,0.5000
944,555495630,nearest,3,12,11-15,6,1,0,41.25,0.5000
944,555495630,earliest_deadline,3,12,11-15,5,1,0,41.25,0.4167
944,555495630,optimized_global,3,12,11-15,4,1,0,29.50,0.3333
944,555495630,nearest_global,3,12,11-15,3,1,0,29.50,0.2500
944,555495630,earliest_deadline_global,3,12,11-15,3,1,0,37.75,0.2500
945,512035375,optimized,4,16,16-20,2,1,0,28.00,0.1250
945,512035375,nearest,4,16,16-20,2,1,0,28.00,0.1250
945,512035375,earliest_deadline,4,16,16-20,0,1,0,28.00,0.0000
945,512035375,optimized_global,4,16,16-20,2,1,0,28.00,0.1250
945,512035375,nearest_global,4,16,16-20,2,1,0,28.00,0.1250
945,512035375,earliest_deadline_global,4,16,16-20,0,1,0,28.00,0.0000
946,4180746285,optimized,2,7,5-10,3,1,0,32.00,0.4286
946,4180746285,nearest,2,7,5-10,3,1,0,32.00,0.4286
946,4180746285,earliest_deadline,2,7,5-10,2,1,0,38.75,0.2857
946,4180746285,optimized_global,2,7,5-10,3,1,0,32.00,0.4286
946,4180746285,nearest_global,2,7,5-10,3,1,0,32.00,0.4286
946,4180746285,earliest_deadline_global,2,7,5-10,2,1,0,38.75,0.2857
947,575931962,optimized,3,19,16-20,1,1,0,27.25,0.0526
947,575931962,nearest,3,19,16-20,1,1,0,27.25,0.0526
947,575931962,earliest_deadline,3,19,16-20,0,1,0,27.25,0.0000
947,575931962,optimized_global,3,19,16-20,1,1,0,27.25,0.0526
947,575931962,nearest_global,3,19,16-20,2,1,0,27.25,0.1053
947,575931962,earliest_deadline_global,3,19,16-20,0,1,0,27.25,0.0000
948,4070989845,optimized,4,9,5-10,0,1,0,28.00,0.0000
948,4070989845,nearest,4,9,5-10,0,1,0,28.00,0.0000
948,4070989845,earliest_deadline,4,9,5-10,0,1,0,28.00,0.0000
948,4070989845,optimized_global,4,9,5-10,0,1,0,28.00,0.0000
948,4070989845,nearest_global,4,9,5-10,0,1,0,28.00,0.0000
948,4070989845,earliest_deadline_global,4,9,5-10,0,1,0,28.00,0.0000
949,1194325373,optimized,5,20,16-20,4,1,0,32.75,0.2000
949,1194325373,nearest,5,20,16-20,5,1,0,32.75,0.2500
949,1194325373,earliest_deadline,5,20,16-20,3,1,0,33.50,0.1500
949,1194325373,optimized_global,5,20,16-20,6,1,0,32.75,0.3000
949,1194325373,nearest_global,5,20,16-20,5,1,0,32.75,0.2500
949,1194325373,earliest_deadline_global,5,20,16-20,3,1,0,33.75,0.1500
950,401189603,optimized,5,20,16-20,3,1,0,26.50,0.1500
950,401189603,nearest,5,20,16-20,3,1,0,26.50,0.1500
950,401189603,earliest_deadline,5,20,16-20,1,1,0,26.50,0.0500
950,401189603,optimized_global,5,20,16-20,3,1,0,26.50,0.1500
950,401189603,nearest_global,5,20,16-20,1,1,0,26.50,0.0500
950,401189603,earliest_deadline_global,5,20,16-20,0,1,0,26.50,0.0000
951,1308696307,optimized,5,11,11-15,1,1,0,27.75,0.0909
951,1308696307,nearest,5,11,11-15,1,1,0,27.75,0.0909
951,1308696307,earliest_deadline,5,11,11-15,0,1,0,27.75,0.0000
951,1308696307,optimized_global,5,11,11-15,2,1,0,27.75,0.1818
951,1308696307,nearest_global,5,11,11-15,2,1,0,27.75,0.1818
951,1308696307,earliest_deadline_global,5,11,11-15,1,1,0,27.75,0.0909
952,2640107964,optimized,4,10,5-10,0,1,0,26.25,0.0000
952,2640107964,nearest,4,10,5-10,0,1,0,26.25,0.0000
952,2640107964,earliest_deadline,4,10,5-10,0,1,0,26.25,0.0000
952,2640107964,optimized_global,4,10,5-10,2,1,0,26.25,0.2000
952,2640107964,nearest_global,4,10,5-10,1,1,0,26.25,0.1000
952,2640107964,earliest_deadline_global,4,10,5-10,0,1,0,26.25,0.0000
953,1837830307,optimized,3,13,11-15,2,1,0,30.75,0.1538
953,1837830307,nearest,3,13,11-15,3,1,0,30.75,0.2308
953,1837830307,earliest_deadline,3,13,11-15,1,1,0,30.75,0.0769
953,1837830307,optimized_global,3,13,11-15,1,1,0,30.75,0.0769
953,1837830307,nearest_global,3,13,11-15,2,1,0,30.75,0.1538
953,1837830307,earliest_deadline_global,3,13,11-15,0,1,0,30.75,0.0000
954,3374042115,optimized,3,8,5-10,2,1,0,27.50,0.2500
954,3374042115,nearest,3,8,5-10,2,1,0,27.50,0.2500
954,3374042115,earliest_deadline,3,8,5-10,0,1,0,27.50,0.0000
954,3374042115,optimized_global,3,8,5-10,3,1,0,27.50,0.3750
954,3374042115,nearest_global,3,8,5-10,2,1,0,27.50,0.2500
954,3374042115,earliest_deadline_global,3,8,5-10,0,1,0,27.50,0.0000
955,2624171531,optimized,4,8,5-10,1,1,0,30.75,0.1250
955,2624171531,nearest,4,8,5-10,1,1,0,30.75,0.1250
955,2624171531,earliest_deadline,4,8,5-10,1,1,0,30.75,0.1250
955,2624171531,optimized_global,4,8,5-10,1,1,0,30.75,0.1250
955,2624171531,nearest_global,4,8,5-10,1,1,0,30.25,0.1250
955,2624171531,earliest_deadline_global,4,8,5-10,1,1,0,30.75,0.1250
956,1721353986,optimized,2,16,16-20,0,1,0,24.25,0.0000
956,1721353986,nearest,2,16,16-20,0,1,0,24.25,0.0000
956,1721353986,earliest_deadline,2,16,16-20,0,1,0,24.25,0.0000
956,1721353986,optimized_global,2,16,16-20,1,1,0,24.25,0.0625
956,1721353986,nearest_global,2,16,16-20,1,1,0,24.25,0.0625
956,1721353986,earliest_deadline_global,2,16,16-20,0,1,0,24.25,0.0000
957,2725711303,optimized,5,13,11-15,1,1,0,26.00,0.0769
957,2725711303,nearest,5,13,11-15,1,1,0,26.00,0.0769
957,2725711303,earliest_deadline,5,13,11-15,0,1,0,26.00,0.0000
957,2725711303,optimized_global,5,13,11-15,3,1,0,26.00,0.2308
957,2725711303,nearest_global,5,13,11-15,2,1,0,26.00,0.1538
957,2725711303,earliest_deadline_global,5,13,11-15,0,1,0,26.00,0.0000
958,4172400187,optimized,2,6,5-10,2,1,0,39.50,0.3333
958,4172400187,nearest,2,6,5-10,2,1,0,39.50,0.3333
958,4172400187,earliest_deadline,2,6,5-10,2,1,0,51.25,0.3333
958,4172400187,optimized_global,2,6,5-10,3,1,0,39.50,0.5000
958,4172400187,nearest_global,2,6,5-10,3,1,0,39.50,0.5000
958,4172400187,earliest_deadline_global,2,6,5-10,3,1,0,51.25,0.5000
959,1768714331,optimized,2,7,5-10,1,1,0,26.50,0.1429
959,1768714331,nearest,2,7,5-10,1,1,0,26.50,0.1429
959,1768714331,earliest_deadline,2,7,5-10,0,1,0,26.50,0.0000
959,1768714331,optimized_global,2,7,5-10,0,1,0,26.50,0.0000
959,1768714331,nearest_global,2,7,5-10,1,1,0,26.50,0.1429
959,1768714331,earliest_deadline_global,2,7,5-10,0,1,0,26.50,0.0000
960,659035641,optimized,2,18,16-20,2,1,0,30.50,0.1111
960,659035641,nearest,2,18,16-20,2,1,0,30.50,0.1111
960,659035641,earliest_deadline,2,18,16-20,1,1,0,30.50,0.0556
960,659035641,optimized_global,2,18,16-20,2,1,0,30.50,0.1111
960,659035641,nearest_global,2,18,16-20,2,1,0,30.50,0.1111
960,659035641,earliest_deadline_global,2,18,16-20,1,1,0,30.50,0.0556
961,1755710085,optimized,5,20,16-20,1,1,0,25.25,0.0500
961,1755710085,nearest,5,20,16-20,1,1,0,25.25,0.0500
961,1755710085,earliest_deadline,5,20,16-20,0,1,0,25.25,0.0000
961,1755710085,optimized_global,5,20,16-20,2,1,0,25.25,0.1000
961,1755710085,nearest_global,5,20,16-20,0,1,0,25.25,0.0000
961,1755710085,earliest_deadline_global,5,20,16-20,0,1,0,25.25,0.0000
962,3608266187,optimized,3,12,11-15,1,1,0,25.25,0.0833
962,3608266187,nearest,3,12,11-15,1,1,0,25.25,0.0833
962,3608266187,earliest_deadline,3,12,11-15,0,1,0,25.25,0.0000
962,3608266187,optimized_global,3,12,11-15,1,1,0,25.25,0.0833
962,3608266187,nearest_global,3,12,11-15,1,1,0,25.25,0.0833
962,3608266187,earliest_deadline_global,3,12,11-15,0,1,0,25.25,0.0000
963,934707403,optimized,3,6,5-10,0,1,0,27.00,0.0000
963,934707403,nearest,3,6,5-10,0,1,0,27.00,0.0000
963,934707403,earliest_deadline,3,6,5-10,0,1,0,27.00,0.0000
963,934707403,optimized_global,3,6,5-10,2,1,0,27.00,0.3333
963,934707403,nearest_global,3,6,5-10,1,1,0,27.00,0.1667
963,934707403,earliest_deadline_global,3,6,5-10,0,1,0,27.00,0.0000
964,4076536822,optimized,3,8,5-10,0,1,0,27.25,0.0000
964,4076536822,nearest,3,8,5-10,0,1,0,27.25,0.0000
964,4076536822,earliest_deadline,3,8,5-10,0,1,0,27.25,0.0000
964,4076536822,optimized_global,3,8,5-10,0,1,0,27.25,0.0000
964,4076536822,nearest_global,3,8,5-10,1,1,0,27.25,0.1250
964,4076536822,earliest_deadline_global,3,8,5-10,0,1,0,27.25,0.0000
965,2526756095,optimized,4,12,11-15,1,1,0,28.75,0.0833
965,2526756095,nearest,4,12,11-15,1,1,0,28.75,0.0833
965,2526756095,earliest_deadline,4,12,11-15,0,1,0,28.75,0.0000
965,2526756095,optimized_global,4,12,11-15,1,1,0,28.75,0.0833
965,2526756095,nearest_global,4,12,11-15,1,1,0,28.75,0.0833
965,2526756095,earliest_deadline_global,4,12,11-15,1,1,0,28.75,0.0833
966,2583737797,optimized,3,10,5-10,3,1,0,38.75,0.3000
966,2583737797,nearest,3,10,5-10,3,1,0,38.75,0.3000
966,2583737797,earliest_deadline,3,10,5-10,2,1,0,41.25,0.2000
966,2583737797,optimized_global,3,10,5-10,3,1,0,38.75,0.3000
966,2583737797,nearest_global,3,10,5-10,3,1,0,38.75,0.3000
966,2583737797,earliest_deadline_global,3,10,5-10,2,1,0,41.25,0.2000
967,1361680344,optimized,4,10,5-10,3,1,0,29.75,0.3000
967,1361680344,nearest,4,10,5-10,3,1,0,29.75,0.3000
967,1361680344,earliest_deadline,4,10,5-10,2,1,0,30.00,0.2000
967,1361680344,optimized_global,4,10,5-10,3,1,0,29.75,0.3000
967,1361680344,nearest_global,4,10,5-10,1,1,0,29.75,0.1000
967,1361680344,earliest_deadline_global,4,10,5-10,1,1,0,29.75,0.1000
968,3953333127,optimized,5,14,11-15,4,1,0,33.00,0.2857
968,3953333127,nearest,5,14,11-15,5,1,0,33.00,0.3571
968,3953333127,earliest_deadline,5,14,11-15,2,1,0,33.00,0.1429
968,3953333127,optimized_global,5,14,11-15,4,1,0,33.00,0.2857
968,3953333127,nearest_global,5,14,11-15,4,2,0,37.00,0.2857
968,3953333127,earliest_deadline_global,5,14,11-15,2,1,0,33.00,0.1429
969,154875807,optimized,4,20,16-20,3,1,0,29.25,0.1500
969,154875807,nearest,4,20,16-20,3,1,0,29.25,0.1500
969,154875807,earliest_deadline,4,20,16-20,0,1,0,29.25,0.0000
969,154875807,optimized_global,4,20,16-20,4,1,0,29.25,0.2000
969,154875807,nearest_global,4,20,16-20,4,1,0,29.25,0.2000
969,154875807,earliest_deadline_global,4,20,16-20,0,1,0,29.25,0.0000
970,1282783521,optimized,3,10,5-10,3,1,0,30.25,0.3000
970,1282783521,nearest,3,10,5-10,2,1,0,30.25,0.2000
970,1282783521,earliest_deadline,3,10,5-10,2,1,0,35.75,0.2000
970,1282783521,optimized_global,3,10,5-10,3,1,0,30.25,0.3000
970,1282783521,nearest_global,3,10,5-10,3,1,0,30.25,0.3000
970,1282783521,earliest_deadline_global,3,10,5-10,1,1,0,30.25,0.1000
971,1797014505,optimized,4,12,11-15,1,1,0,27.00,0.0833
971,1797014505,nearest,4,12,11-15,2,1,0,27.00,0.1667
971,1797014505,earliest_deadline,4,12,11-15,0,1,0,27.00,0.0000
971,1797014505,optimized_global,4,12,11-15,2,1,0,27.00,0.1667
971,1797014505,nearest_global,4,12,11-15,2,1,0,27.00,0.1667
971,1797014505,earliest_deadline_global,4,12,11-15,0,1,0,27.00,0.0000
972,2049882338,optimized,2,19,16-20,0,1,0,23.50,0.0000
972,2049882338,nearest,2,19,16-20,0,1,0,23.50,0.0000
972,2049882338,earliest_deadline,2,19,16-20,0,1,0,23.50,0.0000
972,2049882338,optimized_global,2,19,16-20,0,1,0,23.50,0.0000
972,2049882338,nearest_global,2,19,16-20,0,1,0,23.50,0.0000
972,2049882338,earliest_deadline_global,2,19,16-20,0,1,0,23.50,0.0000
973,2036384332,optimized,4,16,16-20,3,1,0,32.50,0.1875
973,2036384332,nearest,4,16,16-20,3,1,0,32.50,0.1875
973,2036384332,earliest_deadline,4,16,16-20,1,1,0,32.50,0.0625
973,2036384332,optimized_global,4,16,16-20,4,1,0,32.50,0.2500
973,2036384332,nearest_global,4,16,16-20,5,1,0,32.50,0.3125
973,2036384332,earliest_deadline_global,4,16,16-20,1,1,0,32.50,0.0625
974,635330663,optimized,4,8,5-10,4,1,0,41.00,0.5000
974,635330663,nearest,4,8,5-10,4,1,0,41.00,0.5000
974,635330663,earliest_deadline,4,8,5-10,4,1,0,41.00,0.5000
974,635330663,optimized_global,4,8,5-10,4,1,0,33.75,0.5000
974,635330663,nearest_global,4,8,5-10,4,1,0,33.75,0.5000
974,635330663,earliest_deadline_global,4,8,5-10,4,1,0,41.00,0.5000
975,968913990,optimized,4,12,11-15,2,1,0,28.75,0.1667
975,968913990,nearest,4,12,11-15,2,1,0,28.75,0.1667
975,968913990,earliest_deadline,4,12,11-15,1,1,0,28.75,0.0833
975,968913990,optimized_global,4,12,11-15,2,1,0,28.75,0.1667
975,968913990,nearest_global,4,12,11-15,2,1,0,28.75,0.1667
975,968913990,earliest_deadline_global,4,12,11-15,1,1,0,28.75,0.0833
976,409061777,optimized,2,15,11-15,2,1,0,31.50,0.1333
976,409061777,nearest,2,15,11-15,2,1,0,31.50,0.1333
976,409061777,earliest_deadline,2,15,11-15,0,1,0,31.50,0.0000
976,409061777,optimized_global,2,15,11-15,2,1,0,31.50,0.1333
976,409061777,nearest_global,2,15,11-15,2,1,0,31.50,0.1333
976,409061777,earliest_deadline_global,2,15,11-15,0,1,0,31.50,0.0000
977,2458688100,optimized,4,17,16-20,0,1,0,25.75,0.0000
977,2458688100,nearest,4,17,16-20,0,1,0,25.75,0.0000
977,2458688100,earliest_deadline,4,17,16-20,0,1,0,25.75,0.0000
977,2458688100,optimized_global,4,17,16-20,2,1,0,25.75,0.1176
977,2458688100,nearest_global,4,17,16-20,2,1,0,25.75,0.1176
977,2458688100,earliest_deadline_global,4,17,16-20,0,1,0,25.75,0.0000
978,1506969617,optimized,2,15,11-15,1,1,0,25.25,0.0667
978,1506969617,nearest,2,15,11-15,1,1,0,25.25,0.0667
978,1506969617,earliest_deadline,2,15,11-15,0,1,0,25.25,0.0000
978,1506969617,optimized_global,2,15,11-15,1,1,0,25.25,0.0667
978,1506969617,nearest_global,2,15,11-15,1,1,0,25.25,0.0667
978,1506969617,earliest_deadline_global,2,15,11-15,0,1,0,25.25,0.0000
979,2429971808,optimized,3,9,5-10,0,1,0,24.25,0.0000
979,2429971808,nearest,3,9,5-10,0,1,0,24.25,0.0000
979,2429971808,earliest_deadline,3,9,5-10,0,1,0,24.25,0.0000
979,2429971808,optimized_global,3,9,5-10,0,1,0,24.25,0.0000
979,2429971808,nearest_global,3,9,5-10,0,1,0,24.25,0.0000
979,2429971808,earliest_deadline_global,3,9,5-10,0,1,0,24.25,0.0000
980,2532803857,optimized,2,7,5-10,2,1,0,28.75,0.2857
980,2532803857,nearest,2,7,5-10,2,1,0,28.75,0.2857
980,2532803857,earliest_deadline,2,7,5-10,0,1,0,28.75,0.0000
980,2532803857,optimized_global,2,7,5-10,2,1,0,28.75,0.2857
980,2532803857,nearest_global,2,7,5-10,2,1,0,28.75,0.2857
980,2532803857,earliest_deadline_global,2,7,5-10,0,1,0,28.75,0.0000
981,3015076408,optimized,4,5,5-10,0,1,0,29.50,0.0000
981,3015076408,nearest,4,5,5-10,0,1,0,29.50,0.0000
981,3015076408,earliest_deadline,4,5,5-10,0,1,0,29.50,0.0000
981,3015076408,optimized_global,4,5,5-10,0,1,0,29.50,0.0000
981,3015076408,nearest_global,4,5,5-10,1,1,0,29.50,0.2000
981,3015076408,earliest_deadline_global,4,5,5-10,0,1,0,29.50,0.0000
982,2349499777,optimized,2,11,11-15,1,1,0,33.25,0.0909
982,2349499777,nearest,2,11,11-15,1,1,0,33.25,0.0909
982,2349499777,earliest_deadline,2,11,11-15,0,1,0,33.25,0.0000
982,2349499777,optimized_global,2,11,11-15,1,1,0,33.25,0.0909
982,2349499777,nearest_global,2,11,11-15,1,1,0,33.25,0.0909
982,2349499777,earliest_deadline_global,2,11,11-15,0,1,0,33.25,0.0000
983,2782917539,optimized,3,18,16-20,2,1,0,31.00,0.1111
983,2782917539,nearest,3,18,16-20,2,1,0,31.00,0.1111
983,2782917539,earliest_deadline,3,18,16-20,0,1,0,31.00,0.0000
983,2782917539,optimized_global,3,18,16-20,2,1,0,31.00,0.1111
983,2782917539,nearest_global,3,18,16-20,3,1,0,31.00,0.1667
983,2782917539,earliest_deadline_global,3,18,16-20,0,1,0,31.00,0.0000
984,2521790497,optimized,3,10,5-10,1,1,0,25.00,0.1000
984,2521790497,nearest,3,10,5-10,1,1,0,25.00,0.1000
984,2521790497,earliest_deadline,3,10,5-10,0,1,0,25.00,0.0000
984,2521790497,optimized_global,3,10,5-10,1,1,0,25.00,0.1000
984,2521790497,nearest_global,3,10,5-10,0,1,0,25.00,0.0000
984,2521790497,earliest_deadline_global,3,10,5-10,0,1,0,25.00,0.0000
985,2802178639,optimized,2,16,16-20,1,1,0,27.75,0.0625
985,2802178639,nearest,2,16,16-20,1,1,0,27.75,0.0625
985,2802178639,earliest_deadline,2,16,16-20,0,1,0,27.75,0.0000
985,2802178639,optimized_global,2,16,16-20,1,1,0,27.75,0.0625
985,2802178639,nearest_global,2,16,16-20,1,1,0,27.75,0.0625
985,2802178639,earliest_deadline_global,2,16,16-20,0,1,0,27.75,0.0000
986,2648465481,optimized,2,10,5-10,1,2,0,29.25,0.1000
986,2648465481,nearest,2,10,5-10,1,2,0,29.25,0.1000
986,2648465481,earliest_deadline,2,10,5-10,1,1,0,29.25,0.1000
986,2648465481,optimized_global,2,10,5-10,2,2,0,29.25,0.2000
986,2648465481,nearest_global,2,10,5-10,2,2,0,29.25,0.2000
986,2648465481,earliest_deadline_global,2,10,5-10,2,1,0,29.25,0.2000
987,1358129439,optimized,5,18,16-20,1,1,0,27.25,0.0556
987,1358129439,nearest,5,18,16-20,1,1,0,27.25,0.0556
987,1358129439,earliest_deadline,5,18,16-20,0,1,0,27.25,0.0000
987,1358129439,optimized_global,5,18,16-20,2,1,0,27.25,0.1111
987,1358129439,nearest_global,5,18,16-20,2,1,0,27.25,0.1111
987,1358129439,earliest_deadline_global,5,18,16-20,0,1,0,27.25,0.0000
988,1057783620,optimized,5,11,11-15,2,1,0,28.00,0.1818
988,1057783620,nearest,5,11,11-15,2,1,0,28.00,0.1818
988,1057783620,earliest_deadline,5,11,11-15,0,1,0,28.00,0.0000
988,1057783620,optimized_global,5,11,11-15,3,1,0,28.00,0.2727
988,1057783620,nearest_global,5,11,11-15,1,1,0,28.00,0.0909
988,1057783620,earliest_deadline_global,5,11,11-15,1,1,0,28.00,0.0909
989,3381995640,optimized,5,5,5-10,4,1,0,49.75,0.8000
989,3381995640,nearest,5,5,5-10,4,1,0,49.75,0.8000
989,3381995640,earliest_deadline,5,5,5-10,3,1,0,43.25,0.6000
989,3381995640,optimized_global,5,5,5-10,5,0,1,39.25,1.0000
989,3381995640,nearest_global,5,5,5-10,5,0,1,36.75,1.0000
989,3381995640,earliest_deadline_global,5,5,5-10,2,1,0,40.00,0.4000
990,1471893743,optimized,4,19,16-20,0,1,0,26.00,0.0000
990,1471893743,nearest,4,19,16-20,0,1,0,26.00,0.0000
990,1471893743,earliest_deadline,4,19,16-20,0,1,0,26.00,0.0000
990,1471893743,optimized_global,4,19,16-20,1,1,0,26.00,0.0526
990,1471893743,nearest_global,4,19,16-20,2,1,0,26.00,0.1053
990,1471893743,earliest_deadline_global,4,19,16-20,0,1,0,26.00,0.0000
991,2358557167,optimized,3,7,5-10,3,1,0,36.50,0.4286
991,2358557167,nearest,3,7,5-10,3,1,0,36.50,0.4286
991,2358557167,earliest_deadline,3,7,5-10,3,1,0,40.25,0.4286
991,2358557167,optimized_global,3,7,5-10,3,1,0,36.50,0.4286
991,2358557167,nearest_global,3,7,5-10,2,1,0,36.50,0.2857
991,2358557167,earliest_deadline_global,3,7,5-10,2,1,0,40.25,0.2857
992,845992935,optimized,2,11,11-15,2,1,0,28.25,0.1818
992,845992935,nearest,2,11,11-15,2,1,0,28.25,0.1818
992,845992935,earliest_deadline,2,11,11-15,0,1,0,28.25,0.0000
992,845992935,optimized_global,2,11,11-15,2,1,0,28.25,0.1818
992,845992935,nearest_global,2,11,11-15,2,1,0,28.25,0.1818
992,845992935,earliest_deadline_global,2,11,11-15,0,1,0,28.25,0.0000
993,1852927038,optimized,5,15,11-15,0,1,0,25.00,0.0000
993,1852927038,nearest,5,15,11-15,0,1,0,25.00,0.0000
993,1852927038,earliest_deadline,5,15,11-15,0,1,0,25.00,0.0000
993,1852927038,optimized_global,5,15,11-15,1,1,0,25.00,0.0667
993,1852927038,nearest_global,5,15,11-15,1,1,0,25.00,0.0667
993,1852927038,earliest_deadline_global,5,15,11-15,0,1,0,25.00,0.0000
994,2274888219,optimized,3,12,11-15,2,1,0,33.50,0.1667
994,2274888219,nearest,3,12,11-15,2,1,0,33.50,0.1667
994,2274888219,earliest_deadline,3,12,11-15,1,1,0,33.50,0.0833
994,2274888219,optimized_global,3,12,11-15,3,1,0,33.50,0.2500
994,2274888219,nearest_global,3,12,11-15,3,1,0,33.50,0.2500
994,2274888219,earliest_deadline_global,3,12,11-15,1,1,0,33.50,0.0833
995,2688703131,optimized,3,19,16-20,1,1,0,25.25,0.0526
995,2688703131,nearest,3,19,16-20,1,1,0,25.25,0.0526
995,2688703131,earliest_deadline,3,19,16-20,0,1,0,25.25,0.0000
995,2688703131,optimized_global,3,19,16-20,0,1,0,25.25,0.0000
995,2688703131,nearest_global,3,19,16-20,1,1,0,25.25,0.0526
995,2688703131,earliest_deadline_global,3,19,16-20,0,1,0,25.25,0.0000
996,2260770550,optimized,5,5,5-10,0,1,0,28.75,0.0000
996,2260770550,nearest,5,5,5-10,0,1,0,28.75,0.0000
996,2260770550,earliest_deadline,5,5,5-10,0,1,0,28.75,0.0000
996,2260770550,optimized_global,5,5,5-10,0,1,0,28.75,0.0000
996,2260770550,nearest_global,5,5,5-10,0,1,0,28.75,0.0000
996,2260770550,earliest_deadline_global,5,5,5-10,0,1,0,28.75,0.0000
997,1549011455,optimized,4,17,16-20,3,1,0,30.75,0.1765
997,1549011455,nearest,4,17,16-20,3,1,0,30.75,0.1765
997,1549011455,earliest_deadline,4,17,16-20,1,1,0,30.75,0.0588
997,1549011455,optimized_global,4,17,16-20,4,1,0,30.75,0.2353
997,1549011455,nearest_global,4,17,16-20,4,1,0,30.75,0.2353
997,1549011455,earliest_deadline_global,4,17,16-20,1,1,0,30.75,0.0588
998,4130776271,optimized,2,11,11-15,2,1,0,34.75,0.1818
998,4130776271,nearest,2,11,11-15,1,1,0,34.75,0.0909
998,4130776271,earliest_deadline,2,11,11-15,2,1,0,40.00,0.1818
998,4130776271,optimized_global,2,11,11-15,3,1,0,40.00,0.2727
998,4130776271,nearest_global,2,11,11-15,3,1,0,35.25,0.2727
998,4130776271,earliest_deadline_global,2,11,11-15,2,1,0,40.00,0.1818
999,2202198285,optimized,4,19,16-20,2,1,0,25.50,0.1053
999,2202198285,nearest,4,19,16-20,1,1,0,25.50,0.0526
999,2202198285,earliest_deadline,4,19,16-20,0,1,0,25.50,0.0000
999,2202198285,optimized_global,4,19,16-20,2,1,0,25.50,0.1053
999,2202198285,nearest_global,4,19,16-20,1,1,0,25.50,0.0526
999,2202198285,earliest_deadline_global,4,19,16-20,0,1,0,25.50,0.0000
